[{"head": "12 lead electrocardiography", "relation": "is_a", "tail": "electrocardiography"}, {"head": "Barnes circular maze test", "relation": "is_a", "tail": "movement/behavior test maze method"}, {"head": "Blood parathyroid hormone analysis", "relation": "is_a", "tail": "blood hormone analysis"}, {"head": "Bradford protein assay", "relation": "is_a", "tail": "protein analysis by liquid phase colorimetry with spectrophotometric readout"}, {"head": "CM-5 lead electrocardiography", "relation": "is_a", "tail": "electrocardiography"}, {"head": "Clark-type oxygen electrode method", "relation": "is_a", "tail": "electroanalytical method"}, {"head": "Colin STBP-780 automated blood pressure monitor", "relation": "is_a", "tail": "oscillometric sphygmomanometer"}, {"head": "Coulter Multisizer automated cell/particle size/count analysis method", "relation": "is_a", "tail": "Coulter counter cell/particle size/count analysis method"}, {"head": "Coulter counter cell/particle size/count analysis method", "relation": "is_a", "tail": "automated cell/particle size/count analysis method"}, {"head": "Detecto balance beam scale", "relation": "is_a", "tail": "balance beam platform medical scale"}, {"head": "Dinamap 1846 SX/P blood pressure monitor", "relation": "is_a", "tail": "oscillometric sphygmomanometer"}, {"head": "Fura-2 intracellular calcium assay", "relation": "is_a", "tail": "fluorescent intracellular calcium assay"}, {"head": "Fura-2 intracellular calcium assay", "relation": "is_a", "tail": "fluorometry"}, {"head": "Grafco fiberglass anthropometric tape", "relation": "is_a", "tail": "anthropometric tape"}, {"head": "HP Sonos 5500 echo ultrasound", "relation": "is_a", "tail": "transthoracic echocardiography"}, {"head": "Harpenden skin fold caliper", "relation": "is_a", "tail": "dial skin fold caliper method"}, {"head": "Hawksley random zero sphygomomanometer", "relation": "is_a", "tail": "random zero sphygmomanometer"}, {"head": "Health-O-Meter balance beam Scale", "relation": "is_a", "tail": "balance beam platform medical scale"}, {"head": "Kaplan-Meier estimate", "relation": "is_a", "tail": "computational method"}, {"head": "Lafayette small anthropometer method", "relation": "is_a", "tail": "body measuring method"}, {"head": "Lange skin fold caliper", "relation": "is_a", "tail": "dial skin fold caliper method"}, {"head": "Lowry protein assay", "relation": "is_a", "tail": "protein analysis by liquid phase colorimetry with spectrophotometric readout"}, {"head": "Morris water maze method", "relation": "is_a", "tail": "movement/behavior test maze method"}, {"head": "Northern blot assay", "relation": "is_a", "tail": "gel electrophoresis"}, {"head": "Northern blot assay", "relation": "is_a", "tail": "transcript expression assay"}, {"head": "Ouchterlony double immunodiffusion assay", "relation": "is_a", "tail": "immunodiffusion assay"}, {"head": "Plasma parathyroid hormone analysis", "relation": "is_a", "tail": "Blood parathyroid hormone analysis"}, {"head": "RNA-seq assay", "relation": "is_a", "tail": "high throughput expression assay"}, {"head": "RNA-seq assay", "relation": "is_a", "tail": "transcript expression assay"}, {"head": "Richter feeding tube", "relation": "is_a", "tail": "ex vivo volume measurement method"}, {"head": "SHIRPA test", "relation": "is_a", "tail": "movement/behavior test enclosure method"}, {"head": "Seritex stadiometer", "relation": "is_a", "tail": "mechanical stadiometer"}, {"head": "Serum parathyroid hormone analysis", "relation": "is_a", "tail": "Blood parathyroid hormone analysis"}, {"head": "Shimadzu electronic balance post excision weight measurement", "relation": "is_a", "tail": "post excision weight measurement"}, {"head": "Southern blot", "relation": "is_a", "tail": "gel electrophoresis"}, {"head": "Urine aldosterone analysis", "relation": "is_a", "tail": "urine analysis"}, {"head": "V-shaped trough test", "relation": "is_a", "tail": "body movement/behavior method"}, {"head": "absorptiometry", "relation": "is_a", "tail": "in vivo radiography"}, {"head": "active avoidance test using two way shuttlebox apparatus", "relation": "is_a", "tail": "two way shuttlebox apparatus method"}, {"head": "activity monitoring apparatus method", "relation": "is_a", "tail": "movement/behavior test enclosure method"}, {"head": "adult cuff Colin STBP-780 automated blood pressure monitor", "relation": "is_a", "tail": "Colin STBP-780 automated blood pressure monitor"}, {"head": "adult cuff Dinamap 1846 SX/P blood pressure monitor", "relation": "is_a", "tail": "Dinamap 1846 SX/P blood pressure monitor"}, {"head": "adult cuff Hawksley random zero sphygomomanometer", "relation": "is_a", "tail": "Hawksley random zero sphygomomanometer"}, {"head": "adult cuff auscultatory sphygmomanometer", "relation": "is_a", "tail": "auscultatory sphygmomanometer"}, {"head": "aggregometry", "relation": "is_a", "tail": "ex vivo blood analysis"}, {"head": "air displacement plethysmography", "relation": "is_a", "tail": "plethysmography"}, {"head": "anion-exchange chromatography", "relation": "is_a", "tail": "liquid column chromatography"}, {"head": "anthropometric tape", "relation": "is_a", "tail": "body measuring method"}, {"head": "applanation tonometry", "relation": "is_a", "tail": "tonometry"}, {"head": "arm(s) of elevated plus maze apparatus", "relation": "is_a", "tail": "elevated plus maze apparatus method"}, {"head": "arterial puncture", "relation": "is_a", "tail": "blood draw method"}, {"head": "atomic absorption spectrometry", "relation": "is_a", "tail": "atomic spectrometry"}, {"head": "atomic emission spectrometry", "relation": "is_a", "tail": "atomic spectrometry"}, {"head": "atomic emission spectrometry", "relation": "is_a", "tail": "ex vivo analysis of atomic composition"}, {"head": "atomic spectrometry", "relation": "is_a", "tail": "spectrometry"}, {"head": "audiometry", "relation": "is_a", "tail": "in vivo method"}, {"head": "auscultatory sphygmomanometer", "relation": "is_a", "tail": "sphygmomanometry"}, {"head": "automated blood albumin analysis", "relation": "is_a", "tail": "automated blood protein analysis"}, {"head": "automated blood analysis", "relation": "is_a", "tail": "ex vivo blood analysis"}, {"head": "automated blood cell counting method", "relation": "is_a", "tail": "automated hematology analysis"}, {"head": "automated blood cell counting method", "relation": "is_a", "tail": "blood cell counting method"}, {"head": "automated blood creatinine analysis", "relation": "is_a", "tail": "automated blood analysis"}, {"head": "automated blood creatinine analysis", "relation": "is_a", "tail": "blood creatinine analysis"}, {"head": "automated blood electrolyte analysis", "relation": "is_a", "tail": "automated blood analysis"}, {"head": "automated blood gas analysis", "relation": "is_a", "tail": "automated blood analysis"}, {"head": "automated blood gas analysis using a Bayer analyzer", "relation": "is_a", "tail": "automated blood gas analysis"}, {"head": "automated blood protein analysis", "relation": "is_a", "tail": "automated blood analysis"}, {"head": "automated blood total protein analysis", "relation": "is_a", "tail": "automated blood protein analysis"}, {"head": "automated bromocresol green-based plasma albumin analysis with spectrophotometric readout", "relation": "is_a", "tail": "automated plasma albumin analysis"}, {"head": "automated bromocresol green-based plasma albumin analysis with spectrophotometric readout", "relation": "is_a", "tail": "protein analysis by liquid phase colorimetry with spectrophotometric readout"}, {"head": "automated cell/particle size/count analysis method", "relation": "is_a", "tail": "isolated cell counting method"}, {"head": "automated cell/particle size/count analysis method", "relation": "is_a", "tail": "isolated cell volume measurement method"}, {"head": "automated chemiluminescent-based plasma low-density lipoprotein-cholesterol analysis", "relation": "is_a", "tail": "automated plasma low-density lipoprotein-cholesterol analysis"}, {"head": "automated chemiluminescent-based plasma total cholesterol analysis", "relation": "is_a", "tail": "automated plasma total cholesterol analysis"}, {"head": "automated coagulometer method", "relation": "is_a", "tail": "automated hematology analysis"}, {"head": "automated differential white blood cell count test", "relation": "is_a", "tail": "automated blood cell counting method"}, {"head": "automated hematology analysis", "relation": "is_a", "tail": "automated blood analysis"}, {"head": "automated plasma albumin analysis", "relation": "is_a", "tail": "automated blood albumin analysis"}, {"head": "automated plasma albumin analysis", "relation": "is_a", "tail": "automated plasma protein analysis"}, {"head": "automated plasma analysis", "relation": "is_a", "tail": "automated blood analysis"}, {"head": "automated plasma analysis using Beckman analyzer", "relation": "is_a", "tail": "automated plasma analysis"}, {"head": "automated plasma creatinine analysis", "relation": "is_a", "tail": "automated blood creatinine analysis"}, {"head": "automated plasma creatinine analysis", "relation": "is_a", "tail": "automated plasma analysis"}, {"head": "automated plasma creatinine analysis", "relation": "is_a", "tail": "plasma creatinine analysis"}, {"head": "automated plasma low-density lipoprotein-cholesterol analysis", "relation": "is_a", "tail": "automated plasma analysis"}, {"head": "automated plasma low-density lipoprotein-cholesterol analysis", "relation": "is_a", "tail": "plasma low-density lipoprotein-cholesterol measurement test"}, {"head": "automated plasma protein analysis", "relation": "is_a", "tail": "automated blood protein analysis"}, {"head": "automated plasma protein analysis", "relation": "is_a", "tail": "automated plasma analysis"}, {"head": "automated plasma total cholesterol analysis", "relation": "is_a", "tail": "automated plasma analysis"}, {"head": "automated plasma total cholesterol analysis", "relation": "is_a", "tail": "plasma total cholesterol measurement test"}, {"head": "automated plasma total protein analysis", "relation": "is_a", "tail": "automated blood total protein analysis"}, {"head": "automated plasma total protein analysis", "relation": "is_a", "tail": "automated plasma protein analysis"}, {"head": "automated platelet count test", "relation": "is_a", "tail": "automated blood cell counting method"}, {"head": "automated serum albumin analysis", "relation": "is_a", "tail": "automated blood albumin analysis"}, {"head": "automated serum albumin analysis", "relation": "is_a", "tail": "automated serum protein analysis"}, {"head": "automated serum analysis", "relation": "is_a", "tail": "automated blood analysis"}, {"head": "automated serum bicarbonate test", "relation": "is_a", "tail": "automated serum electrolyte analysis"}, {"head": "automated serum chloride test", "relation": "is_a", "tail": "automated serum electrolyte analysis"}, {"head": "automated serum creatinine analysis", "relation": "is_a", "tail": "automated blood creatinine analysis"}, {"head": "automated serum creatinine analysis", "relation": "is_a", "tail": "automated serum analysis"}, {"head": "automated serum creatinine analysis", "relation": "is_a", "tail": "serum creatinine analysis"}, {"head": "automated serum electrolyte analysis", "relation": "is_a", "tail": "automated blood electrolyte analysis"}, {"head": "automated serum electrolyte analysis", "relation": "is_a", "tail": "automated serum analysis"}, {"head": "automated serum ionized calcium test", "relation": "is_a", "tail": "automated serum electrolyte analysis"}, {"head": "automated serum magnesium test", "relation": "is_a", "tail": "automated serum electrolyte analysis"}, {"head": "automated serum non-ionized calcium test", "relation": "is_a", "tail": "automated serum electrolyte analysis"}, {"head": "automated serum phosphate test", "relation": "is_a", "tail": "automated serum electrolyte analysis"}, {"head": "automated serum potassium test", "relation": "is_a", "tail": "automated serum electrolyte analysis"}, {"head": "automated serum protein analysis", "relation": "is_a", "tail": "automated blood protein analysis"}, {"head": "automated serum protein analysis", "relation": "is_a", "tail": "automated serum analysis"}, {"head": "automated serum sodium test", "relation": "is_a", "tail": "automated serum electrolyte analysis"}, {"head": "automated serum total protein analysis", "relation": "is_a", "tail": "automated blood total protein analysis"}, {"head": "automated serum total protein analysis", "relation": "is_a", "tail": "automated serum protein analysis"}, {"head": "automated standard complete blood count (CBC) test", "relation": "is_a", "tail": "automated blood cell counting method"}, {"head": "automated total white blood cell count test", "relation": "is_a", "tail": "automated blood cell counting method"}, {"head": "automated urine albumin analysis", "relation": "is_a", "tail": "automated urine protein analysis"}, {"head": "automated urine albumin analysis", "relation": "is_a", "tail": "urine albumin analysis"}, {"head": "automated urine analysis", "relation": "is_a", "tail": "urine analysis"}, {"head": "automated urine protein analysis", "relation": "is_a", "tail": "automated urine analysis"}, {"head": "automated urine protein analysis", "relation": "is_a", "tail": "urine protein analysis"}, {"head": "automated urine sodium analysis", "relation": "is_a", "tail": "automated urine analysis"}, {"head": "automated urine sodium analysis", "relation": "is_a", "tail": "urine sodium analysis"}, {"head": "automated urine total protein analysis", "relation": "is_a", "tail": "automated urine protein analysis"}, {"head": "automated urine total protein analysis", "relation": "is_a", "tail": "urine total protein analysis"}, {"head": "autopsy", "relation": "is_a", "tail": "measurement method"}, {"head": "baby weighing scale", "relation": "is_a", "tail": "scale"}, {"head": "balance beam platform medical scale", "relation": "is_a", "tail": "scale"}, {"head": "balance, coordination or strength assessment method", "relation": "is_a", "tail": "body movement/behavior method"}, {"head": "balloon tipped catheter in isolated perfused heartr", "relation": "is_a", "tail": "isolated perfused heart method"}, {"head": "balloon tipped catheter with pressure transducer in isolated perfused heart", "relation": "is_a", "tail": "balloon tipped catheter in isolated perfused heartr"}, {"head": "beam type baby weighing scale", "relation": "is_a", "tail": "baby weighing scale"}, {"head": "bicinchoninic acid protein assay", "relation": "is_a", "tail": "protein analysis by liquid phase colorimetry with spectrophotometric readout"}, {"head": "bioassay", "relation": "is_a", "tail": "ex vivo method"}, {"head": "bioimpedance method", "relation": "is_a", "tail": "in vivo method"}, {"head": "blood &#945;-N-acetylgalactosaminidase activity assay", "relation": "is_a", "tail": "blood enzyme activity assay"}, {"head": "blood aldosterone analysis", "relation": "is_a", "tail": "blood hormone analysis"}, {"head": "blood campesterol measurement test", "relation": "is_a", "tail": "blood phytosterol analysis"}, {"head": "blood cell counting method", "relation": "is_a", "tail": "ex vivo blood analysis"}, {"head": "blood cholesterol analysis", "relation": "is_a", "tail": "blood sterol analysis"}, {"head": "blood creatinine analysis", "relation": "is_a", "tail": "ex vivo blood analysis"}, {"head": "blood cytokine analysis", "relation": "is_a", "tail": "blood protein analysis"}, {"head": "blood differential lipoprotein-cholesterol analysis", "relation": "is_a", "tail": "blood cholesterol analysis"}, {"head": "blood differential lipoprotein-cholesterol analysis", "relation": "is_a", "tail": "blood lipoprotein analysis"}, {"head": "blood differential lipoprotein-phospholipid analysis", "relation": "is_a", "tail": "blood lipoprotein analysis"}, {"head": "blood differential lipoprotein-phospholipid analysis", "relation": "is_a", "tail": "blood phospholipid analysis"}, {"head": "blood draw method", "relation": "is_a", "tail": "body fluid collection method"}, {"head": "blood enzyme activity assay", "relation": "is_a", "tail": "ex vivo blood analysis"}, {"head": "blood free fatty acid analysis", "relation": "is_a", "tail": "blood lipid analysis"}, {"head": "blood glucose analysis", "relation": "is_a", "tail": "ex vivo blood analysis"}, {"head": "blood glucose test strip", "relation": "is_a", "tail": "blood glucose analysis"}, {"head": "blood hemoglobin analysis", "relation": "is_a", "tail": "ex vivo blood analysis"}, {"head": "blood high-density lipoprotein phospholipid measurement test", "relation": "is_a", "tail": "blood differential lipoprotein-phospholipid analysis"}, {"head": "blood high-density lipoprotein-cholesterol measurement test", "relation": "is_a", "tail": "blood differential lipoprotein-cholesterol analysis"}, {"head": "blood hormone analysis", "relation": "is_a", "tail": "ex vivo blood analysis"}, {"head": "blood insulin analysis", "relation": "is_a", "tail": "blood hormone analysis"}, {"head": "blood intermediate-density lipoprotein cholesterol measurement test", "relation": "is_a", "tail": "blood differential lipoprotein-cholesterol analysis"}, {"head": "blood intermediate-density lipoprotein phospholipid measurement test", "relation": "is_a", "tail": "blood differential lipoprotein-phospholipid analysis"}, {"head": "blood lipid analysis", "relation": "is_a", "tail": "ex vivo blood analysis"}, {"head": "blood lipoprotein analysis", "relation": "is_a", "tail": "blood lipid analysis"}, {"head": "blood lipoprotein analysis", "relation": "is_a", "tail": "blood protein analysis"}, {"head": "blood low-density lipoprotein phospholipid measurement test", "relation": "is_a", "tail": "blood differential lipoprotein-phospholipid analysis"}, {"head": "blood low-density lipoprotein-cholesterol measurement test", "relation": "is_a", "tail": "blood differential lipoprotein-cholesterol analysis"}, {"head": "blood nitrite analysis", "relation": "is_a", "tail": "ex vivo blood analysis"}, {"head": "blood nitrite analysis using the Griess reaction", "relation": "is_a", "tail": "blood nitrite analysis"}, {"head": "blood nitrite analysis using the Griess reaction", "relation": "is_a", "tail": "nitrite analysis using the Griess reaction"}, {"head": "blood pH analysis", "relation": "is_a", "tail": "ex vivo blood analysis"}, {"head": "blood parathyroid hormone analysis", "relation": "is_a", "tail": "blood hormone analysis"}, {"head": "blood phospholipid analysis", "relation": "is_a", "tail": "blood lipid analysis"}, {"head": "blood phytosterol analysis", "relation": "is_a", "tail": "blood sterol analysis"}, {"head": "blood protein analysis", "relation": "is_a", "tail": "ex vivo blood analysis"}, {"head": "blood renin activity assay", "relation": "is_a", "tail": "blood enzyme activity assay"}, {"head": "blood sitosterol measurement test", "relation": "is_a", "tail": "blood phytosterol analysis"}, {"head": "blood sterol analysis", "relation": "is_a", "tail": "blood lipid analysis"}, {"head": "blood total cholesterol measurement test", "relation": "is_a", "tail": "blood cholesterol analysis"}, {"head": "blood total phospholipid measurement test", "relation": "is_a", "tail": "blood phospholipid analysis"}, {"head": "blood total protein analysis", "relation": "is_a", "tail": "blood protein analysis"}, {"head": "blood triglyceride analysis", "relation": "is_a", "tail": "blood lipid analysis"}, {"head": "blood urea analysis", "relation": "is_a", "tail": "ex vivo blood analysis"}, {"head": "blood urea nitrogen analysis", "relation": "is_a", "tail": "ex vivo blood analysis"}, {"head": "blood uric acid analysis", "relation": "is_a", "tail": "ex vivo blood analysis"}, {"head": "blood very low-density lipoprotein phospholipid measurement test", "relation": "is_a", "tail": "blood differential lipoprotein-phospholipid analysis"}, {"head": "blood very low-density lipoprotein-cholesterol measurement test", "relation": "is_a", "tail": "blood differential lipoprotein-cholesterol analysis"}, {"head": "body fluid collection method", "relation": "is_a", "tail": "in vivo method"}, {"head": "body length measuring method", "relation": "is_a", "tail": "body measuring method"}, {"head": "body measuring method", "relation": "is_a", "tail": "in vivo method"}, {"head": "body movement/behavior method", "relation": "is_a", "tail": "in vivo method"}, {"head": "body weighing method", "relation": "is_a", "tail": "body measuring method"}, {"head": "bone compression test", "relation": "is_a", "tail": "isolated bone method"}, {"head": "bone four-point bending test", "relation": "is_a", "tail": "isolated bone method"}, {"head": "bone material fatigue test", "relation": "is_a", "tail": "isolated body part material fatigue test"}, {"head": "bone material fatigue test", "relation": "is_a", "tail": "isolated bone method"}, {"head": "bone three-point bending test", "relation": "is_a", "tail": "isolated bone method"}, {"head": "bone torsion test", "relation": "is_a", "tail": "isolated bone method"}, {"head": "bromocresol green-based urine albumin analysis with spectrophotometric readout", "relation": "is_a", "tail": "protein analysis by liquid phase colorimetry with spectrophotometric readout"}, {"head": "bromocresol green-based urine albumin analysis with spectrophotometric readout", "relation": "is_a", "tail": "urine albumin analysis"}, {"head": "bromocresol green-based urine albumin analysis with spectrophotometric readout", "relation": "is_a", "tail": "urine protein colorimetric analysis"}, {"head": "bronchoalveolar lavage", "relation": "is_a", "tail": "body fluid collection method"}, {"head": "cDNA clone-based transcript expression assay", "relation": "is_a", "tail": "transcript expression assay"}, {"head": "calibrated Mohr pipette method", "relation": "is_a", "tail": "pipette method"}, {"head": "cell fractionation", "relation": "is_a", "tail": "isolated cell method"}, {"head": "cell proliferation assay", "relation": "is_a", "tail": "isolated cell method"}, {"head": "cell proliferation bioassay", "relation": "is_a", "tail": "cell-based bioassay"}, {"head": "cell-based bioassay", "relation": "is_a", "tail": "bioassay"}, {"head": "cell-based biologic assay", "relation": "is_a", "tail": "isolated cell method"}, {"head": "cell-based electrophysiological assay", "relation": "is_a", "tail": "cell-based biologic assay"}, {"head": "center of elevated plus maze apparatus", "relation": "is_a", "tail": "elevated plus maze apparatus method"}, {"head": "center of open field apparatus", "relation": "is_a", "tail": "open field apparatus method"}, {"head": "child cuff Colin STBP-780 automated blood pressure monitor", "relation": "is_a", "tail": "Colin STBP-780 automated blood pressure monitor"}, {"head": "child cuff Dinamap 1846 SX/P blood pressure monitor", "relation": "is_a", "tail": "Dinamap 1846 SX/P blood pressure monitor"}, {"head": "child cuff Hawksley random zero sphygomomanometer", "relation": "is_a", "tail": "Hawksley random zero sphygomomanometer"}, {"head": "child cuff auscultatory sphygmomanometer", "relation": "is_a", "tail": "auscultatory sphygmomanometer"}, {"head": "chloride ion-selective electrode method", "relation": "is_a", "tail": "ion-selective electrode method"}, {"head": "chromatin immunoprecipitation", "relation": "is_a", "tail": "immunoprecipitation"}, {"head": "chromatography", "relation": "is_a", "tail": "molecular separation method"}, {"head": "co-immunoprecipitation", "relation": "is_a", "tail": "immunoprecipitation"}, {"head": "colorimetry", "relation": "is_a", "tail": "ex vivo method"}, {"head": "column chromatography", "relation": "is_a", "tail": "chromatography"}, {"head": "comprehensive metabolic panel", "relation": "is_a", "tail": "ex vivo blood analysis"}, {"head": "computational method", "relation": "is_a", "tail": "measurement method"}, {"head": "computed tomography", "relation": "is_a", "tail": "tomography"}, {"head": "computer-aided tensile strength and compression test", "relation": "is_a", "tail": "isolated bone method"}, {"head": "conditioned placed preference test", "relation": "is_a", "tail": "movement/behavior test enclosure method"}, {"head": "confocal microscopy", "relation": "is_a", "tail": "ex vivo light microscopy"}, {"head": "consumption measuring method", "relation": "is_a", "tail": "in vivo method"}, {"head": "contextual fear conditioning test", "relation": "is_a", "tail": "fear conditioning test"}, {"head": "continuous flow air displacement plethysmography", "relation": "is_a", "tail": "air displacement plethysmography"}, {"head": "continuous wave doppler ultrasound", "relation": "is_a", "tail": "doppler ultrasound"}, {"head": "corner of open field apparatus", "relation": "is_a", "tail": "open field apparatus method"}, {"head": "creatinine analysis by Jaffe reaction with spectrophotometric readout", "relation": "is_a", "tail": "creatinine analysis by liquid phase colorimetry with spectrophotometric readout"}, {"head": "creatinine analysis by liquid phase colorimetry", "relation": "is_a", "tail": "liquid phase colorimetry"}, {"head": "creatinine analysis by liquid phase colorimetry with spectrophotometric readout", "relation": "is_a", "tail": "creatinine analysis by liquid phase colorimetry"}, {"head": "creatinine analysis by liquid phase colorimetry with spectrophotometric readout", "relation": "is_a", "tail": "spectrophotometry"}, {"head": "cued fear conditioning test", "relation": "is_a", "tail": "fear conditioning test"}, {"head": "defensive burying test", "relation": "is_a", "tail": "movement/behavior test enclosure method"}, {"head": "dial skin fold caliper method", "relation": "is_a", "tail": "skin fold caliper method"}, {"head": "digital column scale", "relation": "is_a", "tail": "whole body digital scale"}, {"head": "digital oral thermometry", "relation": "is_a", "tail": "in vivo thermometry"}, {"head": "digital rectal thermometry", "relation": "is_a", "tail": "in vivo thermometry"}, {"head": "digital scale post excision weight measurement", "relation": "is_a", "tail": "post excision weight measurement"}, {"head": "digital skin fold caliper method", "relation": "is_a", "tail": "skin fold caliper method"}, {"head": "digital stadiometer", "relation": "is_a", "tail": "height scale"}, {"head": "direct ophthalmoscopy", "relation": "is_a", "tail": "ophthalmoscopy"}, {"head": "doppler ultrasound", "relation": "is_a", "tail": "ultrasound method"}, {"head": "drink intake measuring method", "relation": "is_a", "tail": "consumption measuring method"}, {"head": "dual photon absorptiometry", "relation": "is_a", "tail": "absorptiometry"}, {"head": "dual-energy x-ray absorptiometry", "relation": "is_a", "tail": "absorptiometry"}, {"head": "dynamic contour tonometry", "relation": "is_a", "tail": "tonometry"}, {"head": "dynamometry", "relation": "is_a", "tail": "in vivo method"}, {"head": "echocardiography", "relation": "is_a", "tail": "ultrasound method"}, {"head": "electrical potential recording method", "relation": "is_a", "tail": "in vivo method"}, {"head": "electro-chemical glucometer", "relation": "is_a", "tail": "blood glucose analysis"}, {"head": "electroanalytical method", "relation": "is_a", "tail": "ex vivo method"}, {"head": "electrocardiography", "relation": "is_a", "tail": "electrical potential recording method"}, {"head": "electroconvulsive threshold test", "relation": "is_a", "tail": "in vivo method"}, {"head": "electroencephalography (EEG)", "relation": "is_a", "tail": "electrical potential recording method"}, {"head": "electromagnetic flowmetry", "relation": "is_a", "tail": "flowmetry"}, {"head": "electron radiography", "relation": "is_a", "tail": "in vivo radiography"}, {"head": "electrophoresis", "relation": "is_a", "tail": "molecular separation method"}, {"head": "electroretinography", "relation": "is_a", "tail": "in vivo method"}, {"head": "elevated T-maze apparatus method", "relation": "is_a", "tail": "movement/behavior test maze method"}, {"head": "elevated Y-maze apparatus method", "relation": "is_a", "tail": "movement/behavior test maze method"}, {"head": "elevated plus maze apparatus method", "relation": "is_a", "tail": "movement/behavior test maze method"}, {"head": "elevated zero maze apparatus method", "relation": "is_a", "tail": "movement/behavior test maze method"}, {"head": "encephalography", "relation": "is_a", "tail": "in vivo radiography"}, {"head": "enclosed arm of elevated T-maze apparatus", "relation": "is_a", "tail": "elevated T-maze apparatus method"}, {"head": "enclosed arm of elevated plus maze apparatus", "relation": "is_a", "tail": "arm(s) of elevated plus maze apparatus"}, {"head": "enclosed section of elevated zero maze apparatus", "relation": "is_a", "tail": "elevated zero maze apparatus method"}, {"head": "endurance swim test", "relation": "is_a", "tail": "forced swim test"}, {"head": "enzymatic cholesterol assay", "relation": "is_a", "tail": "enzymatic lipid assay"}, {"head": "enzymatic lipid assay", "relation": "is_a", "tail": "enzymatic method"}, {"head": "enzymatic method", "relation": "is_a", "tail": "ex vivo method"}, {"head": "enzymatic microassay", "relation": "is_a", "tail": "enzymatic method"}, {"head": "enzymatic triglyceride assay", "relation": "is_a", "tail": "enzymatic lipid assay"}, {"head": "enzyme activity assay", "relation": "is_a", "tail": "ex vivo method"}, {"head": "enzyme linked immunosorbent assay (ELISA)", "relation": "is_a", "tail": "enzymatic method"}, {"head": "enzyme linked immunosorbent assay (ELISA)", "relation": "is_a", "tail": "immunoassay"}, {"head": "enzyme-linked immunosorbent spot assay", "relation": "is_a", "tail": "enzyme linked immunosorbent assay (ELISA)"}, {"head": "evoked response audiometry", "relation": "is_a", "tail": "audiometry"}, {"head": "ex vivo analysis of atomic composition", "relation": "is_a", "tail": "ex vivo method"}, {"head": "ex vivo analysis of atomic composition following dry ashing", "relation": "is_a", "tail": "ex vivo analysis of atomic composition"}, {"head": "ex vivo biological fluid analysis", "relation": "is_a", "tail": "ex vivo method"}, {"head": "ex vivo blood analysis", "relation": "is_a", "tail": "ex vivo biological fluid analysis"}, {"head": "ex vivo caliper method", "relation": "is_a", "tail": "ex vivo linear measurement method"}, {"head": "ex vivo dial caliper method", "relation": "is_a", "tail": "ex vivo slide caliper method"}, {"head": "ex vivo digital caliper method", "relation": "is_a", "tail": "ex vivo slide caliper method"}, {"head": "ex vivo electron microscopy", "relation": "is_a", "tail": "ex vivo microscopy"}, {"head": "ex vivo electron microscopy with digital image analysis", "relation": "is_a", "tail": "ex vivo electron microscopy"}, {"head": "ex vivo electron microscopy with digital image analysis", "relation": "is_a", "tail": "ex vivo microscopy with digital image analysis"}, {"head": "ex vivo light microscopy", "relation": "is_a", "tail": "ex vivo microscopy"}, {"head": "ex vivo light microscopy with digital image analysis", "relation": "is_a", "tail": "ex vivo light microscopy"}, {"head": "ex vivo light microscopy with digital image analysis", "relation": "is_a", "tail": "ex vivo microscopy with digital image analysis"}, {"head": "ex vivo light microscopy with histochemistry", "relation": "is_a", "tail": "ex vivo light microscopy"}, {"head": "ex vivo light microscopy with histochemistry", "relation": "is_a", "tail": "histochemistry"}, {"head": "ex vivo light microscopy with histochemistry and digital image analysis", "relation": "is_a", "tail": "ex vivo light microscopy with digital image analysis"}, {"head": "ex vivo light microscopy with histochemistry and digital image analysis", "relation": "is_a", "tail": "ex vivo light microscopy with histochemistry"}, {"head": "ex vivo light microscopy with immunohistochemistry", "relation": "is_a", "tail": "ex vivo light microscopy with histochemistry"}, {"head": "ex vivo light microscopy with immunohistochemistry", "relation": "is_a", "tail": "immunohistochemistry"}, {"head": "ex vivo light microscopy with immunohistochemistry and digital image analysis", "relation": "is_a", "tail": "ex vivo light microscopy with histochemistry and digital image analysis"}, {"head": "ex vivo light microscopy with immunohistochemistry and digital image analysis", "relation": "is_a", "tail": "ex vivo light microscopy with immunohistochemistry"}, {"head": "ex vivo linear measurement method", "relation": "is_a", "tail": "ex vivo method"}, {"head": "ex vivo linear measurement method using electron microscopy", "relation": "is_a", "tail": "ex vivo electron microscopy"}, {"head": "ex vivo linear measurement method using electron microscopy", "relation": "is_a", "tail": "ex vivo microscopic linear measurement method"}, {"head": "ex vivo linear measurement method using light microscopy", "relation": "is_a", "tail": "ex vivo light microscopy"}, {"head": "ex vivo linear measurement method using light microscopy", "relation": "is_a", "tail": "ex vivo microscopic linear measurement method"}, {"head": "ex vivo manometry", "relation": "is_a", "tail": "ex vivo method"}, {"head": "ex vivo method", "relation": "is_a", "tail": "measurement method"}, {"head": "ex vivo microbiological method", "relation": "is_a", "tail": "ex vivo method"}, {"head": "ex vivo microscopic linear measurement method", "relation": "is_a", "tail": "ex vivo linear measurement method"}, {"head": "ex vivo microscopic linear measurement method", "relation": "is_a", "tail": "ex vivo microscopy"}, {"head": "ex vivo microscopy", "relation": "is_a", "tail": "ex vivo method"}, {"head": "ex vivo microscopy with digital image analysis", "relation": "is_a", "tail": "ex vivo microscopy"}, {"head": "ex vivo myography", "relation": "is_a", "tail": "tissue force analysis utilizing a force transducer"}, {"head": "ex vivo peripheral quantitative computed tomography", "relation": "is_a", "tail": "ex vivo radiography"}, {"head": "ex vivo photography", "relation": "is_a", "tail": "ex vivo method"}, {"head": "ex vivo photography with digital image analysis", "relation": "is_a", "tail": "ex vivo photography"}, {"head": "ex vivo radiography", "relation": "is_a", "tail": "ex vivo method"}, {"head": "ex vivo slide caliper method", "relation": "is_a", "tail": "ex vivo caliper method"}, {"head": "ex vivo stereo light microscopy", "relation": "is_a", "tail": "ex vivo light microscopy"}, {"head": "ex vivo stereo light microscopy with digital image analysis", "relation": "is_a", "tail": "ex vivo light microscopy with digital image analysis"}, {"head": "ex vivo stereo light microscopy with digital image analysis", "relation": "is_a", "tail": "ex vivo stereo light microscopy"}, {"head": "ex vivo television microscopy", "relation": "is_a", "tail": "ex vivo light microscopy"}, {"head": "ex vivo visual assessment", "relation": "is_a", "tail": "ex vivo method"}, {"head": "ex vivo volume measurement calculated from change in weight", "relation": "is_a", "tail": "ex vivo volume measurement calculated from measurement of weight"}, {"head": "ex vivo volume measurement calculated from measurement of weight", "relation": "is_a", "tail": "ex vivo volume measurement method"}, {"head": "ex vivo volume measurement method", "relation": "is_a", "tail": "ex vivo method"}, {"head": "expression assay", "relation": "is_a", "tail": "molecular method"}, {"head": "exudate analysis", "relation": "is_a", "tail": "ex vivo biological fluid analysis"}, {"head": "exudate nitrite analysis", "relation": "is_a", "tail": "exudate analysis"}, {"head": "exudate nitrite analysis using the Griess reaction", "relation": "is_a", "tail": "exudate nitrite analysis"}, {"head": "exudate nitrite analysis using the Griess reaction", "relation": "is_a", "tail": "nitrite analysis using the Griess reaction"}, {"head": "fear conditioning test", "relation": "is_a", "tail": "movement/behavior test enclosure method"}, {"head": "five-choice serial-reaction time task", "relation": "is_a", "tail": "operant conditioning chamber method"}, {"head": "flame atomic absorption spectrometry", "relation": "is_a", "tail": "atomic absorption spectrometry"}, {"head": "flame atomic emission spectrometry", "relation": "is_a", "tail": "atomic emission spectrometry"}, {"head": "flame atomic emission spectrometry following dry ashing", "relation": "is_a", "tail": "ex vivo analysis of atomic composition following dry ashing"}, {"head": "flame atomic emission spectrometry following dry ashing", "relation": "is_a", "tail": "flame atomic emission spectrometry"}, {"head": "flow cytometry method", "relation": "is_a", "tail": "automated cell/particle size/count analysis method"}, {"head": "flowmetry", "relation": "is_a", "tail": "in vivo method"}, {"head": "fluid-filled catheter in isolated perfused lung", "relation": "is_a", "tail": "isolated perfused lung method"}, {"head": "fluid-filled catheter with pressure transducer in isolated perfused lung", "relation": "is_a", "tail": "fluid-filled catheter in isolated perfused lung"}, {"head": "fluorescence-activated cell sorting method", "relation": "is_a", "tail": "flow cytometry method"}, {"head": "fluorescent glucose uptake assay", "relation": "is_a", "tail": "glucose uptake assay"}, {"head": "fluorescent intracellular calcium assay", "relation": "is_a", "tail": "intracellular calcium assay"}, {"head": "fluoroimmunoassay", "relation": "is_a", "tail": "immunoassay"}, {"head": "fluorometry", "relation": "is_a", "tail": "spectrophotometry"}, {"head": "food intake measuring method", "relation": "is_a", "tail": "consumption measuring method"}, {"head": "forced swim test", "relation": "is_a", "tail": "movement/behavior test enclosure method"}, {"head": "gas chromatography", "relation": "is_a", "tail": "column chromatography"}, {"head": "gas chromatography-mass spectrometry", "relation": "is_a", "tail": "gas chromatography"}, {"head": "gas chromatography-mass spectrometry", "relation": "is_a", "tail": "mass spectrometry"}, {"head": "gas-liquid chromatography", "relation": "is_a", "tail": "gas chromatography"}, {"head": "gas-solid chromatography", "relation": "is_a", "tail": "gas chromatography"}, {"head": "gel electrophoresis", "relation": "is_a", "tail": "electrophoresis"}, {"head": "gel filtration chromatography", "relation": "is_a", "tail": "liquid column chromatography"}, {"head": "glove test", "relation": "is_a", "tail": "wildness/tameness assessment method"}, {"head": "glove test with visual analysis of video recording", "relation": "is_a", "tail": "glove test"}, {"head": "glove test with visual analysis of video recording", "relation": "is_a", "tail": "visual assessment of in vivo video recording"}, {"head": "glucose tolerance analysis", "relation": "is_a", "tail": "blood glucose analysis"}, {"head": "glucose uptake assay", "relation": "is_a", "tail": "cell-based biologic assay"}, {"head": "go/no-go task", "relation": "is_a", "tail": "movement/behavior test enclosure method"}, {"head": "graduated cylinder", "relation": "is_a", "tail": "ex vivo volume measurement method"}, {"head": "graphite furnace atomic absorption spectrometry", "relation": "is_a", "tail": "atomic absorption spectrometry"}, {"head": "grid test", "relation": "is_a", "tail": "balance, coordination or strength assessment method"}, {"head": "hand dynamometry", "relation": "is_a", "tail": "dynamometry"}, {"head": "height scale", "relation": "is_a", "tail": "body measuring method"}, {"head": "hematocrit analysis", "relation": "is_a", "tail": "ex vivo blood analysis"}, {"head": "hemocytometer", "relation": "is_a", "tail": "isolated cell counting method"}, {"head": "high performance liquid chromatography-mass spectrometry", "relation": "is_a", "tail": "high-performance liquid chromatography"}, {"head": "high performance liquid chromatography-mass spectrometry", "relation": "is_a", "tail": "mass spectrometry"}, {"head": "high throughput expression assay", "relation": "is_a", "tail": "expression assay"}, {"head": "high throughput proteomic profiling", "relation": "is_a", "tail": "high throughput expression assay"}, {"head": "high throughput proteomic profiling", "relation": "is_a", "tail": "protein expression assay"}, {"head": "high throughput proteomic profiling by antibody array", "relation": "is_a", "tail": "high throughput proteomic profiling by array"}, {"head": "high throughput proteomic profiling by array", "relation": "is_a", "tail": "high throughput proteomic profiling"}, {"head": "high throughput proteomic profiling by mass spectrometry", "relation": "is_a", "tail": "high throughput proteomic profiling"}, {"head": "high throughput proteomic profiling by mass spectrometry", "relation": "is_a", "tail": "mass spectrometry"}, {"head": "high throughput proteomic profiling by tissue array", "relation": "is_a", "tail": "high throughput proteomic profiling by array"}, {"head": "high throughput transcription profiling by array", "relation": "is_a", "tail": "high throughput expression assay"}, {"head": "high throughput transcription profiling by array", "relation": "is_a", "tail": "transcript expression assay"}, {"head": "high throughput transcription profiling by microarray", "relation": "is_a", "tail": "high throughput transcription profiling by array"}, {"head": "high throughput transcription profiling by tiling array", "relation": "is_a", "tail": "high throughput transcription profiling by array"}, {"head": "high-performance liquid chromatography", "relation": "is_a", "tail": "liquid column chromatography"}, {"head": "histochemistry", "relation": "is_a", "tail": "histology"}, {"head": "histology", "relation": "is_a", "tail": "ex vivo microscopy"}, {"head": "hole-board test", "relation": "is_a", "tail": "movement/behavior test enclosure method"}, {"head": "home cage monitoring method", "relation": "is_a", "tail": "movement/behavior test enclosure method"}, {"head": "hydrostatic weighing method", "relation": "is_a", "tail": "body weighing method"}, {"head": "immunoassay", "relation": "is_a", "tail": "ex vivo method"}, {"head": "immunodiffusion assay", "relation": "is_a", "tail": "immunoassay"}, {"head": "immunoelectron microscopy", "relation": "is_a", "tail": "ex vivo electron microscopy"}, {"head": "immunoelectron microscopy", "relation": "is_a", "tail": "immunohistochemistry"}, {"head": "immunofluorescence", "relation": "is_a", "tail": "immunohistochemistry"}, {"head": "immunofluorescence confocal microscopy", "relation": "is_a", "tail": "confocal microscopy"}, {"head": "immunofluorescence confocal microscopy", "relation": "is_a", "tail": "ex vivo light microscopy with immunohistochemistry"}, {"head": "immunohistochemistry", "relation": "is_a", "tail": "histochemistry"}, {"head": "immunohistochemistry", "relation": "is_a", "tail": "in situ expression assay"}, {"head": "immunohistochemistry", "relation": "is_a", "tail": "protein expression assay"}, {"head": "immunoprecipitation", "relation": "is_a", "tail": "molecular separation method"}, {"head": "implanted wire electrode recording method", "relation": "is_a", "tail": "electrical potential recording method"}, {"head": "impression tonometry", "relation": "is_a", "tail": "tonometry"}, {"head": "in situ expression assay", "relation": "is_a", "tail": "expression assay"}, {"head": "in situ recombinase reporter assay", "relation": "is_a", "tail": "in situ reporter assay"}, {"head": "in situ reporter assay", "relation": "is_a", "tail": "in situ expression assay"}, {"head": "in situ reverse transcription polymerase chain reaction assay", "relation": "is_a", "tail": "in situ expression assay"}, {"head": "in situ reverse transcription polymerase chain reaction assay", "relation": "is_a", "tail": "reverse transcription polymerase chain reaction assay"}, {"head": "in vivo X-ray radiography", "relation": "is_a", "tail": "in vivo radiography"}, {"head": "in vivo body part measuring method", "relation": "is_a", "tail": "body measuring method"}, {"head": "in vivo caliper method", "relation": "is_a", "tail": "in vivo linear measurement method"}, {"head": "in vivo light microscopy", "relation": "is_a", "tail": "in vivo method"}, {"head": "in vivo light microscopy with digital image analysis", "relation": "is_a", "tail": "in vivo light microscopy"}, {"head": "in vivo linear measurement method", "relation": "is_a", "tail": "in vivo method"}, {"head": "in vivo measuring stick method", "relation": "is_a", "tail": "in vivo linear measurement method"}, {"head": "in vivo method", "relation": "is_a", "tail": "measurement method"}, {"head": "in vivo peripheral quantitative computed tomography", "relation": "is_a", "tail": "quantitative computed tomography"}, {"head": "in vivo photography", "relation": "is_a", "tail": "in vivo method"}, {"head": "in vivo photography with digital image analysis", "relation": "is_a", "tail": "in vivo photography"}, {"head": "in vivo radiography", "relation": "is_a", "tail": "in vivo method"}, {"head": "in vivo ruler method", "relation": "is_a", "tail": "in vivo measuring stick method"}, {"head": "in vivo stereo light microscopy", "relation": "is_a", "tail": "in vivo light microscopy"}, {"head": "in vivo stereo light microscopy with digital image analysis", "relation": "is_a", "tail": "in vivo light microscopy with digital image analysis"}, {"head": "in vivo stereo light microscopy with digital image analysis", "relation": "is_a", "tail": "in vivo stereo light microscopy"}, {"head": "in vivo television microscopy", "relation": "is_a", "tail": "in vivo light microscopy"}, {"head": "in vivo thermometry", "relation": "is_a", "tail": "in vivo method"}, {"head": "in vivo visual assessment", "relation": "is_a", "tail": "in vivo method"}, {"head": "in vivo whole body quantitative computed tomography", "relation": "is_a", "tail": "quantitative computed tomography"}, {"head": "indirect ophthalmoscopy", "relation": "is_a", "tail": "ophthalmoscopy"}, {"head": "inductively coupled plasma-atomic emission spectrometry", "relation": "is_a", "tail": "atomic emission spectrometry"}, {"head": "intra-aortic abdominal radiotelemetry", "relation": "is_a", "tail": "intra-aortic radiotelemetry"}, {"head": "intra-aortic abdominal radiotelemetry via abdominal aorta cannulation", "relation": "is_a", "tail": "intra-aortic abdominal radiotelemetry"}, {"head": "intra-aortic abdominal radiotelemetry via femoral cannulation", "relation": "is_a", "tail": "intra-aortic abdominal radiotelemetry"}, {"head": "intra-aortic radiotelemetry", "relation": "is_a", "tail": "radiotelemetry"}, {"head": "intra-aortic thoracic radiotelemetry", "relation": "is_a", "tail": "intra-aortic radiotelemetry"}, {"head": "intra-aortic thoracic radiotelemetry via carotid cannulation", "relation": "is_a", "tail": "intra-aortic thoracic radiotelemetry"}, {"head": "intra-carotid radiotelemetry", "relation": "is_a", "tail": "radiotelemetry"}, {"head": "intracellular calcium assay", "relation": "is_a", "tail": "cell-based biologic assay"}, {"head": "intraperitoneal glucose tolerance test", "relation": "is_a", "tail": "glucose tolerance analysis"}, {"head": "intravascular electromagnetic flow sensor", "relation": "is_a", "tail": "vascular indwelling catheter method"}, {"head": "intravenous glucose tolerance test", "relation": "is_a", "tail": "glucose tolerance analysis"}, {"head": "inulin analysis by liquid phase colorimetry", "relation": "is_a", "tail": "liquid phase colorimetry"}, {"head": "inulin analysis by thiourea-resorcinol assay", "relation": "is_a", "tail": "inulin analysis by liquid phase colorimetry"}, {"head": "ion-selective electrode method", "relation": "is_a", "tail": "electroanalytical method"}, {"head": "isolated body part material fatigue test", "relation": "is_a", "tail": "isolated body part method"}, {"head": "isolated body part method", "relation": "is_a", "tail": "ex vivo method"}, {"head": "isolated body part size method", "relation": "is_a", "tail": "isolated body part method"}, {"head": "isolated bone method", "relation": "is_a", "tail": "isolated body part method"}, {"head": "isolated cell counting method", "relation": "is_a", "tail": "isolated cell method"}, {"head": "isolated cell method", "relation": "is_a", "tail": "ex vivo method"}, {"head": "isolated cell volume measurement method", "relation": "is_a", "tail": "ex vivo volume measurement method"}, {"head": "isolated cell volume measurement method", "relation": "is_a", "tail": "isolated cell method"}, {"head": "isolated organ perfusion method", "relation": "is_a", "tail": "isolated body part method"}, {"head": "isolated perfused heart effluent collection", "relation": "is_a", "tail": "isolated perfused heart method"}, {"head": "isolated perfused heart method", "relation": "is_a", "tail": "isolated organ perfusion method"}, {"head": "isolated perfused kidney method", "relation": "is_a", "tail": "isolated organ perfusion method"}, {"head": "isolated perfused liver method", "relation": "is_a", "tail": "isolated organ perfusion method"}, {"head": "isolated perfused lung method", "relation": "is_a", "tail": "isolated organ perfusion method"}, {"head": "isolated perfused lung vascular effluent collection", "relation": "is_a", "tail": "isolated perfused lung method"}, {"head": "isolated tissue campesterol measurement test", "relation": "is_a", "tail": "isolated tissue phytosterol analysis"}, {"head": "isolated tissue cholesterol measurement test", "relation": "is_a", "tail": "isolated tissue sterol analysis"}, {"head": "isolated tissue free fatty acid measurement test", "relation": "is_a", "tail": "isolated tissue lipid analysis"}, {"head": "isolated tissue lipid analysis", "relation": "is_a", "tail": "isolated tissue method"}, {"head": "isolated tissue method", "relation": "is_a", "tail": "isolated body part method"}, {"head": "isolated tissue phytosterol analysis", "relation": "is_a", "tail": "isolated tissue sterol analysis"}, {"head": "isolated tissue sitosterol measurement test", "relation": "is_a", "tail": "isolated tissue phytosterol analysis"}, {"head": "isolated tissue sterol analysis", "relation": "is_a", "tail": "isolated tissue lipid analysis"}, {"head": "isolated tissue triglyceride measurement test", "relation": "is_a", "tail": "isolated tissue lipid analysis"}, {"head": "knock-in in situ reporter assay", "relation": "is_a", "tail": "in situ reporter assay"}, {"head": "large adult cuff Colin STBP-780 automated blood pressure monitor", "relation": "is_a", "tail": "Colin STBP-780 automated blood pressure monitor"}, {"head": "large adult cuff Dinamap 1846 SX/P blood pressure monitor", "relation": "is_a", "tail": "Dinamap 1846 SX/P blood pressure monitor"}, {"head": "large adult cuff Hawksley random zero sphygomomanometer", "relation": "is_a", "tail": "Hawksley random zero sphygomomanometer"}, {"head": "large adult cuff auscultatory sphygmomanometer", "relation": "is_a", "tail": "auscultatory sphygmomanometer"}, {"head": "laser Doppler flowmetry", "relation": "is_a", "tail": "flowmetry"}, {"head": "laser interference biometry", "relation": "is_a", "tail": "in vivo method"}, {"head": "light transmission aggregometry", "relation": "is_a", "tail": "aggregometry"}, {"head": "light-dark box test", "relation": "is_a", "tail": "movement/behavior test enclosure method"}, {"head": "lipid peroxide analysis by liquid phase colorimetry", "relation": "is_a", "tail": "liquid phase colorimetry"}, {"head": "lipolysis assay", "relation": "is_a", "tail": "cell-based biologic assay"}, {"head": "lipolysis assay measuring free fatty acid release", "relation": "is_a", "tail": "lipolysis assay"}, {"head": "lipolysis assay measuring glycerol release", "relation": "is_a", "tail": "lipolysis assay"}, {"head": "liquid chromatography-mass spectrometry", "relation": "is_a", "tail": "liquid column chromatography"}, {"head": "liquid chromatography-mass spectrometry", "relation": "is_a", "tail": "mass spectrometry"}, {"head": "liquid column chromatography", "relation": "is_a", "tail": "column chromatography"}, {"head": "liquid phase colorimetry", "relation": "is_a", "tail": "colorimetry"}, {"head": "liquid scintillation counting", "relation": "is_a", "tail": "radioactivity measurement method"}, {"head": "machine read blood glucose test strip", "relation": "is_a", "tail": "blood glucose test strip"}, {"head": "machine read urine amylase test strip", "relation": "is_a", "tail": "machine read urine test strip"}, {"head": "machine read urine cortisol test strip", "relation": "is_a", "tail": "machine read urine test strip"}, {"head": "machine read urine glucose test strip", "relation": "is_a", "tail": "machine read urine test strip"}, {"head": "machine read urine microalbumin test strip", "relation": "is_a", "tail": "machine read urine test strip"}, {"head": "machine read urine microalbumin test strip", "relation": "is_a", "tail": "urine microalbumin analysis"}, {"head": "machine read urine potassium test strip", "relation": "is_a", "tail": "machine read urine test strip"}, {"head": "machine read urine potassium test strip", "relation": "is_a", "tail": "urine potassium test strip"}, {"head": "machine read urine sodium test strip", "relation": "is_a", "tail": "machine read urine test strip"}, {"head": "machine read urine sodium test strip", "relation": "is_a", "tail": "urine sodium test strip"}, {"head": "machine read urine test strip", "relation": "is_a", "tail": "urine test strip"}, {"head": "machine read urine uric acid test strip", "relation": "is_a", "tail": "machine read urine test strip"}, {"head": "magnetic resonance imaging (MRI)", "relation": "is_a", "tail": "in vivo method"}, {"head": "manual blood cell counting method", "relation": "is_a", "tail": "blood cell counting method"}, {"head": "manual hemocytometer-based blood cell counting method", "relation": "is_a", "tail": "hemocytometer"}, {"head": "manual hemocytometer-based blood cell counting method", "relation": "is_a", "tail": "manual blood cell counting method"}, {"head": "manual oral thermometry", "relation": "is_a", "tail": "in vivo thermometry"}, {"head": "manual palpation method", "relation": "is_a", "tail": "in vivo method"}, {"head": "manual rectal thermometry", "relation": "is_a", "tail": "in vivo thermometry"}, {"head": "manually read blood glucose test strip", "relation": "is_a", "tail": "blood glucose test strip"}, {"head": "manually read urine amylase test strip", "relation": "is_a", "tail": "manually read urine test strip"}, {"head": "manually read urine cortisol test strip", "relation": "is_a", "tail": "manually read urine test strip"}, {"head": "manually read urine glucose test strip", "relation": "is_a", "tail": "manually read urine test strip"}, {"head": "manually read urine microalbumin test strip", "relation": "is_a", "tail": "manually read urine test strip"}, {"head": "manually read urine microalbumin test strip", "relation": "is_a", "tail": "urine microalbumin analysis"}, {"head": "manually read urine potassium test strip", "relation": "is_a", "tail": "manually read urine test strip"}, {"head": "manually read urine potassium test strip", "relation": "is_a", "tail": "urine potassium test strip"}, {"head": "manually read urine sodium test strip", "relation": "is_a", "tail": "manually read urine test strip"}, {"head": "manually read urine sodium test strip", "relation": "is_a", "tail": "urine sodium test strip"}, {"head": "manually read urine test strip", "relation": "is_a", "tail": "urine test strip"}, {"head": "manually read urine uric acid test strip", "relation": "is_a", "tail": "manually read urine test strip"}, {"head": "mass spectrometry", "relation": "is_a", "tail": "protein expression assay"}, {"head": "mass spectrometry", "relation": "is_a", "tail": "spectrometry"}, {"head": "measuring stick-based body length measuring method", "relation": "is_a", "tail": "body length measuring method"}, {"head": "measuring stick-based body length measuring method", "relation": "is_a", "tail": "in vivo measuring stick method"}, {"head": "mechanical stadiometer", "relation": "is_a", "tail": "height scale"}, {"head": "metabolic cage urine volume measurement method", "relation": "is_a", "tail": "urine volume measurement method"}, {"head": "metabolic cage water drinking measurement method", "relation": "is_a", "tail": "ex vivo volume measurement method"}, {"head": "micro-computed tomography", "relation": "is_a", "tail": "computed tomography"}, {"head": "microhematocrit tube assay with visual assessment", "relation": "is_a", "tail": "hematocrit analysis"}, {"head": "micropuncture fluid collection", "relation": "is_a", "tail": "body fluid collection method"}, {"head": "modified SHIRPA test", "relation": "is_a", "tail": "SHIRPA test"}, {"head": "molecular method", "relation": "is_a", "tail": "measurement method"}, {"head": "molecular separation method", "relation": "is_a", "tail": "ex vivo method"}, {"head": "molecular separation method", "relation": "is_a", "tail": "molecular method"}, {"head": "movement/behavior test apparatus method", "relation": "is_a", "tail": "body movement/behavior method"}, {"head": "movement/behavior test enclosure method", "relation": "is_a", "tail": "movement/behavior test apparatus method"}, {"head": "movement/behavior test maze method", "relation": "is_a", "tail": "movement/behavior test apparatus method"}, {"head": "moving tilting plane test", "relation": "is_a", "tail": "tilting plane test"}, {"head": "necropsy", "relation": "is_a", "tail": "autopsy"}, {"head": "nitrite analysis by liquid phase colorimetry", "relation": "is_a", "tail": "liquid phase colorimetry"}, {"head": "nitrite analysis using the Griess reaction", "relation": "is_a", "tail": "nitrite analysis by liquid phase colorimetry"}, {"head": "novel cage apparatus method", "relation": "is_a", "tail": "movement/behavior test enclosure method"}, {"head": "novel cage apparatus test utilizing automatic movement detection system", "relation": "is_a", "tail": "novel cage apparatus method"}, {"head": "nuclease S1 protection assay", "relation": "is_a", "tail": "nuclease protection assay"}, {"head": "nuclease protection assay", "relation": "is_a", "tail": "transcript expression assay"}, {"head": "nucleic acid dot/slot blot assay", "relation": "is_a", "tail": "transcript expression assay"}, {"head": "observational fear learning apparatus method", "relation": "is_a", "tail": "movement/behavior test enclosure method"}, {"head": "open arm of elevated T-maze apparatus", "relation": "is_a", "tail": "elevated T-maze apparatus method"}, {"head": "open arm of elevated plus maze apparatus", "relation": "is_a", "tail": "arm(s) of elevated plus maze apparatus"}, {"head": "open field apparatus method", "relation": "is_a", "tail": "movement/behavior test enclosure method"}, {"head": "open section of elevated zero maze apparatus", "relation": "is_a", "tail": "elevated zero maze apparatus method"}, {"head": "operant conditioning chamber method", "relation": "is_a", "tail": "movement/behavior test enclosure method"}, {"head": "ophthalmoscopy", "relation": "is_a", "tail": "in vivo method"}, {"head": "optical coherence tomography", "relation": "is_a", "tail": "in vivo method"}, {"head": "oral glucose tolerance test", "relation": "is_a", "tail": "glucose tolerance analysis"}, {"head": "oscillometric sphygmomanometer", "relation": "is_a", "tail": "sphygmomanometry"}, {"head": "osmometry", "relation": "is_a", "tail": "ex vivo method"}, {"head": "p-aminohippurate analysis by liquid phase colorimetry", "relation": "is_a", "tail": "liquid phase colorimetry"}, {"head": "pan type baby weighing scale", "relation": "is_a", "tail": "baby weighing scale"}, {"head": "parallel rod floor apparatus method", "relation": "is_a", "tail": "balance, coordination or strength assessment method"}, {"head": "parallel rod floor apparatus method", "relation": "is_a", "tail": "movement/behavior test enclosure method"}, {"head": "patch clamp technique", "relation": "is_a", "tail": "cell-based electrophysiological assay"}, {"head": "peptide analysis by liquid phase colorimetry with spectrophotometric readout", "relation": "is_a", "tail": "peptide/protein analysis by liquid phase colorimetry"}, {"head": "peptide analysis by liquid phase colorimetry with spectrophotometric readout", "relation": "is_a", "tail": "spectrophotometry"}, {"head": "peptide/protein analysis by liquid phase colorimetry", "relation": "is_a", "tail": "liquid phase colorimetry"}, {"head": "periphery of open field apparatus", "relation": "is_a", "tail": "open field apparatus method"}, {"head": "photoplethysmography", "relation": "is_a", "tail": "plethysmography"}, {"head": "piezoplethysmography", "relation": "is_a", "tail": "plethysmography"}, {"head": "pipette method", "relation": "is_a", "tail": "ex vivo volume measurement method"}, {"head": "plasma aldosterone analysis", "relation": "is_a", "tail": "blood aldosterone analysis"}, {"head": "plasma campesterol measurement test", "relation": "is_a", "tail": "blood campesterol measurement test"}, {"head": "plasma creatinine analysis", "relation": "is_a", "tail": "blood creatinine analysis"}, {"head": "plasma creatinine analysis by Jaffe reaction with deproteinization and spectrophotometric readout", "relation": "is_a", "tail": "plasma creatinine analysis by Jaffe reaction with spectrophotometric readout"}, {"head": "plasma creatinine analysis by Jaffe reaction with spectrophotometric readout", "relation": "is_a", "tail": "creatinine analysis by Jaffe reaction with spectrophotometric readout"}, {"head": "plasma creatinine analysis by Jaffe reaction with spectrophotometric readout", "relation": "is_a", "tail": "plasma creatinine analysis"}, {"head": "plasma creatinine analysis by Jaffe reaction without deproteinization with spectrophotometric readout", "relation": "is_a", "tail": "plasma creatinine analysis by Jaffe reaction with spectrophotometric readout"}, {"head": "plasma free fatty acid analysis", "relation": "is_a", "tail": "blood free fatty acid analysis"}, {"head": "plasma glucose analysis", "relation": "is_a", "tail": "blood glucose analysis"}, {"head": "plasma high-density lipoprotein phospholipid measurement test", "relation": "is_a", "tail": "blood high-density lipoprotein phospholipid measurement test"}, {"head": "plasma high-density lipoprotein-cholesterol measurement test", "relation": "is_a", "tail": "blood high-density lipoprotein-cholesterol measurement test"}, {"head": "plasma hormone analysis", "relation": "is_a", "tail": "blood hormone analysis"}, {"head": "plasma insulin analysis", "relation": "is_a", "tail": "blood insulin analysis"}, {"head": "plasma intermediate-density lipoprotein cholesterol measurement test", "relation": "is_a", "tail": "blood intermediate-density lipoprotein cholesterol measurement test"}, {"head": "plasma intermediate-density lipoprotein phospholipid measurement test", "relation": "is_a", "tail": "blood intermediate-density lipoprotein phospholipid measurement test"}, {"head": "plasma low-density lipoprotein phospholipid measurement test", "relation": "is_a", "tail": "blood low-density lipoprotein phospholipid measurement test"}, {"head": "plasma low-density lipoprotein-cholesterol measurement test", "relation": "is_a", "tail": "blood low-density lipoprotein-cholesterol measurement test"}, {"head": "plasma phospholipid analysis", "relation": "is_a", "tail": "blood phospholipid analysis"}, {"head": "plasma renin activity assay", "relation": "is_a", "tail": "blood renin activity assay"}, {"head": "plasma sitosterol measurement test", "relation": "is_a", "tail": "blood sitosterol measurement test"}, {"head": "plasma total cholesterol measurement test", "relation": "is_a", "tail": "blood total cholesterol measurement test"}, {"head": "plasma total phospholipid measurement test", "relation": "is_a", "tail": "blood total phospholipid measurement test"}, {"head": "plasma total protein analysis", "relation": "is_a", "tail": "blood total protein analysis"}, {"head": "plasma triglyceride analysis", "relation": "is_a", "tail": "blood triglyceride analysis"}, {"head": "plasma urea nitrogen analysis", "relation": "is_a", "tail": "blood urea nitrogen analysis"}, {"head": "plasma very low-density lipoprotein phospholipid measurement test", "relation": "is_a", "tail": "blood very low-density lipoprotein phospholipid measurement test"}, {"head": "plasma very low-density lipoprotein-cholesterol measurement test", "relation": "is_a", "tail": "blood very low-density lipoprotein-cholesterol measurement test"}, {"head": "plate count", "relation": "is_a", "tail": "ex vivo microbiological method"}, {"head": "plate count using Todd-Hewitt yeast extract agar plates", "relation": "is_a", "tail": "plate count using selective/restrictive growth conditions"}, {"head": "plate count using selective/restrictive growth conditions", "relation": "is_a", "tail": "plate count"}, {"head": "plate count using supplemented brain-heart infusion/vancomycin plates", "relation": "is_a", "tail": "plate count using selective/restrictive growth conditions"}, {"head": "plethysmography", "relation": "is_a", "tail": "in vivo method"}, {"head": "polymerase chain reaction", "relation": "is_a", "tail": "enzymatic method"}, {"head": "positron emission tomography (PET)", "relation": "is_a", "tail": "tomography"}, {"head": "post excision length measurement", "relation": "is_a", "tail": "isolated body part size method"}, {"head": "post excision weight measurement", "relation": "is_a", "tail": "isolated body part size method"}, {"head": "potassium ion-selective electrode method", "relation": "is_a", "tail": "ion-selective electrode method"}, {"head": "primer extension assay", "relation": "is_a", "tail": "transcript expression assay"}, {"head": "protein analysis by liquid phase colorimetry with spectrophotometric readout", "relation": "is_a", "tail": "peptide/protein analysis by liquid phase colorimetry"}, {"head": "protein analysis by liquid phase colorimetry with spectrophotometric readout", "relation": "is_a", "tail": "spectrophotometry"}, {"head": "protein analysis by liquid phase colorimetry with visual assessment", "relation": "is_a", "tail": "peptide/protein analysis by liquid phase colorimetry"}, {"head": "protein expression assay", "relation": "is_a", "tail": "expression assay"}, {"head": "protein function-based expression assay", "relation": "is_a", "tail": "protein expression assay"}, {"head": "pulsed wave doppler ultrasound", "relation": "is_a", "tail": "doppler ultrasound"}, {"head": "puzzle box apparatus method", "relation": "is_a", "tail": "movement/behavior test enclosure method"}, {"head": "pyrogallol red-molybdate complex-based urine total protein analysis with spectrophotometric readout", "relation": "is_a", "tail": "protein analysis by liquid phase colorimetry with spectrophotometric readout"}, {"head": "pyrogallol red-molybdate complex-based urine total protein analysis with spectrophotometric readout", "relation": "is_a", "tail": "urine protein colorimetric analysis"}, {"head": "pyrogallol red-molybdate complex-based urine total protein analysis with spectrophotometric readout", "relation": "is_a", "tail": "urine total protein analysis"}, {"head": "quantitative computed tomography", "relation": "is_a", "tail": "computed tomography"}, {"head": "quantitative reverse transcription polymerase chain reaction", "relation": "is_a", "tail": "real-time polymerase chain reaction"}, {"head": "quantitative reverse transcription polymerase chain reaction", "relation": "is_a", "tail": "reverse transcription polymerase chain reaction"}, {"head": "quantitative reverse transcription polymerase chain reaction assay", "relation": "is_a", "tail": "reverse transcription polymerase chain reaction assay"}, {"head": "radial immunodiffusion assay", "relation": "is_a", "tail": "immunodiffusion assay"}, {"head": "radioactive glucose uptake assay", "relation": "is_a", "tail": "glucose uptake assay"}, {"head": "radioactive glucose uptake assay with liquid scintillation counting", "relation": "is_a", "tail": "liquid scintillation counting"}, {"head": "radioactive glucose uptake assay with liquid scintillation counting", "relation": "is_a", "tail": "radioactive glucose uptake assay"}, {"head": "radioactivity measurement method", "relation": "is_a", "tail": "ex vivo method"}, {"head": "radioenzymatic assay", "relation": "is_a", "tail": "radioactivity measurement method"}, {"head": "radioenzymatic assay measuring enzyme level or activity", "relation": "is_a", "tail": "radioenzymatic assay"}, {"head": "radioenzymatic assay measuring substrate level", "relation": "is_a", "tail": "radioenzymatic assay"}, {"head": "radioimmunoassay", "relation": "is_a", "tail": "immunoassay"}, {"head": "radioimmunoassay", "relation": "is_a", "tail": "radioactivity measurement method"}, {"head": "radiotelemetry", "relation": "is_a", "tail": "in vivo method"}, {"head": "radiotelemetry electrocardiography", "relation": "is_a", "tail": "electrocardiography"}, {"head": "random blood glucose test (RBG)", "relation": "is_a", "tail": "blood glucose analysis"}, {"head": "random zero sphygmomanometer", "relation": "is_a", "tail": "sphygmomanometry"}, {"head": "real-time polymerase chain reaction", "relation": "is_a", "tail": "polymerase chain reaction"}, {"head": "reduced glutathione/oxidized glutathione enzyme recycling assay", "relation": "is_a", "tail": "peptide analysis by liquid phase colorimetry with spectrophotometric readout"}, {"head": "refractometry", "relation": "is_a", "tail": "ex vivo method"}, {"head": "respiratory mechanics assessment method", "relation": "is_a", "tail": "in vivo method"}, {"head": "reverse radial immunodiffusion assay", "relation": "is_a", "tail": "immunodiffusion assay"}, {"head": "reverse transcription polymerase chain reaction", "relation": "is_a", "tail": "polymerase chain reaction"}, {"head": "reverse transcription polymerase chain reaction assay", "relation": "is_a", "tail": "transcript expression assay"}, {"head": "ribonuclease protection assay", "relation": "is_a", "tail": "nuclease protection assay"}, {"head": "ribonucleic acid in situ hybridization assay", "relation": "is_a", "tail": "in situ expression assay"}, {"head": "ribonucleic acid in situ hybridization assay", "relation": "is_a", "tail": "transcript expression assay"}, {"head": "rotarod performance test", "relation": "is_a", "tail": "balance, coordination or strength assessment method"}, {"head": "ruler-based body length measuring method", "relation": "is_a", "tail": "body length measuring method"}, {"head": "ruler-based body length measuring method", "relation": "is_a", "tail": "in vivo ruler method"}, {"head": "scale", "relation": "is_a", "tail": "body weighing method"}, {"head": "serial analysis of gene expression assay", "relation": "is_a", "tail": "high throughput expression assay"}, {"head": "serial analysis of gene expression assay", "relation": "is_a", "tail": "transcript expression assay"}, {"head": "serial radiography", "relation": "is_a", "tail": "in vivo radiography"}, {"head": "serum aldosterone analysis", "relation": "is_a", "tail": "blood aldosterone analysis"}, {"head": "serum campesterol measurement test", "relation": "is_a", "tail": "blood campesterol measurement test"}, {"head": "serum creatinine analysis", "relation": "is_a", "tail": "blood creatinine analysis"}, {"head": "serum free fatty acid analysis", "relation": "is_a", "tail": "blood free fatty acid analysis"}, {"head": "serum glucose analysis", "relation": "is_a", "tail": "blood glucose analysis"}, {"head": "serum high-density lipoprotein phospholipid measurement test", "relation": "is_a", "tail": "blood high-density lipoprotein phospholipid measurement test"}, {"head": "serum high-density lipoprotein-cholesterol measurement test", "relation": "is_a", "tail": "blood high-density lipoprotein-cholesterol measurement test"}, {"head": "serum hormone analysis", "relation": "is_a", "tail": "blood hormone analysis"}, {"head": "serum insulin analysis", "relation": "is_a", "tail": "blood insulin analysis"}, {"head": "serum intermediate-density lipoprotein cholesterol measurement test", "relation": "is_a", "tail": "blood intermediate-density lipoprotein cholesterol measurement test"}, {"head": "serum intermediate-density lipoprotein phospholipid measurement test", "relation": "is_a", "tail": "blood intermediate-density lipoprotein phospholipid measurement test"}, {"head": "serum low-density lipoprotein phospholipid measurement test", "relation": "is_a", "tail": "blood low-density lipoprotein phospholipid measurement test"}, {"head": "serum low-density lipoprotein-cholesterol measurement test", "relation": "is_a", "tail": "blood low-density lipoprotein-cholesterol measurement test"}, {"head": "serum phospholipid analysis", "relation": "is_a", "tail": "blood phospholipid analysis"}, {"head": "serum renin activity assay", "relation": "is_a", "tail": "blood renin activity assay"}, {"head": "serum sitosterol measurement test", "relation": "is_a", "tail": "blood sitosterol measurement test"}, {"head": "serum total cholesterol measurement test", "relation": "is_a", "tail": "blood total cholesterol measurement test"}, {"head": "serum total phospholipid measurement test", "relation": "is_a", "tail": "blood total phospholipid measurement test"}, {"head": "serum total protein analysis", "relation": "is_a", "tail": "blood total protein analysis"}, {"head": "serum triglyceride analysis", "relation": "is_a", "tail": "blood triglyceride analysis"}, {"head": "serum urea analysis", "relation": "is_a", "tail": "blood urea analysis"}, {"head": "serum urea nitrogen analysis", "relation": "is_a", "tail": "blood urea nitrogen analysis"}, {"head": "serum very low-density lipoprotein phospholipid measurement test", "relation": "is_a", "tail": "blood very low-density lipoprotein phospholipid measurement test"}, {"head": "serum very low-density lipoprotein-cholesterol measurement test", "relation": "is_a", "tail": "blood very low-density lipoprotein-cholesterol measurement test"}, {"head": "servo-null micropipette transducer method", "relation": "is_a", "tail": "in vivo method"}, {"head": "single photon absorptiometry", "relation": "is_a", "tail": "absorptiometry"}, {"head": "skin fold caliper method", "relation": "is_a", "tail": "in vivo caliper method"}, {"head": "skin puncture", "relation": "is_a", "tail": "blood draw method"}, {"head": "sliding weight scale", "relation": "is_a", "tail": "scale"}, {"head": "slit-lamp direct ophthalmoscopy", "relation": "is_a", "tail": "direct ophthalmoscopy"}, {"head": "slit-lamp direct ophthalmoscopy", "relation": "is_a", "tail": "slit-lamp ophthalmoscopy"}, {"head": "slit-lamp indirect ophthalmoscopy", "relation": "is_a", "tail": "indirect ophthalmoscopy"}, {"head": "slit-lamp indirect ophthalmoscopy", "relation": "is_a", "tail": "slit-lamp ophthalmoscopy"}, {"head": "slit-lamp ophthalmoscopy", "relation": "is_a", "tail": "ophthalmoscopy"}, {"head": "small adult cuff Dinamap 1846 SX/P blood pressure monitor", "relation": "is_a", "tail": "Dinamap 1846 SX/P blood pressure monitor"}, {"head": "small adult cuff Hawksley random zero sphygomomanometer", "relation": "is_a", "tail": "Hawksley random zero sphygomomanometer"}, {"head": "small adult cuff auscultatory sphygmomanometer", "relation": "is_a", "tail": "auscultatory sphygmomanometer"}, {"head": "sodium ion-selective electrode method", "relation": "is_a", "tail": "ion-selective electrode method"}, {"head": "solid phase colorimetry", "relation": "is_a", "tail": "colorimetry"}, {"head": "spectrometry", "relation": "is_a", "tail": "ex vivo method"}, {"head": "spectrophotometry", "relation": "is_a", "tail": "spectrometry"}, {"head": "sphygmomanometry", "relation": "is_a", "tail": "in vivo method"}, {"head": "spirometry", "relation": "is_a", "tail": "in vivo method"}, {"head": "spring type baby weighing scale", "relation": "is_a", "tail": "baby weighing scale"}, {"head": "standard blood chemistry panel", "relation": "is_a", "tail": "ex vivo blood analysis"}, {"head": "standard blood plasma chemistry panel", "relation": "is_a", "tail": "standard blood chemistry panel"}, {"head": "standard blood serum chemistry panel", "relation": "is_a", "tail": "standard blood chemistry panel"}, {"head": "stationary bicycle dynamometry", "relation": "is_a", "tail": "dynamometry"}, {"head": "stationary tilting plane test", "relation": "is_a", "tail": "tilting plane test"}, {"head": "stop flow air displacement plethysmography", "relation": "is_a", "tail": "air displacement plethysmography"}, {"head": "tail cuff photoplethysmography", "relation": "is_a", "tail": "photoplethysmography"}, {"head": "tail cuff photoplethysmography", "relation": "is_a", "tail": "tail cuff plethysmography"}, {"head": "tail cuff piezoplethysmography", "relation": "is_a", "tail": "piezoplethysmography"}, {"head": "tail cuff piezoplethysmography", "relation": "is_a", "tail": "tail cuff plethysmography"}, {"head": "tail cuff plethysmography", "relation": "is_a", "tail": "plethysmography"}, {"head": "tail cuff volume pressure recording", "relation": "is_a", "tail": "volume pressure recording"}, {"head": "tail length measuring method", "relation": "is_a", "tail": "in vivo body part measuring method"}, {"head": "taste threshold test", "relation": "is_a", "tail": "in vivo method"}, {"head": "test apparatus method utilizing mechanical transducer", "relation": "is_a", "tail": "movement/behavior test apparatus method"}, {"head": "test apparatus method utilizing piezoelectric accelerometer", "relation": "is_a", "tail": "test apparatus method utilizing mechanical transducer"}, {"head": "thigh cuff Dinamap 1846 SX/P blood pressure monitor", "relation": "is_a", "tail": "Dinamap 1846 SX/P blood pressure monitor"}, {"head": "thigh cuff Hawksley random zero sphygomomanometer", "relation": "is_a", "tail": "Hawksley random zero sphygomomanometer"}, {"head": "thigh cuff auscultatory sphygmomanometer", "relation": "is_a", "tail": "auscultatory sphygmomanometer"}, {"head": "thin layer chromatography", "relation": "is_a", "tail": "chromatography"}, {"head": "thiobarbituric acid assay", "relation": "is_a", "tail": "lipid peroxide analysis by liquid phase colorimetry"}, {"head": "thoracic electrical bioimpedance (TEB)", "relation": "is_a", "tail": "bioimpedance method"}, {"head": "thoracic electrical bioimpedance (TEB)", "relation": "is_a", "tail": "plethysmography"}, {"head": "three-chamber assay", "relation": "is_a", "tail": "movement/behavior test enclosure method"}, {"head": "three-chamber sociability and social novelty test", "relation": "is_a", "tail": "three-chamber assay"}, {"head": "thrombelastometry", "relation": "is_a", "tail": "ex vivo blood analysis"}, {"head": "thymidine incorporation bioassay", "relation": "is_a", "tail": "cell proliferation bioassay"}, {"head": "tilting plane test", "relation": "is_a", "tail": "balance, coordination or strength assessment method"}, {"head": "tissue force analysis", "relation": "is_a", "tail": "isolated tissue method"}, {"head": "tissue force analysis utilizing a force transducer", "relation": "is_a", "tail": "tissue force analysis"}, {"head": "tomography", "relation": "is_a", "tail": "in vivo radiography"}, {"head": "tonometry", "relation": "is_a", "tail": "in vivo method"}, {"head": "transcript expression assay", "relation": "is_a", "tail": "expression assay"}, {"head": "transepidermal water loss test", "relation": "is_a", "tail": "in vivo method"}, {"head": "transesophageal echocardiography", "relation": "is_a", "tail": "echocardiography"}, {"head": "transgenic in situ reporter assay", "relation": "is_a", "tail": "in situ reporter assay"}, {"head": "transthoracic echocardiography", "relation": "is_a", "tail": "echocardiography"}, {"head": "treadmill method", "relation": "is_a", "tail": "movement/behavior test apparatus method"}, {"head": "treadmill method with automated tracking", "relation": "is_a", "tail": "treadmill method"}, {"head": "treadmill method with electric shock source", "relation": "is_a", "tail": "treadmill method"}, {"head": "treadmill method with electric shock source and automated tracking", "relation": "is_a", "tail": "treadmill method with automated tracking"}, {"head": "treadmill method with electric shock source and automated tracking", "relation": "is_a", "tail": "treadmill method with electric shock source"}, {"head": "two way shuttlebox apparatus method", "relation": "is_a", "tail": "movement/behavior test enclosure method"}, {"head": "tympanometry", "relation": "is_a", "tail": "in vivo method"}, {"head": "ultrasonic flowmeter", "relation": "is_a", "tail": "ultrasound method"}, {"head": "ultrasonic flowmeter with continuous wave doppler", "relation": "is_a", "tail": "ultrasonic flowmeter with doppler"}, {"head": "ultrasonic flowmeter with doppler", "relation": "is_a", "tail": "ultrasonic flowmeter"}, {"head": "ultrasonic flowmeter with pulsed wave doppler", "relation": "is_a", "tail": "ultrasonic flowmeter with doppler"}, {"head": "ultrasound method", "relation": "is_a", "tail": "in vivo method"}, {"head": "unspecified method", "relation": "is_a", "tail": "measurement method"}, {"head": "ureter indwelling catheter method", "relation": "is_a", "tail": "body fluid collection method"}, {"head": "urine albumin analysis", "relation": "is_a", "tail": "urine protein analysis"}, {"head": "urine analysis", "relation": "is_a", "tail": "ex vivo biological fluid analysis"}, {"head": "urine creatinine analysis", "relation": "is_a", "tail": "urine analysis"}, {"head": "urine creatinine analysis by Jaffe reaction with spectrophotometric readout", "relation": "is_a", "tail": "creatinine analysis by Jaffe reaction with spectrophotometric readout"}, {"head": "urine creatinine analysis by Jaffe reaction with spectrophotometric readout", "relation": "is_a", "tail": "urine creatinine analysis"}, {"head": "urine electrolyte analysis", "relation": "is_a", "tail": "urine analysis"}, {"head": "urine microalbumin analysis", "relation": "is_a", "tail": "urine albumin analysis"}, {"head": "urine nitrite analysis", "relation": "is_a", "tail": "urine analysis"}, {"head": "urine nitrite analysis using the Griess reaction", "relation": "is_a", "tail": "nitrite analysis using the Griess reaction"}, {"head": "urine nitrite analysis using the Griess reaction", "relation": "is_a", "tail": "urine nitrite analysis"}, {"head": "urine pH analysis", "relation": "is_a", "tail": "urine analysis"}, {"head": "urine potassium analysis", "relation": "is_a", "tail": "urine electrolyte analysis"}, {"head": "urine potassium test strip", "relation": "is_a", "tail": "urine potassium analysis"}, {"head": "urine potassium test strip", "relation": "is_a", "tail": "urine test strip"}, {"head": "urine protein analysis", "relation": "is_a", "tail": "urine analysis"}, {"head": "urine protein colorimetric analysis", "relation": "is_a", "tail": "urine protein analysis"}, {"head": "urine protein sulfosalicylic acid precipitation test", "relation": "is_a", "tail": "urine total protein analysis"}, {"head": "urine sodium analysis", "relation": "is_a", "tail": "urine electrolyte analysis"}, {"head": "urine sodium test strip", "relation": "is_a", "tail": "urine sodium analysis"}, {"head": "urine sodium test strip", "relation": "is_a", "tail": "urine test strip"}, {"head": "urine test strip", "relation": "is_a", "tail": "solid phase colorimetry"}, {"head": "urine test strip", "relation": "is_a", "tail": "urine analysis"}, {"head": "urine total protein analysis", "relation": "is_a", "tail": "urine protein analysis"}, {"head": "urine urea analysis", "relation": "is_a", "tail": "urine analysis"}, {"head": "urine volume measurement method", "relation": "is_a", "tail": "ex vivo volume measurement method"}, {"head": "urine volume measurement method", "relation": "is_a", "tail": "urine analysis"}, {"head": "vapor pressure osmometry", "relation": "is_a", "tail": "osmometry"}, {"head": "vascular balloon tipped catheter", "relation": "is_a", "tail": "vascular fluid filled catheter"}, {"head": "vascular fluid filled catheter", "relation": "is_a", "tail": "vascular indwelling catheter method"}, {"head": "vascular indwelling catheter method", "relation": "is_a", "tail": "in vivo method"}, {"head": "vascular transducer tipped catheter", "relation": "is_a", "tail": "vascular indwelling catheter method"}, {"head": "venipuncture", "relation": "is_a", "tail": "blood draw method"}, {"head": "vestibular system assessment method", "relation": "is_a", "tail": "balance, coordination or strength assessment method"}, {"head": "virtual optometry", "relation": "is_a", "tail": "body movement/behavior method"}, {"head": "visual assessment of in vivo video recording", "relation": "is_a", "tail": "in vivo visual assessment"}, {"head": "visual cliff apparatus method", "relation": "is_a", "tail": "movement/behavior test enclosure method"}, {"head": "visual water box method", "relation": "is_a", "tail": "movement/behavior test enclosure method"}, {"head": "volume pressure recording", "relation": "is_a", "tail": "in vivo method"}, {"head": "western blot assay", "relation": "is_a", "tail": "gel electrophoresis"}, {"head": "western blot assay", "relation": "is_a", "tail": "protein expression assay"}, {"head": "white blood cell counting method", "relation": "is_a", "tail": "blood cell counting method"}, {"head": "whole body digital scale", "relation": "is_a", "tail": "scale"}, {"head": "whole-cell patch clamp technique", "relation": "is_a", "tail": "patch clamp technique"}, {"head": "wildness assessment scale method", "relation": "is_a", "tail": "wildness/tameness assessment method"}, {"head": "wildness/tameness assessment method", "relation": "is_a", "tail": "body movement/behavior method"}, {"head": "wire electrode telemetric electrocardiography with power spectral analysis", "relation": "is_a", "tail": "radiotelemetry electrocardiography"}, {"head": "wire myography", "relation": "is_a", "tail": "ex vivo myography"}, {"head": "wire myography using a Digi-Med tissue force analysis system with force transducer", "relation": "is_a", "tail": "wire myography"}]