[{"head": "A dorsal row", "relation": "is_a", "tail": "row"}, {"head": "AOIII chaeta", "relation": "is_a", "tail": "anatomical group"}, {"head": "Antennal segment 3 sense organ", "relation": "is_a", "tail": "anatomical group"}, {"head": "B dorsal row", "relation": "is_a", "tail": "row"}, {"head": "C dorsal row", "relation": "is_a", "tail": "row"}, {"head": "D dorsal row", "relation": "is_a", "tail": "row"}, {"head": "DT1 dental subsegment", "relation": "is_a", "tail": "dens"}, {"head": "DT2 dental subsegment", "relation": "is_a", "tail": "dens"}, {"head": "DT3 dental subsegment", "relation": "is_a", "tail": "dens"}, {"head": "NP-sensillum", "relation": "is_a", "tail": "sensillum"}, {"head": "TP-sensillum", "relation": "is_a", "tail": "sensillum"}, {"head": "WP-sensillum", "relation": "is_a", "tail": "sensillum"}, {"head": "a clypleal row", "relation": "is_a", "tail": "row"}, {"head": "abdomen", "relation": "is_a", "tail": "tagma"}, {"head": "abdominal chaeta", "relation": "is_a", "tail": "anatomical group"}, {"head": "abdominal segment", "relation": "is_a", "tail": "somite"}, {"head": "abdominal segment 1", "relation": "is_a", "tail": "abdominal segment"}, {"head": "abdominal segment 2", "relation": "is_a", "tail": "abdominal segment"}, {"head": "abdominal segment 3", "relation": "is_a", "tail": "abdominal segment"}, {"head": "abdominal segment 4", "relation": "is_a", "tail": "abdominal segment"}, {"head": "abdominal segment 5", "relation": "is_a", "tail": "abdominal segment"}, {"head": "abdominal segment 6", "relation": "is_a", "tail": "abdominal segment"}, {"head": "abductor muscle", "relation": "is_a", "tail": "muscle"}, {"head": "accessory crown of tubules", "relation": "is_a", "tail": "cytoskeleton"}, {"head": "acellular anatomical structure", "relation": "is_a", "tail": "anatomical cluster"}, {"head": "acroseme", "relation": "is_a", "tail": "spur"}, {"head": "adanal chaeta", "relation": "is_a", "tail": "anatomical group"}, {"head": "adductor muscle", "relation": "is_a", "tail": "muscle"}, {"head": "adult", "relation": "is_a", "tail": "multicellular organism"}, {"head": "adult midgut", "relation": "is_a", "tail": "gut section"}, {"head": "adult pore canal", "relation": "is_a", "tail": "endocuticle"}, {"head": "adult rectal valve", "relation": "is_a", "tail": "muscle organ"}, {"head": "adult rectum", "relation": "is_a", "tail": "gut section"}, {"head": "adult vestiture", "relation": "is_a", "tail": "anatomical group"}, {"head": "aggenital area", "relation": "is_a", "tail": "area"}, {"head": "aggenital chaeta", "relation": "is_a", "tail": "anatomical group"}, {"head": "alfa inter antennal row", "relation": "is_a", "tail": "row"}, {"head": "alfa row", "relation": "is_a", "tail": "row"}, {"head": "alveolus septum", "relation": "is_a", "tail": "septum"}, {"head": "anal appendage", "relation": "is_a", "tail": "appendage"}, {"head": "anal area", "relation": "is_a", "tail": "area"}, {"head": "anal chaeta", "relation": "is_a", "tail": "anatomical group"}, {"head": "anal crown", "relation": "is_a", "tail": "anatomical group"}, {"head": "anal horn", "relation": "is_a", "tail": "anatomical group"}, {"head": "anal lobe", "relation": "is_a", "tail": "lobe"}, {"head": "anal lobes chaeta", "relation": "is_a", "tail": "anatomical group"}, {"head": "anal papilla", "relation": "is_a", "tail": "papilla"}, {"head": "anal segment", "relation": "is_a", "tail": "somite"}, {"head": "anal spine", "relation": "is_a", "tail": "spine"}, {"head": "anal spines", "relation": "is_a", "tail": "anatomical group"}, {"head": "anal tubercle", "relation": "is_a", "tail": "tubercle"}, {"head": "anal valve", "relation": "is_a", "tail": "valve"}, {"head": "anal valve chaeta", "relation": "is_a", "tail": "anatomical group"}, {"head": "anapleurite", "relation": "is_a", "tail": "pleurite"}, {"head": "anatomical cluster", "relation": "is_a", "tail": "object aggregate"}, {"head": "anatomical conduit", "relation": "is_a", "tail": "acellular anatomical structure"}, {"head": "anatomical folds", "relation": "is_a", "tail": "ridge"}, {"head": "anatomical group", "relation": "is_a", "tail": "object aggregate"}, {"head": "anatomical space", "relation": "is_a", "tail": "immaterial anatomical entity"}, {"head": "anatomical structure", "relation": "is_a", "tail": "material anatomical entity"}, {"head": "anatomical system", "relation": "is_a", "tail": "anatomical cluster"}, {"head": "anogenital segment", "relation": "is_a", "tail": "segment"}, {"head": "ante-clypeus", "relation": "is_a", "tail": "clypeus"}, {"head": "anteapical mucronal tooth", "relation": "is_a", "tail": "tooth"}, {"head": "antegenital chaeta", "relation": "is_a", "tail": "anatomical group"}, {"head": "antenna", "relation": "is_a", "tail": "appendage"}, {"head": "antennal apical papilla", "relation": "is_a", "tail": "papilla"}, {"head": "antennal base area", "relation": "is_a", "tail": "area"}, {"head": "antennal chaeta", "relation": "is_a", "tail": "anatomical group"}, {"head": "antennal motor nerve", "relation": "is_a", "tail": "nerve"}, {"head": "antennal muscle", "relation": "is_a", "tail": "muscle"}, {"head": "antennal nerve", "relation": "is_a", "tail": "nerve"}, {"head": "antennal rim", "relation": "is_a", "tail": "rim"}, {"head": "antennal row", "relation": "is_a", "tail": "row"}, {"head": "antennal sclerite", "relation": "is_a", "tail": "sclerite"}, {"head": "antennal segment", "relation": "is_a", "tail": "segment"}, {"head": "antennal segment 1", "relation": "is_a", "tail": "antennal segment"}, {"head": "antennal segment 2", "relation": "is_a", "tail": "antennal segment"}, {"head": "antennal segment 3", "relation": "is_a", "tail": "antennal segment"}, {"head": "antennal segment 4", "relation": "is_a", "tail": "antennal segment"}, {"head": "antennal vessel", "relation": "is_a", "tail": "vessel"}, {"head": "antennary pseudotentorium", "relation": "is_a", "tail": "cephalic endoskeleton"}, {"head": "antenno-frontal tubercle", "relation": "is_a", "tail": "tubercle"}, {"head": "antennomere", "relation": "is_a", "tail": "segment"}, {"head": "antennotentorial muscle", "relation": "is_a", "tail": "muscle"}, {"head": "anterior bothriotrichal complex", "relation": "is_a", "tail": "bothriotrical complex"}, {"head": "anterior chaeta", "relation": "is_a", "tail": "anatomical group"}, {"head": "anterior clypeal row", "relation": "is_a", "tail": "row"}, {"head": "anterior craniomandibular muscle", "relation": "is_a", "tail": "muscle"}, {"head": "anterior frontal row", "relation": "is_a", "tail": "row"}, {"head": "anterior postantennal row", "relation": "is_a", "tail": "row"}, {"head": "anterior postoccipital row", "relation": "is_a", "tail": "row"}, {"head": "anterior pseudotentorium", "relation": "is_a", "tail": "cephalic endoskeleton"}, {"head": "anterior row", "relation": "is_a", "tail": "row"}, {"head": "anterior spines", "relation": "is_a", "tail": "anatomical group"}, {"head": "anterior subcoxal1 row", "relation": "is_a", "tail": "row"}, {"head": "anterior-lateral spine", "relation": "is_a", "tail": "spine"}, {"head": "antero-dorsal area", "relation": "is_a", "tail": "area"}, {"head": "antero-lateral area", "relation": "is_a", "tail": "area"}, {"head": "anus", "relation": "is_a", "tail": "orifice"}, {"head": "apical bulb", "relation": "is_a", "tail": "protuberance"}, {"head": "apical corpus lobe", "relation": "is_a", "tail": "lobe"}, {"head": "apical mandibular tooth", "relation": "is_a", "tail": "tooth"}, {"head": "apical mucronal tooth", "relation": "is_a", "tail": "tooth"}, {"head": "apical subsegment", "relation": "is_a", "tail": "segment"}, {"head": "apodeme", "relation": "is_a", "tail": "cuticular invagination"}, {"head": "apophysis", "relation": "is_a", "tail": "apodeme"}, {"head": "appendage", "relation": "is_a", "tail": "anatomical structure"}, {"head": "appendicular chaeta", "relation": "is_a", "tail": "anatomical group"}, {"head": "appendicular chaeta", "relation": "is_a", "tail": "tenent hair"}, {"head": "area", "relation": "is_a", "tail": "fiat object part"}, {"head": "area A1", "relation": "is_a", "tail": "area"}, {"head": "area A10", "relation": "is_a", "tail": "area"}, {"head": "area A11", "relation": "is_a", "tail": "area"}, {"head": "area A12", "relation": "is_a", "tail": "area"}, {"head": "area A13", "relation": "is_a", "tail": "area"}, {"head": "area A14", "relation": "is_a", "tail": "area"}, {"head": "area A2", "relation": "is_a", "tail": "area"}, {"head": "area A3", "relation": "is_a", "tail": "area"}, {"head": "area A4", "relation": "is_a", "tail": "area"}, {"head": "area A5", "relation": "is_a", "tail": "area"}, {"head": "area A6", "relation": "is_a", "tail": "area"}, {"head": "area A7", "relation": "is_a", "tail": "area"}, {"head": "area A8", "relation": "is_a", "tail": "area"}, {"head": "area A9", "relation": "is_a", "tail": "area"}, {"head": "arms of folsom", "relation": "is_a", "tail": "cuticular fulcro-tentorium"}, {"head": "articular surface", "relation": "is_a", "tail": "area"}, {"head": "axial chaeta", "relation": "is_a", "tail": "anatomical group"}, {"head": "axial chaeta", "relation": "is_a", "tail": "tenent hair"}, {"head": "axoneme", "relation": "is_a", "tail": "cilium"}, {"head": "b clypleal row", "relation": "is_a", "tail": "row"}, {"head": "basal corpus lobe", "relation": "is_a", "tail": "lobe"}, {"head": "basal flap", "relation": "is_a", "tail": "ridge"}, {"head": "basal lamina", "relation": "is_a", "tail": "multi-tissue structure"}, {"head": "basal membrane", "relation": "is_a", "tail": "cellular component"}, {"head": "basal plate", "relation": "is_a", "tail": "plate"}, {"head": "basal process", "relation": "is_a", "tail": "anatomical group"}, {"head": "basal process", "relation": "is_a", "tail": "filament"}, {"head": "basal spine", "relation": "is_a", "tail": "spine"}, {"head": "basal subsegment", "relation": "is_a", "tail": "segment"}, {"head": "base of tenent hair", "relation": "is_a", "tail": "tenent hair"}, {"head": "basiantennal area", "relation": "is_a", "tail": "area"}, {"head": "basolateral area", "relation": "is_a", "tail": "area"}, {"head": "basolateral labial field", "relation": "is_a", "tail": "labial triangle"}, {"head": "basomedian area", "relation": "is_a", "tail": "area"}, {"head": "basomedian labial field", "relation": "is_a", "tail": "labial triangle"}, {"head": "beta inter antennal row", "relation": "is_a", "tail": "row"}, {"head": "beta row", "relation": "is_a", "tail": "row"}, {"head": "biological macromolecule", "relation": "is_a", "tail": "anatomical structure"}, {"head": "body region", "relation": "is_a", "tail": "region of organ component"}, {"head": "bothriotrical complex", "relation": "is_a", "tail": "anatomical group"}, {"head": "bothriotrichum", "relation": "is_a", "tail": "chaeta"}, {"head": "bothriotrichum A", "relation": "is_a", "tail": "bothriotrichum"}, {"head": "bothriotrichum B", "relation": "is_a", "tail": "bothriotrichum"}, {"head": "bothriotrichum C", "relation": "is_a", "tail": "bothriotrichum"}, {"head": "bothriotrichum D", "relation": "is_a", "tail": "bothriotrichum"}, {"head": "brain", "relation": "is_a", "tail": "organ"}, {"head": "buccal area", "relation": "is_a", "tail": "area"}, {"head": "c clypleal row", "relation": "is_a", "tail": "row"}, {"head": "caecum", "relation": "is_a", "tail": "digestive tract diverticulum"}, {"head": "carbohydrate", "relation": "is_a", "tail": "biological macromolecule"}, {"head": "cardiac valve", "relation": "is_a", "tail": "muscle organ"}, {"head": "cardinal flexor muscle of the lacina", "relation": "is_a", "tail": "muscle"}, {"head": "cardo", "relation": "is_a", "tail": "area"}, {"head": "cardo-posterior tentorial membrane", "relation": "is_a", "tail": "conjunctiva"}, {"head": "carina", "relation": "is_a", "tail": "protuberance"}, {"head": "caudal spine", "relation": "is_a", "tail": "spine"}, {"head": "cell", "relation": "is_a", "tail": "anatomical structure"}, {"head": "cell cluster organ", "relation": "is_a", "tail": "organ"}, {"head": "cell part", "relation": "is_a", "tail": "cellular component"}, {"head": "cell projection assembly", "relation": "is_a", "tail": "cell part"}, {"head": "cellular component", "relation": "is_a", "tail": "cell"}, {"head": "centroapical chaeta", "relation": "is_a", "tail": "anatomical group"}, {"head": "centroapical chaeta", "relation": "is_a", "tail": "filament"}, {"head": "centromedial chaeta", "relation": "is_a", "tail": "anatomical group"}, {"head": "centroposterior chaeta", "relation": "is_a", "tail": "chaeta"}, {"head": "cephalic endoskeleton", "relation": "is_a", "tail": "endoskeleton"}, {"head": "cephalic groove row", "relation": "is_a", "tail": "row"}, {"head": "cephalic region", "relation": "is_a", "tail": "region of organ component"}, {"head": "cervical area", "relation": "is_a", "tail": "area"}, {"head": "cervix", "relation": "is_a", "tail": "area"}, {"head": "chaeta", "relation": "is_a", "tail": "cuticular projection"}, {"head": "chaeta A.lb", "relation": "is_a", "tail": "chaeta"}, {"head": "chaeta A0.h", "relation": "is_a", "tail": "chaeta"}, {"head": "chaeta A1", "relation": "is_a", "tail": "chaeta"}, {"head": "chaeta A1.h", "relation": "is_a", "tail": "chaeta"}, {"head": "chaeta A2", "relation": "is_a", "tail": "chaeta"}, {"head": "chaeta A2.h", "relation": "is_a", "tail": "chaeta"}, {"head": "chaeta A2a.h", "relation": "is_a", "tail": "chaeta"}, {"head": "chaeta A3", "relation": "is_a", "tail": "chaeta"}, {"head": "chaeta A3.h", "relation": "is_a", "tail": "chaeta"}, {"head": "chaeta A4", "relation": "is_a", "tail": "chaeta"}, {"head": "chaeta A4a", "relation": "is_a", "tail": "chaeta"}, {"head": "chaeta A5", "relation": "is_a", "tail": "chaeta"}, {"head": "chaeta A5.h", "relation": "is_a", "tail": "chaeta"}, {"head": "chaeta A6", "relation": "is_a", "tail": "chaeta"}, {"head": "chaeta AI", "relation": "is_a", "tail": "chaeta"}, {"head": "chaeta AII", "relation": "is_a", "tail": "chaeta"}, {"head": "chaeta AIII", "relation": "is_a", "tail": "chaeta"}, {"head": "chaeta Aai", "relation": "is_a", "tail": "chaeta"}, {"head": "chaeta Ae", "relation": "is_a", "tail": "chaeta"}, {"head": "chaeta Ae1", "relation": "is_a", "tail": "chaeta"}, {"head": "chaeta Ae2", "relation": "is_a", "tail": "chaeta"}, {"head": "chaeta Ae3", "relation": "is_a", "tail": "chaeta"}, {"head": "chaeta Ae4", "relation": "is_a", "tail": "chaeta"}, {"head": "chaeta Ae5", "relation": "is_a", "tail": "chaeta"}, {"head": "chaeta Ai", "relation": "is_a", "tail": "chaeta"}, {"head": "chaeta An1", "relation": "is_a", "tail": "chaeta"}, {"head": "chaeta An1a", "relation": "is_a", "tail": "chaeta"}, {"head": "chaeta An2", "relation": "is_a", "tail": "chaeta"}, {"head": "chaeta An2a", "relation": "is_a", "tail": "chaeta"}, {"head": "chaeta An3", "relation": "is_a", "tail": "chaeta"}, {"head": "chaeta An3a", "relation": "is_a", "tail": "chaeta"}, {"head": "chaeta Ap", "relation": "is_a", "tail": "chaeta"}, {"head": "chaeta Ape", "relation": "is_a", "tail": "chaeta"}, {"head": "chaeta Api", "relation": "is_a", "tail": "chaeta"}, {"head": "chaeta B1", "relation": "is_a", "tail": "chaeta"}, {"head": "chaeta B2", "relation": "is_a", "tail": "chaeta"}, {"head": "chaeta B3", "relation": "is_a", "tail": "chaeta"}, {"head": "chaeta B4", "relation": "is_a", "tail": "chaeta"}, {"head": "chaeta B5", "relation": "is_a", "tail": "chaeta"}, {"head": "chaeta B6", "relation": "is_a", "tail": "chaeta"}, {"head": "chaeta BA", "relation": "is_a", "tail": "chaeta"}, {"head": "chaeta BB", "relation": "is_a", "tail": "chaeta"}, {"head": "chaeta BM1", "relation": "is_a", "tail": "chaeta"}, {"head": "chaeta BM2", "relation": "is_a", "tail": "chaeta"}, {"head": "chaeta BM3", "relation": "is_a", "tail": "chaeta"}, {"head": "chaeta Be1", "relation": "is_a", "tail": "chaeta"}, {"head": "chaeta Be2", "relation": "is_a", "tail": "chaeta"}, {"head": "chaeta Be3", "relation": "is_a", "tail": "chaeta"}, {"head": "chaeta C.lb", "relation": "is_a", "tail": "chaeta"}, {"head": "chaeta C1", "relation": "is_a", "tail": "chaeta"}, {"head": "chaeta C1p", "relation": "is_a", "tail": "chaeta"}, {"head": "chaeta C2", "relation": "is_a", "tail": "chaeta"}, {"head": "chaeta C3", "relation": "is_a", "tail": "chaeta"}, {"head": "chaeta C4", "relation": "is_a", "tail": "chaeta"}, {"head": "chaeta D.lb", "relation": "is_a", "tail": "chaeta"}, {"head": "chaeta D1", "relation": "is_a", "tail": "chaeta"}, {"head": "chaeta D2", "relation": "is_a", "tail": "chaeta"}, {"head": "chaeta D3", "relation": "is_a", "tail": "chaeta"}, {"head": "chaeta D3p", "relation": "is_a", "tail": "chaeta"}, {"head": "chaeta De1", "relation": "is_a", "tail": "chaeta"}, {"head": "chaeta De3", "relation": "is_a", "tail": "chaeta"}, {"head": "chaeta E.lb", "relation": "is_a", "tail": "chaeta"}, {"head": "chaeta E1", "relation": "is_a", "tail": "chaeta"}, {"head": "chaeta E2", "relation": "is_a", "tail": "chaeta"}, {"head": "chaeta E3", "relation": "is_a", "tail": "chaeta"}, {"head": "chaeta E4", "relation": "is_a", "tail": "chaeta"}, {"head": "chaeta E4p", "relation": "is_a", "tail": "chaeta"}, {"head": "chaeta E4p2", "relation": "is_a", "tail": "chaeta"}, {"head": "chaeta Ee10", "relation": "is_a", "tail": "chaeta"}, {"head": "chaeta Ee11", "relation": "is_a", "tail": "chaeta"}, {"head": "chaeta Ee12", "relation": "is_a", "tail": "chaeta"}, {"head": "chaeta Ee2", "relation": "is_a", "tail": "chaeta"}, {"head": "chaeta Ee3", "relation": "is_a", "tail": "chaeta"}, {"head": "chaeta Ee4", "relation": "is_a", "tail": "chaeta"}, {"head": "chaeta Ee5", "relation": "is_a", "tail": "chaeta"}, {"head": "chaeta Ee6", "relation": "is_a", "tail": "chaeta"}, {"head": "chaeta Ee7", "relation": "is_a", "tail": "chaeta"}, {"head": "chaeta Ee8", "relation": "is_a", "tail": "chaeta"}, {"head": "chaeta Ee9", "relation": "is_a", "tail": "chaeta"}, {"head": "chaeta F.lb", "relation": "is_a", "tail": "chaeta"}, {"head": "chaeta F1", "relation": "is_a", "tail": "chaeta"}, {"head": "chaeta F2", "relation": "is_a", "tail": "chaeta"}, {"head": "chaeta F3", "relation": "is_a", "tail": "chaeta"}, {"head": "chaeta F4", "relation": "is_a", "tail": "chaeta"}, {"head": "chaeta F5", "relation": "is_a", "tail": "chaeta"}, {"head": "chaeta F6", "relation": "is_a", "tail": "chaeta"}, {"head": "chaeta Fe1", "relation": "is_a", "tail": "chaeta"}, {"head": "chaeta Fe2", "relation": "is_a", "tail": "chaeta"}, {"head": "chaeta Fe3", "relation": "is_a", "tail": "chaeta"}, {"head": "chaeta Fe4", "relation": "is_a", "tail": "chaeta"}, {"head": "chaeta Fe5", "relation": "is_a", "tail": "chaeta"}, {"head": "chaeta Fe6", "relation": "is_a", "tail": "chaeta"}, {"head": "chaeta G", "relation": "is_a", "tail": "chaeta"}, {"head": "chaeta M0", "relation": "is_a", "tail": "chaeta"}, {"head": "chaeta M1", "relation": "is_a", "tail": "chaeta"}, {"head": "chaeta M2", "relation": "is_a", "tail": "chaeta"}, {"head": "chaeta M3", "relation": "is_a", "tail": "chaeta"}, {"head": "chaeta M4", "relation": "is_a", "tail": "chaeta"}, {"head": "chaeta M4i", "relation": "is_a", "tail": "chaeta"}, {"head": "chaeta M5", "relation": "is_a", "tail": "chaeta"}, {"head": "chaeta Pa2", "relation": "is_a", "tail": "chaeta"}, {"head": "chaeta Pa4", "relation": "is_a", "tail": "chaeta"}, {"head": "chaeta Pa5", "relation": "is_a", "tail": "chaeta"}, {"head": "chaeta Pa6", "relation": "is_a", "tail": "chaeta"}, {"head": "chaeta Pe3", "relation": "is_a", "tail": "chaeta"}, {"head": "chaeta Pm1", "relation": "is_a", "tail": "chaeta"}, {"head": "chaeta Pm3", "relation": "is_a", "tail": "chaeta"}, {"head": "chaeta Pp1", "relation": "is_a", "tail": "chaeta"}, {"head": "chaeta Pp2", "relation": "is_a", "tail": "chaeta"}, {"head": "chaeta Pp3", "relation": "is_a", "tail": "chaeta"}, {"head": "chaeta Pp4", "relation": "is_a", "tail": "chaeta"}, {"head": "chaeta Pp5", "relation": "is_a", "tail": "chaeta"}, {"head": "chaeta Pp6", "relation": "is_a", "tail": "chaeta"}, {"head": "chaeta Ps2", "relation": "is_a", "tail": "chaeta"}, {"head": "chaeta Ps3", "relation": "is_a", "tail": "chaeta"}, {"head": "chaeta Ps5", "relation": "is_a", "tail": "chaeta"}, {"head": "chaeta S0", "relation": "is_a", "tail": "chaeta"}, {"head": "chaeta S1", "relation": "is_a", "tail": "chaeta"}, {"head": "chaeta S2", "relation": "is_a", "tail": "chaeta"}, {"head": "chaeta S3", "relation": "is_a", "tail": "chaeta"}, {"head": "chaeta S4", "relation": "is_a", "tail": "chaeta"}, {"head": "chaeta S5", "relation": "is_a", "tail": "chaeta"}, {"head": "chaeta S6", "relation": "is_a", "tail": "chaeta"}, {"head": "chaeta T1", "relation": "is_a", "tail": "chaeta"}, {"head": "chaeta T2", "relation": "is_a", "tail": "chaeta"}, {"head": "chaeta T3", "relation": "is_a", "tail": "chaeta"}, {"head": "chaeta T4", "relation": "is_a", "tail": "chaeta"}, {"head": "chaeta T5", "relation": "is_a", "tail": "chaeta"}, {"head": "chaeta T6", "relation": "is_a", "tail": "chaeta"}, {"head": "chaeta T7", "relation": "is_a", "tail": "chaeta"}, {"head": "chaeta Te3", "relation": "is_a", "tail": "chaeta"}, {"head": "chaeta a.l.0", "relation": "is_a", "tail": "chaeta"}, {"head": "chaeta a.l.1", "relation": "is_a", "tail": "chaeta"}, {"head": "chaeta a.l.2", "relation": "is_a", "tail": "chaeta"}, {"head": "chaeta a1.ab1", "relation": "is_a", "tail": "chaeta"}, {"head": "chaeta a1.ab5", "relation": "is_a", "tail": "chaeta"}, {"head": "chaeta a1.lb", "relation": "is_a", "tail": "chaeta"}, {"head": "chaeta a1.t2", "relation": "is_a", "tail": "chaeta"}, {"head": "chaeta a1.t3", "relation": "is_a", "tail": "chaeta"}, {"head": "chaeta a2.ab1", "relation": "is_a", "tail": "chaeta"}, {"head": "chaeta a2.ab2", "relation": "is_a", "tail": "chaeta"}, {"head": "chaeta a2.ab3", "relation": "is_a", "tail": "chaeta"}, {"head": "chaeta a2.lb", "relation": "is_a", "tail": "chaeta"}, {"head": "chaeta a2.t2", "relation": "is_a", "tail": "chaeta"}, {"head": "chaeta a2.t3", "relation": "is_a", "tail": "chaeta"}, {"head": "chaeta a2p.ab2", "relation": "is_a", "tail": "chaeta"}, {"head": "chaeta a3.ab1", "relation": "is_a", "tail": "chaeta"}, {"head": "chaeta a3.ab2", "relation": "is_a", "tail": "chaeta"}, {"head": "chaeta a3.ab3", "relation": "is_a", "tail": "chaeta"}, {"head": "chaeta a3.ab5", "relation": "is_a", "tail": "chaeta"}, {"head": "chaeta a3.lb", "relation": "is_a", "tail": "chaeta"}, {"head": "chaeta a3.t2", "relation": "is_a", "tail": "chaeta"}, {"head": "chaeta a3.t3", "relation": "is_a", "tail": "chaeta"}, {"head": "chaeta a4.lb", "relation": "is_a", "tail": "chaeta"}, {"head": "chaeta a4.t2", "relation": "is_a", "tail": "chaeta"}, {"head": "chaeta a4.t3", "relation": "is_a", "tail": "chaeta"}, {"head": "chaeta a5.ab1", "relation": "is_a", "tail": "chaeta"}, {"head": "chaeta a5.ab2", "relation": "is_a", "tail": "chaeta"}, {"head": "chaeta a5.ab3", "relation": "is_a", "tail": "chaeta"}, {"head": "chaeta a5.ab5", "relation": "is_a", "tail": "chaeta"}, {"head": "chaeta a5.lb", "relation": "is_a", "tail": "chaeta"}, {"head": "chaeta a6.ab1", "relation": "is_a", "tail": "chaeta"}, {"head": "chaeta a6.ab2", "relation": "is_a", "tail": "chaeta"}, {"head": "chaeta a6.ab3", "relation": "is_a", "tail": "chaeta"}, {"head": "chaeta a6.ab5", "relation": "is_a", "tail": "chaeta"}, {"head": "chaeta a6.t2", "relation": "is_a", "tail": "chaeta"}, {"head": "chaeta a6.t3", "relation": "is_a", "tail": "chaeta"}, {"head": "chaeta a7.ab2", "relation": "is_a", "tail": "chaeta"}, {"head": "chaeta a7.ab3", "relation": "is_a", "tail": "chaeta"}, {"head": "chaeta a7.t2", "relation": "is_a", "tail": "chaeta"}, {"head": "chaeta a7.t3", "relation": "is_a", "tail": "chaeta"}, {"head": "chaeta am6.ab3", "relation": "is_a", "tail": "chaeta"}, {"head": "chaeta as.ab2", "relation": "is_a", "tail": "chaeta"}, {"head": "chaeta b1", "relation": "is_a", "tail": "chaeta"}, {"head": "chaeta b3", "relation": "is_a", "tail": "chaeta"}, {"head": "chaeta b5", "relation": "is_a", "tail": "chaeta"}, {"head": "chaeta b7", "relation": "is_a", "tail": "chaeta"}, {"head": "chaeta c.lb", "relation": "is_a", "tail": "chaeta"}, {"head": "chaeta c1", "relation": "is_a", "tail": "chaeta"}, {"head": "chaeta c2", "relation": "is_a", "tail": "chaeta"}, {"head": "chaeta c3", "relation": "is_a", "tail": "chaeta"}, {"head": "chaeta c4", "relation": "is_a", "tail": "chaeta"}, {"head": "chaeta c5", "relation": "is_a", "tail": "chaeta"}, {"head": "chaeta cg1", "relation": "is_a", "tail": "chaeta"}, {"head": "chaeta cg2", "relation": "is_a", "tail": "chaeta"}, {"head": "chaeta d.lb", "relation": "is_a", "tail": "chaeta"}, {"head": "chaeta d1", "relation": "is_a", "tail": "chaeta"}, {"head": "chaeta d2", "relation": "is_a", "tail": "chaeta"}, {"head": "chaeta d3", "relation": "is_a", "tail": "chaeta"}, {"head": "chaeta d4", "relation": "is_a", "tail": "chaeta"}, {"head": "chaeta d5", "relation": "is_a", "tail": "chaeta"}, {"head": "chaeta e.lb", "relation": "is_a", "tail": "chaeta"}, {"head": "chaeta em", "relation": "is_a", "tail": "chaeta"}, {"head": "chaeta em.ab3", "relation": "is_a", "tail": "chaeta"}, {"head": "chaeta emp.ab3", "relation": "is_a", "tail": "chaeta"}, {"head": "chaeta f.lb", "relation": "is_a", "tail": "chaeta"}, {"head": "chaeta g1", "relation": "is_a", "tail": "chaeta"}, {"head": "chaeta g2", "relation": "is_a", "tail": "chaeta"}, {"head": "chaeta g3", "relation": "is_a", "tail": "chaeta"}, {"head": "chaeta g4", "relation": "is_a", "tail": "chaeta"}, {"head": "chaeta g5", "relation": "is_a", "tail": "chaeta"}, {"head": "chaeta im.ab3", "relation": "is_a", "tail": "chaeta"}, {"head": "chaeta l1.lb", "relation": "is_a", "tail": "chaeta"}, {"head": "chaeta l2.lb", "relation": "is_a", "tail": "chaeta"}, {"head": "chaeta li", "relation": "is_a", "tail": "chaeta"}, {"head": "chaeta li.ab2", "relation": "is_a", "tail": "chaeta"}, {"head": "chaeta li.ab3", "relation": "is_a", "tail": "chaeta"}, {"head": "chaeta ll", "relation": "is_a", "tail": "chaeta"}, {"head": "chaeta ll.ab3", "relation": "is_a", "tail": "chaeta"}, {"head": "chaeta lm", "relation": "is_a", "tail": "chaeta"}, {"head": "chaeta lm.ab2", "relation": "is_a", "tail": "chaeta"}, {"head": "chaeta lm.ab3", "relation": "is_a", "tail": "chaeta"}, {"head": "chaeta m", "relation": "is_a", "tail": "chaeta"}, {"head": "chaeta m.l.0", "relation": "is_a", "tail": "chaeta"}, {"head": "chaeta m.l.1", "relation": "is_a", "tail": "chaeta"}, {"head": "chaeta m.l.2", "relation": "is_a", "tail": "chaeta"}, {"head": "chaeta m1.lb", "relation": "is_a", "tail": "chaeta"}, {"head": "chaeta m1.t2", "relation": "is_a", "tail": "chaeta"}, {"head": "chaeta m1.t3", "relation": "is_a", "tail": "chaeta"}, {"head": "chaeta m1i.t2", "relation": "is_a", "tail": "chaeta"}, {"head": "chaeta m2.ab1", "relation": "is_a", "tail": "chaeta"}, {"head": "chaeta m2.ab2", "relation": "is_a", "tail": "chaeta"}, {"head": "chaeta m2.ab3", "relation": "is_a", "tail": "chaeta"}, {"head": "chaeta m2.ab5", "relation": "is_a", "tail": "chaeta"}, {"head": "chaeta m2.lb", "relation": "is_a", "tail": "chaeta"}, {"head": "chaeta m2.t2", "relation": "is_a", "tail": "chaeta"}, {"head": "chaeta m2.t3", "relation": "is_a", "tail": "chaeta"}, {"head": "chaeta m3.ab1", "relation": "is_a", "tail": "chaeta"}, {"head": "chaeta m3.ab2", "relation": "is_a", "tail": "chaeta"}, {"head": "chaeta m3.ab3", "relation": "is_a", "tail": "chaeta"}, {"head": "chaeta m3.ab5", "relation": "is_a", "tail": "chaeta"}, {"head": "chaeta m3.lb", "relation": "is_a", "tail": "chaeta"}, {"head": "chaeta m3.t2", "relation": "is_a", "tail": "chaeta"}, {"head": "chaeta m3.t3", "relation": "is_a", "tail": "chaeta"}, {"head": "chaeta m3a.ab5", "relation": "is_a", "tail": "chaeta"}, {"head": "chaeta m3e.ab2", "relation": "is_a", "tail": "chaeta"}, {"head": "chaeta m4.ab1", "relation": "is_a", "tail": "chaeta"}, {"head": "chaeta m4.ab2", "relation": "is_a", "tail": "chaeta"}, {"head": "chaeta m4.t2", "relation": "is_a", "tail": "chaeta"}, {"head": "chaeta m4.t3", "relation": "is_a", "tail": "chaeta"}, {"head": "chaeta m5.ab1", "relation": "is_a", "tail": "chaeta"}, {"head": "chaeta m5.ab2", "relation": "is_a", "tail": "chaeta"}, {"head": "chaeta m5.ab3", "relation": "is_a", "tail": "chaeta"}, {"head": "chaeta m5.ab5", "relation": "is_a", "tail": "chaeta"}, {"head": "chaeta m5.t2", "relation": "is_a", "tail": "chaeta"}, {"head": "chaeta m5.t3", "relation": "is_a", "tail": "chaeta"}, {"head": "chaeta m5a.ab5", "relation": "is_a", "tail": "chaeta"}, {"head": "chaeta m5e.ab5", "relation": "is_a", "tail": "chaeta"}, {"head": "chaeta m6.ab1", "relation": "is_a", "tail": "chaeta"}, {"head": "chaeta m6.ab2", "relation": "is_a", "tail": "chaeta"}, {"head": "chaeta m6.t3", "relation": "is_a", "tail": "chaeta"}, {"head": "chaeta m6e.t2", "relation": "is_a", "tail": "chaeta"}, {"head": "chaeta m7.ab2", "relation": "is_a", "tail": "chaeta"}, {"head": "chaeta m7.ab3", "relation": "is_a", "tail": "chaeta"}, {"head": "chaeta m7.t2", "relation": "is_a", "tail": "chaeta"}, {"head": "chaeta m7.t3", "relation": "is_a", "tail": "chaeta"}, {"head": "chaeta m7e.ab3", "relation": "is_a", "tail": "chaeta"}, {"head": "chaeta mi", "relation": "is_a", "tail": "chaeta"}, {"head": "chaeta mi.ab2", "relation": "is_a", "tail": "chaeta"}, {"head": "chaeta mi.ab3", "relation": "is_a", "tail": "chaeta"}, {"head": "chaeta ml.ab3", "relation": "is_a", "tail": "chaeta"}, {"head": "chaeta p.h", "relation": "is_a", "tail": "chaeta"}, {"head": "chaeta p.l.0", "relation": "is_a", "tail": "chaeta"}, {"head": "chaeta p.l.1", "relation": "is_a", "tail": "chaeta"}, {"head": "chaeta p.l.2", "relation": "is_a", "tail": "chaeta"}, {"head": "chaeta p1", "relation": "is_a", "tail": "chaeta"}, {"head": "chaeta p1.ab5", "relation": "is_a", "tail": "chaeta"}, {"head": "chaeta p1.t3", "relation": "is_a", "tail": "chaeta"}, {"head": "chaeta p2", "relation": "is_a", "tail": "chaeta"}, {"head": "chaeta p2.t2", "relation": "is_a", "tail": "chaeta"}, {"head": "chaeta p2.t3", "relation": "is_a", "tail": "chaeta"}, {"head": "chaeta p3", "relation": "is_a", "tail": "chaeta"}, {"head": "chaeta p3.ab3", "relation": "is_a", "tail": "chaeta"}, {"head": "chaeta p3.ab5", "relation": "is_a", "tail": "chaeta"}, {"head": "chaeta p3.t2", "relation": "is_a", "tail": "chaeta"}, {"head": "chaeta p3.t3", "relation": "is_a", "tail": "chaeta"}, {"head": "chaeta p4", "relation": "is_a", "tail": "chaeta"}, {"head": "chaeta p4.ab3", "relation": "is_a", "tail": "chaeta"}, {"head": "chaeta p4.ab5", "relation": "is_a", "tail": "chaeta"}, {"head": "chaeta p4.t2", "relation": "is_a", "tail": "chaeta"}, {"head": "chaeta p4.t3", "relation": "is_a", "tail": "chaeta"}, {"head": "chaeta p5", "relation": "is_a", "tail": "chaeta"}, {"head": "chaeta p5.ab1", "relation": "is_a", "tail": "chaeta"}, {"head": "chaeta p5.ab2", "relation": "is_a", "tail": "chaeta"}, {"head": "chaeta p5.ab3", "relation": "is_a", "tail": "chaeta"}, {"head": "chaeta p5.ab5", "relation": "is_a", "tail": "chaeta"}, {"head": "chaeta p5.t2", "relation": "is_a", "tail": "chaeta"}, {"head": "chaeta p5.t3", "relation": "is_a", "tail": "chaeta"}, {"head": "chaeta p5a.ab5", "relation": "is_a", "tail": "chaeta"}, {"head": "chaeta p5p.ab2", "relation": "is_a", "tail": "chaeta"}, {"head": "chaeta p6.ab1", "relation": "is_a", "tail": "chaeta"}, {"head": "chaeta p6.ab2", "relation": "is_a", "tail": "chaeta"}, {"head": "chaeta p6.ab3", "relation": "is_a", "tail": "chaeta"}, {"head": "chaeta p6.ab5", "relation": "is_a", "tail": "chaeta"}, {"head": "chaeta p6.t2", "relation": "is_a", "tail": "chaeta"}, {"head": "chaeta p6.t3", "relation": "is_a", "tail": "chaeta"}, {"head": "chaeta p7.ab2", "relation": "is_a", "tail": "chaeta"}, {"head": "chaeta p7.ab3", "relation": "is_a", "tail": "chaeta"}, {"head": "chaeta p7.t2", "relation": "is_a", "tail": "chaeta"}, {"head": "chaeta p7.t3", "relation": "is_a", "tail": "chaeta"}, {"head": "chaeta pe", "relation": "is_a", "tail": "chaeta"}, {"head": "chaeta pi", "relation": "is_a", "tail": "chaeta"}, {"head": "chaeta pm6.ab3", "relation": "is_a", "tail": "chaeta"}, {"head": "chaeta pp", "relation": "is_a", "tail": "chaeta"}, {"head": "chaeta q.h", "relation": "is_a", "tail": "chaeta"}, {"head": "chaeta r.h", "relation": "is_a", "tail": "chaeta"}, {"head": "chaeta r.lb", "relation": "is_a", "tail": "chaeta"}, {"head": "chaeta s", "relation": "is_a", "tail": "chaeta"}, {"head": "chaeta s.h", "relation": "is_a", "tail": "chaeta"}, {"head": "chaeta s1", "relation": "is_a", "tail": "chaeta"}, {"head": "chaeta s2", "relation": "is_a", "tail": "chaeta"}, {"head": "chaeta s3", "relation": "is_a", "tail": "chaeta"}, {"head": "chaeta s4", "relation": "is_a", "tail": "chaeta"}, {"head": "chaeta s5", "relation": "is_a", "tail": "chaeta"}, {"head": "chaeta sa1", "relation": "is_a", "tail": "chaeta"}, {"head": "chaeta sa2", "relation": "is_a", "tail": "chaeta"}, {"head": "chaeta sa3", "relation": "is_a", "tail": "chaeta"}, {"head": "chaeta sa4", "relation": "is_a", "tail": "chaeta"}, {"head": "chaeta sa5", "relation": "is_a", "tail": "chaeta"}, {"head": "chaeta sb1", "relation": "is_a", "tail": "chaeta"}, {"head": "chaeta sb3", "relation": "is_a", "tail": "chaeta"}, {"head": "chaeta sb4", "relation": "is_a", "tail": "chaeta"}, {"head": "chaeta sb5", "relation": "is_a", "tail": "chaeta"}, {"head": "chaeta sb6", "relation": "is_a", "tail": "chaeta"}, {"head": "chaeta sb7", "relation": "is_a", "tail": "chaeta"}, {"head": "chaeta sd1", "relation": "is_a", "tail": "chaeta"}, {"head": "chaeta sd2", "relation": "is_a", "tail": "chaeta"}, {"head": "chaeta sd3", "relation": "is_a", "tail": "chaeta"}, {"head": "chaeta sd4", "relation": "is_a", "tail": "chaeta"}, {"head": "chaeta sd5", "relation": "is_a", "tail": "chaeta"}, {"head": "chaeta t.h", "relation": "is_a", "tail": "chaeta"}, {"head": "chaeta v1", "relation": "is_a", "tail": "chaeta"}, {"head": "chaeta v2", "relation": "is_a", "tail": "chaeta"}, {"head": "chaeta x.lb", "relation": "is_a", "tail": "chaeta"}, {"head": "chaetal alveolus", "relation": "is_a", "tail": "rim"}, {"head": "chaetotaxy", "relation": "is_a", "tail": "anatomical group"}, {"head": "chatea sb2", "relation": "is_a", "tail": "chaeta"}, {"head": "chitin", "relation": "is_a", "tail": "polysaccharide"}, {"head": "chromatin", "relation": "is_a", "tail": "intracellular part"}, {"head": "chromosomal part", "relation": "is_a", "tail": "intracellular part"}, {"head": "cilium", "relation": "is_a", "tail": "cell projection assembly"}, {"head": "circular area", "relation": "is_a", "tail": "area"}, {"head": "circulatory system", "relation": "is_a", "tail": "anatomical system"}, {"head": "circumanal chaeta", "relation": "is_a", "tail": "anatomical group"}, {"head": "circumesophageal vessel ring", "relation": "is_a", "tail": "vessel"}, {"head": "clypeal area", "relation": "is_a", "tail": "area"}, {"head": "clypeal chaetae", "relation": "is_a", "tail": "anatomical group"}, {"head": "clypeal tubercle", "relation": "is_a", "tail": "tubercle"}, {"head": "clypeofrons", "relation": "is_a", "tail": "sclerite"}, {"head": "clypeolabrum", "relation": "is_a", "tail": "sclerite"}, {"head": "clypeus", "relation": "is_a", "tail": "area"}, {"head": "collar", "relation": "is_a", "tail": "anatomical group"}, {"head": "collophore", "relation": "is_a", "tail": "appendage"}, {"head": "collophore chaeta", "relation": "is_a", "tail": "anatomical group"}, {"head": "compound organ", "relation": "is_a", "tail": "anatomical structure"}, {"head": "condyle", "relation": "is_a", "tail": "articular surface"}, {"head": "conjunctiva", "relation": "is_a", "tail": "area"}, {"head": "connecting cell", "relation": "is_a", "tail": "cellular component"}, {"head": "connective tissue", "relation": "is_a", "tail": "portion of tissue"}, {"head": "cornea", "relation": "is_a", "tail": "ectoderm-derived structure"}, {"head": "cornea nipple", "relation": "is_a", "tail": "ectoderm-derived structure"}, {"head": "corneagenous cell", "relation": "is_a", "tail": "cellular component"}, {"head": "coronal suture", "relation": "is_a", "tail": "suture"}, {"head": "corpora cardiacum nerve", "relation": "is_a", "tail": "nerve"}, {"head": "corpus", "relation": "is_a", "tail": "retinaculum segment"}, {"head": "corpus allatum", "relation": "is_a", "tail": "neurohemal organ"}, {"head": "corpus cardiacum", "relation": "is_a", "tail": "neurohemal organ"}, {"head": "corpus posterior lobe", "relation": "is_a", "tail": "lobe"}, {"head": "coxa", "relation": "is_a", "tail": "leg segment"}, {"head": "coxopodite", "relation": "is_a", "tail": "embryo"}, {"head": "craniumcardinal muscle", "relation": "is_a", "tail": "muscle"}, {"head": "crop", "relation": "is_a", "tail": "gut section"}, {"head": "crystalline cone", "relation": "is_a", "tail": "eye part"}, {"head": "cup-like organ", "relation": "is_a", "tail": "anatomical group"}, {"head": "cuticle", "relation": "is_a", "tail": "acellular anatomical structure"}, {"head": "cuticular cavity", "relation": "is_a", "tail": "anatomical space"}, {"head": "cuticular clasps", "relation": "is_a", "tail": "ridge"}, {"head": "cuticular fold", "relation": "is_a", "tail": "anatomical folds"}, {"head": "cuticular fulcro-tentorium", "relation": "is_a", "tail": "cephalic endoskeleton"}, {"head": "cuticular invagination", "relation": "is_a", "tail": "area"}, {"head": "cuticular projection", "relation": "is_a", "tail": "sense organ"}, {"head": "cuticulin layer", "relation": "is_a", "tail": "cuticle"}, {"head": "cylindrical corpus", "relation": "is_a", "tail": "collophore"}, {"head": "cytoplasm", "relation": "is_a", "tail": "intracellular part"}, {"head": "cytoplasmic organelle", "relation": "is_a", "tail": "cell part"}, {"head": "cytoplasmic structures", "relation": "is_a", "tail": "cytoplasm"}, {"head": "cytoskeleton", "relation": "is_a", "tail": "cytoplasmic structures"}, {"head": "d clypleal row", "relation": "is_a", "tail": "row"}, {"head": "delta row", "relation": "is_a", "tail": "row"}, {"head": "dendrite", "relation": "is_a", "tail": "cell projection assembly"}, {"head": "dens", "relation": "is_a", "tail": "furcula segment"}, {"head": "dental chaeta", "relation": "is_a", "tail": "anatomical group"}, {"head": "dental papilla", "relation": "is_a", "tail": "papilla"}, {"head": "dental scale", "relation": "is_a", "tail": "anatomical group"}, {"head": "dental spine", "relation": "is_a", "tail": "anatomical group"}, {"head": "dental tubercle", "relation": "is_a", "tail": "tubercle"}, {"head": "dermastra", "relation": "is_a", "tail": "area"}, {"head": "deutocerebrum", "relation": "is_a", "tail": "nervous system"}, {"head": "digestive system", "relation": "is_a", "tail": "anatomical system"}, {"head": "digestive system", "relation": "is_a", "tail": "organ part"}, {"head": "digestive tract diverticulum", "relation": "is_a", "tail": "subdivision of digestive tract"}, {"head": "digestive tube", "relation": "is_a", "tail": "tube"}, {"head": "dioptric apparatus", "relation": "is_a", "tail": "eye part"}, {"head": "distal proximal chaeta", "relation": "is_a", "tail": "anatomical group"}, {"head": "dorsal anal valve", "relation": "is_a", "tail": "anal valve"}, {"head": "dorsal area", "relation": "is_a", "tail": "area"}, {"head": "dorsal cephalic chaetae", "relation": "is_a", "tail": "anatomical group"}, {"head": "dorsal chaeta", "relation": "is_a", "tail": "anatomical group"}, {"head": "dorsal longitudinal muscle", "relation": "is_a", "tail": "muscle"}, {"head": "dorsal suspensory muscle", "relation": "is_a", "tail": "muscle"}, {"head": "dorsal vessel", "relation": "is_a", "tail": "vessel"}, {"head": "dorso-lateral mandibular ridge", "relation": "is_a", "tail": "cuticular invagination"}, {"head": "dorso-lateral oesophageal dilator muscle", "relation": "is_a", "tail": "muscle"}, {"head": "dorsoexternal tubercle", "relation": "is_a", "tail": "tubercle"}, {"head": "dorsointernal tubercle", "relation": "is_a", "tail": "tubercle"}, {"head": "dorsolateral process", "relation": "is_a", "tail": "anatomical group"}, {"head": "dorsolateral process", "relation": "is_a", "tail": "filament"}, {"head": "dorsolateral tubercle", "relation": "is_a", "tail": "tubercle"}, {"head": "dorsolongitudinal muscle", "relation": "is_a", "tail": "muscle"}, {"head": "dorsolongitudinal muscle 1", "relation": "is_a", "tail": "dorsolongitudinal muscle"}, {"head": "dorsolongitudinal muscle 2", "relation": "is_a", "tail": "dorsolongitudinal muscle"}, {"head": "dorsoventral longitudinal muscle", "relation": "is_a", "tail": "muscle"}, {"head": "dorsoventral longitudinal muscle 1", "relation": "is_a", "tail": "dorsoventral longitudinal muscle"}, {"head": "dorsoventral longitudinal muscle 2", "relation": "is_a", "tail": "dorsoventral longitudinal muscle"}, {"head": "dorsoventral longitudinal muscle 3", "relation": "is_a", "tail": "dorsoventral longitudinal muscle"}, {"head": "dorsoventral muscle", "relation": "is_a", "tail": "muscle"}, {"head": "dzeta row", "relation": "is_a", "tail": "row"}, {"head": "e clypleal row", "relation": "is_a", "tail": "row"}, {"head": "ectoderm-derived structure", "relation": "is_a", "tail": "anatomical structure"}, {"head": "embryionic mandibular segment", "relation": "is_a", "tail": "embryonic segment"}, {"head": "embryo", "relation": "is_a", "tail": "multicellular structure"}, {"head": "embryonic antennal segment", "relation": "is_a", "tail": "embryonic segment"}, {"head": "embryonic maxillary segment", "relation": "is_a", "tail": "embryonic segment"}, {"head": "embryonic segment", "relation": "is_a", "tail": "segment"}, {"head": "endocrine system", "relation": "is_a", "tail": "anatomical system"}, {"head": "endocuticle", "relation": "is_a", "tail": "cuticle"}, {"head": "endonuclear rod", "relation": "is_a", "tail": "nuclear part"}, {"head": "endoskeletal membrane", "relation": "is_a", "tail": "conjunctiva"}, {"head": "endoskeleton", "relation": "is_a", "tail": "organ system subdivision"}, {"head": "endosternite", "relation": "is_a", "tail": "cuticular fulcro-tentorium"}, {"head": "epicoxa", "relation": "is_a", "tail": "leg segment"}, {"head": "epicranial suture", "relation": "is_a", "tail": "suture"}, {"head": "epicranium", "relation": "is_a", "tail": "area"}, {"head": "epicuticle", "relation": "is_a", "tail": "cuticle"}, {"head": "epidermal cell", "relation": "is_a", "tail": "cellular component"}, {"head": "epipharingeal rods", "relation": "is_a", "tail": "cuticular fulcro-tentorium"}, {"head": "epipharynx", "relation": "is_a", "tail": "area"}, {"head": "epithelial coelomosac", "relation": "is_a", "tail": "anatomical space"}, {"head": "epithelial vesicle", "relation": "is_a", "tail": "epithelium"}, {"head": "epithelium", "relation": "is_a", "tail": "tissue"}, {"head": "epsilon row", "relation": "is_a", "tail": "row"}, {"head": "eta row", "relation": "is_a", "tail": "row"}, {"head": "eugenital chaeta", "relation": "is_a", "tail": "anatomical group"}, {"head": "eversible sac", "relation": "is_a", "tail": "sac"}, {"head": "excretory gland", "relation": "is_a", "tail": "gland"}, {"head": "excretory system", "relation": "is_a", "tail": "anatomical system"}, {"head": "excretory tube", "relation": "is_a", "tail": "tube"}, {"head": "exocuticle", "relation": "is_a", "tail": "cuticle"}, {"head": "external encapsulating structure", "relation": "is_a", "tail": "cellular component"}, {"head": "external postoccipital row", "relation": "is_a", "tail": "row"}, {"head": "external sensillum", "relation": "is_a", "tail": "sensillum"}, {"head": "extra-acrosomial material", "relation": "is_a", "tail": "cellular component"}, {"head": "eye part", "relation": "is_a", "tail": "organ of special sense part"}, {"head": "eye patch", "relation": "is_a", "tail": "anatomical group"}, {"head": "f clypleal row", "relation": "is_a", "tail": "row"}, {"head": "facial chaeta", "relation": "is_a", "tail": "anatomical group"}, {"head": "female genital plate", "relation": "is_a", "tail": "genital plate"}, {"head": "female genitalia", "relation": "is_a", "tail": "genitalia"}, {"head": "femur", "relation": "is_a", "tail": "leg segment"}, {"head": "fiat object part", "relation": "is_a", "tail": "material anatomical entity"}, {"head": "fifth abdominal segment chaeta", "relation": "is_a", "tail": "anatomical group"}, {"head": "filament", "relation": "is_a", "tail": "spicule"}, {"head": "filter chamber", "relation": "is_a", "tail": "anatomical space"}, {"head": "first abdominal segment chaeta", "relation": "is_a", "tail": "anatomical group"}, {"head": "first instar vestiture", "relation": "is_a", "tail": "inmature vestiture"}, {"head": "first row of papillae", "relation": "is_a", "tail": "row"}, {"head": "foramen", "relation": "is_a", "tail": "anatomical space"}, {"head": "fore leg", "relation": "is_a", "tail": "leg"}, {"head": "fourth abdominal segment chaeta", "relation": "is_a", "tail": "anatomical group"}, {"head": "foveae", "relation": "is_a", "tail": "area"}, {"head": "frontal chaetae", "relation": "is_a", "tail": "anatomical group"}, {"head": "frontal organ", "relation": "is_a", "tail": "sense organ"}, {"head": "frontal region", "relation": "is_a", "tail": "cephalic region"}, {"head": "frontal sclerite", "relation": "is_a", "tail": "cuticular fulcro-tentorium"}, {"head": "frontal suture", "relation": "is_a", "tail": "suture"}, {"head": "frontoclypeal area", "relation": "is_a", "tail": "area"}, {"head": "frontoclypeal chaeta", "relation": "is_a", "tail": "anatomical group"}, {"head": "fulcrum", "relation": "is_a", "tail": "cuticular fulcro-tentorium"}, {"head": "furcal area", "relation": "is_a", "tail": "area"}, {"head": "furcula", "relation": "is_a", "tail": "appendage"}, {"head": "furcula chaeta", "relation": "is_a", "tail": "anatomical group"}, {"head": "furcula segment", "relation": "is_a", "tail": "segment"}, {"head": "gamma row", "relation": "is_a", "tail": "row"}, {"head": "ganglion", "relation": "is_a", "tail": "cell cluster organ"}, {"head": "gena", "relation": "is_a", "tail": "area"}, {"head": "genal area", "relation": "is_a", "tail": "area"}, {"head": "genital area", "relation": "is_a", "tail": "area"}, {"head": "genital papilla", "relation": "is_a", "tail": "papilla"}, {"head": "genital plate", "relation": "is_a", "tail": "plate"}, {"head": "genital plate chaeta", "relation": "is_a", "tail": "anatomical group"}, {"head": "genital segment", "relation": "is_a", "tail": "segment"}, {"head": "genitalia", "relation": "is_a", "tail": "reproductive system"}, {"head": "gland", "relation": "is_a", "tail": "organ"}, {"head": "glycocalyx", "relation": "is_a", "tail": "external encapsulating structure"}, {"head": "glycogen", "relation": "is_a", "tail": "polysaccharide"}, {"head": "gnathal pouch", "relation": "is_a", "tail": "anatomical space"}, {"head": "gnathal segment", "relation": "is_a", "tail": "embryonic segment"}, {"head": "golgi complex", "relation": "is_a", "tail": "cytoplasmic organelle"}, {"head": "gonad", "relation": "is_a", "tail": "reproductive system"}, {"head": "gonopore", "relation": "is_a", "tail": "orifice"}, {"head": "great abdomen", "relation": "is_a", "tail": "abdominal segment"}, {"head": "groove", "relation": "is_a", "tail": "line"}, {"head": "guard chaeta", "relation": "is_a", "tail": "anatomical group"}, {"head": "guard sensillum", "relation": "is_a", "tail": "sensillum"}, {"head": "gula", "relation": "is_a", "tail": "area"}, {"head": "gut section", "relation": "is_a", "tail": "digestive system"}, {"head": "head", "relation": "is_a", "tail": "tagma"}, {"head": "head capsule", "relation": "is_a", "tail": "anatomical cluster"}, {"head": "head capsule spine-like apodeme", "relation": "is_a", "tail": "cuticular fulcro-tentorium"}, {"head": "hind leg", "relation": "is_a", "tail": "leg"}, {"head": "hypopharingeal rods", "relation": "is_a", "tail": "cuticular fulcro-tentorium"}, {"head": "hypopharyngeal fulturae", "relation": "is_a", "tail": "hypopharynx"}, {"head": "hypopharyngeal nerve", "relation": "is_a", "tail": "nerve"}, {"head": "hypopharynx", "relation": "is_a", "tail": "cephalic endoskeleton"}, {"head": "immaterial anatomical entity", "relation": "is_a", "tail": "anatomical entity"}, {"head": "inmature vestiture", "relation": "is_a", "tail": "anatomical group"}, {"head": "inner thickening of stipes", "relation": "is_a", "tail": "cuticular invagination"}, {"head": "instar larval stage", "relation": "is_a", "tail": "multicellular organism"}, {"head": "integument", "relation": "is_a", "tail": "anatomical cluster"}, {"head": "inter-antennal area", "relation": "is_a", "tail": "area"}, {"head": "intercalary appendage", "relation": "is_a", "tail": "lobe"}, {"head": "intercalary nerve", "relation": "is_a", "tail": "nerve"}, {"head": "intercalary segment", "relation": "is_a", "tail": "embryonic segment"}, {"head": "interconnecting ridge", "relation": "is_a", "tail": "ridge"}, {"head": "internal endonuclear cylinder", "relation": "is_a", "tail": "chromatin"}, {"head": "internal mucronal lamella", "relation": "is_a", "tail": "carina"}, {"head": "internalsagital muscle", "relation": "is_a", "tail": "muscle"}, {"head": "internalsagital muscle 3", "relation": "is_a", "tail": "internalsagital muscle"}, {"head": "internalsagital muscle 4", "relation": "is_a", "tail": "internalsagital muscle"}, {"head": "interocular area", "relation": "is_a", "tail": "area"}, {"head": "interocular chaeta", "relation": "is_a", "tail": "anatomical group"}, {"head": "interocular row", "relation": "is_a", "tail": "row"}, {"head": "intersegmental fold", "relation": "is_a", "tail": "cuticular fold"}, {"head": "intersegmental membrane", "relation": "is_a", "tail": "conjunctiva"}, {"head": "intestinal epithelium", "relation": "is_a", "tail": "epithelium"}, {"head": "intracellular part", "relation": "is_a", "tail": "cell part"}, {"head": "labial chaeta", "relation": "is_a", "tail": "anatomical group"}, {"head": "labial cleft", "relation": "is_a", "tail": "notch"}, {"head": "labial margin", "relation": "is_a", "tail": "margin"}, {"head": "labial muscle", "relation": "is_a", "tail": "plate"}, {"head": "labial nephridium", "relation": "is_a", "tail": "nephridium"}, {"head": "labial nerve", "relation": "is_a", "tail": "nerve"}, {"head": "labial palp", "relation": "is_a", "tail": "palp"}, {"head": "labial papilla", "relation": "is_a", "tail": "papilla"}, {"head": "labial papilla A", "relation": "is_a", "tail": "labial papilla"}, {"head": "labial papilla B", "relation": "is_a", "tail": "labial papilla"}, {"head": "labial papilla C", "relation": "is_a", "tail": "labial papilla"}, {"head": "labial papilla D", "relation": "is_a", "tail": "labial papilla"}, {"head": "labial papilla E", "relation": "is_a", "tail": "labial papilla"}, {"head": "labial papilla H", "relation": "is_a", "tail": "labial papilla"}, {"head": "labial suture", "relation": "is_a", "tail": "suture"}, {"head": "labial triangle", "relation": "is_a", "tail": "area"}, {"head": "labium", "relation": "is_a", "tail": "area"}, {"head": "labral basal chaeta", "relation": "is_a", "tail": "anatomical group"}, {"head": "labral chaeta", "relation": "is_a", "tail": "anatomical group"}, {"head": "labral edge", "relation": "is_a", "tail": "ridge"}, {"head": "labral proximal chaeta", "relation": "is_a", "tail": "anatomical group"}, {"head": "labral ridge", "relation": "is_a", "tail": "ridge"}, {"head": "labro-labial cleft", "relation": "is_a", "tail": "notch"}, {"head": "labrum", "relation": "is_a", "tail": "sclerite"}, {"head": "lamella ae", "relation": "is_a", "tail": "carina"}, {"head": "lamella ai", "relation": "is_a", "tail": "carina"}, {"head": "lamella pe", "relation": "is_a", "tail": "carina"}, {"head": "lamella pi", "relation": "is_a", "tail": "carina"}, {"head": "lateral area T2", "relation": "is_a", "tail": "area"}, {"head": "lateral chaeta", "relation": "is_a", "tail": "anatomical group"}, {"head": "lateral endosternite", "relation": "is_a", "tail": "endosternite"}, {"head": "lateral eye", "relation": "is_a", "tail": "compound organ"}, {"head": "lateral lamella", "relation": "is_a", "tail": "carina"}, {"head": "lateral sensillum", "relation": "is_a", "tail": "sensillum"}, {"head": "lateral tuft", "relation": "is_a", "tail": "anatomical group"}, {"head": "left antenna", "relation": "is_a", "tail": "antenna"}, {"head": "leg", "relation": "is_a", "tail": "appendage"}, {"head": "leg chaeta", "relation": "is_a", "tail": "anatomical group"}, {"head": "leg segment", "relation": "is_a", "tail": "segment"}, {"head": "line", "relation": "is_a", "tail": "anatomical structure"}, {"head": "lingua", "relation": "is_a", "tail": "lobe"}, {"head": "lobe", "relation": "is_a", "tail": "protuberance"}, {"head": "lumen of tenent hair", "relation": "is_a", "tail": "tenent hair"}, {"head": "macrofolds of filter chamber", "relation": "is_a", "tail": "anatomical folds"}, {"head": "male genital plate", "relation": "is_a", "tail": "genital plate"}, {"head": "male genitalia", "relation": "is_a", "tail": "genitalia"}, {"head": "male ventral organ", "relation": "is_a", "tail": "anatomical group"}, {"head": "mandible", "relation": "is_a", "tail": "appendage"}, {"head": "mandibular apodeme", "relation": "is_a", "tail": "apodeme"}, {"head": "mandibular boss", "relation": "is_a", "tail": "cuticular invagination"}, {"head": "mandibular cavity", "relation": "is_a", "tail": "anatomical space"}, {"head": "mandibular condyle", "relation": "is_a", "tail": "condyle"}, {"head": "mandibular nerve", "relation": "is_a", "tail": "nerve"}, {"head": "mandibular suspension", "relation": "is_a", "tail": "cuticular invagination"}, {"head": "manubrial chaeta", "relation": "is_a", "tail": "anatomical group"}, {"head": "manubrial hook", "relation": "is_a", "tail": "spur"}, {"head": "manubrial plate", "relation": "is_a", "tail": "plate"}, {"head": "manubrial rod", "relation": "is_a", "tail": "area"}, {"head": "manubrial tooth", "relation": "is_a", "tail": "tooth"}, {"head": "manubrium", "relation": "is_a", "tail": "furcula segment"}, {"head": "margin", "relation": "is_a", "tail": "line"}, {"head": "material anatomical entity", "relation": "is_a", "tail": "anatomical entity"}, {"head": "maxilla", "relation": "is_a", "tail": "appendage"}, {"head": "maxillar lamella", "relation": "is_a", "tail": "carina"}, {"head": "maxillar lamella 1", "relation": "is_a", "tail": "maxillar lamella"}, {"head": "maxillar lamella 2", "relation": "is_a", "tail": "maxillar lamella"}, {"head": "maxillar lamella 3", "relation": "is_a", "tail": "maxillar lamella"}, {"head": "maxillar lamella 4", "relation": "is_a", "tail": "maxillar lamella"}, {"head": "maxillar lamella 5", "relation": "is_a", "tail": "maxillar lamella"}, {"head": "maxillar lamella 6", "relation": "is_a", "tail": "maxillar lamella"}, {"head": "maxillar nerve", "relation": "is_a", "tail": "nerve"}, {"head": "maxillary apodeme", "relation": "is_a", "tail": "apodeme"}, {"head": "maxillary gland", "relation": "is_a", "tail": "gland"}, {"head": "maxillary muscle", "relation": "is_a", "tail": "sensillum"}, {"head": "maxillary outer lobe", "relation": "is_a", "tail": "lobe"}, {"head": "medial area T1", "relation": "is_a", "tail": "area"}, {"head": "medial chaeta", "relation": "is_a", "tail": "anatomical group"}, {"head": "medial clypeal row", "relation": "is_a", "tail": "row"}, {"head": "medial subsegment", "relation": "is_a", "tail": "segment"}, {"head": "median area", "relation": "is_a", "tail": "area"}, {"head": "median frontal row", "relation": "is_a", "tail": "row"}, {"head": "median ocellar chaeta {http://purl.obolibrary.org/obo/AISM_0000171=\"Bellini, B.C., Cipola, N.G. & Godeiro, N.N. (2015) New species of Lepidocyrtus Bourlet and Entomobrya\\nRondani (Collembola: Entomobryoidea: Entomobryidae) from Brazil. Zootaxa 4027: 227\u2013242.\"}", "relation": "is_a", "tail": "anatomical group"}, {"head": "median ocellar row", "relation": "is_a", "tail": "row"}, {"head": "median postoccipital row", "relation": "is_a", "tail": "row"}, {"head": "membrane", "relation": "is_a", "tail": "acellular anatomical structure"}, {"head": "mesocoxa", "relation": "is_a", "tail": "coxa"}, {"head": "mesofemur", "relation": "is_a", "tail": "femur"}, {"head": "mesonotal disc", "relation": "is_a", "tail": "area"}, {"head": "mesonotum", "relation": "is_a", "tail": "notum"}, {"head": "mesosternum", "relation": "is_a", "tail": "sternum"}, {"head": "mesosubcoxa", "relation": "is_a", "tail": "subcoxa"}, {"head": "mesothoracic chaeta", "relation": "is_a", "tail": "anatomical group"}, {"head": "mesothorax", "relation": "is_a", "tail": "thoracic segment"}, {"head": "mesotibiotarsus", "relation": "is_a", "tail": "tibiotarsus"}, {"head": "mesotrochanter", "relation": "is_a", "tail": "trochanter"}, {"head": "mesotrochanteral organ", "relation": "is_a", "tail": "trochanteral organ"}, {"head": "mesounguis", "relation": "is_a", "tail": "unguis"}, {"head": "metacoxa", "relation": "is_a", "tail": "coxa"}, {"head": "metafemur", "relation": "is_a", "tail": "femur"}, {"head": "metasubcoxa", "relation": "is_a", "tail": "subcoxa"}, {"head": "metathoracic chaeta", "relation": "is_a", "tail": "anatomical group"}, {"head": "metathorax", "relation": "is_a", "tail": "thoracic segment"}, {"head": "metatibiotarsus", "relation": "is_a", "tail": "tibiotarsus"}, {"head": "metatrochanter", "relation": "is_a", "tail": "trochanter"}, {"head": "metatrochanteral organ", "relation": "is_a", "tail": "trochanteral organ"}, {"head": "metaunguis", "relation": "is_a", "tail": "unguis"}, {"head": "microfolds of filter chamber", "relation": "is_a", "tail": "anatomical folds"}, {"head": "microvillus", "relation": "is_a", "tail": "cell projection assembly"}, {"head": "mid leg", "relation": "is_a", "tail": "leg"}, {"head": "midgut epithelium", "relation": "is_a", "tail": "intestinal epithelium"}, {"head": "mitochondrion", "relation": "is_a", "tail": "cellular component"}, {"head": "molar cuspid", "relation": "is_a", "tail": "protuberance"}, {"head": "molar plate", "relation": "is_a", "tail": "area"}, {"head": "motile cilium", "relation": "is_a", "tail": "cilium"}, {"head": "mouth region", "relation": "is_a", "tail": "region of organ component"}, {"head": "mouthparts", "relation": "is_a", "tail": "anatomical cluster"}, {"head": "mucro", "relation": "is_a", "tail": "furcula segment"}, {"head": "mucrodens", "relation": "is_a", "tail": "furcula segment"}, {"head": "mucronal chaeta", "relation": "is_a", "tail": "anatomical group"}, {"head": "mucronal spine", "relation": "is_a", "tail": "spine"}, {"head": "multi-tissue structure", "relation": "is_a", "tail": "multicellular structure"}, {"head": "multicellular organism", "relation": "is_a", "tail": "material anatomical entity"}, {"head": "multicellular structure", "relation": "is_a", "tail": "anatomical structure"}, {"head": "muscle", "relation": "is_a", "tail": "portion of tissue"}, {"head": "muscle attachment site", "relation": "is_a", "tail": "cuticular invagination"}, {"head": "muscle organ", "relation": "is_a", "tail": "organ"}, {"head": "muscular system", "relation": "is_a", "tail": "anatomical system"}, {"head": "neosminthuroid chaeta", "relation": "is_a", "tail": "anatomical group"}, {"head": "nephridial aperture", "relation": "is_a", "tail": "orifice"}, {"head": "nephridium", "relation": "is_a", "tail": "excretory tube"}, {"head": "nerve", "relation": "is_a", "tail": "portion of tissue"}, {"head": "nerve of hoffmann", "relation": "is_a", "tail": "nerve"}, {"head": "nerve of leydig", "relation": "is_a", "tail": "nerve"}, {"head": "nerve y", "relation": "is_a", "tail": "nerve"}, {"head": "nerve z", "relation": "is_a", "tail": "nerve"}, {"head": "nervous system", "relation": "is_a", "tail": "anatomical system"}, {"head": "nervous system", "relation": "is_a", "tail": "organ part"}, {"head": "neuroendocrine gland", "relation": "is_a", "tail": "gland"}, {"head": "neurohemal organ", "relation": "is_a", "tail": "neuroendocrine gland"}, {"head": "neuromere", "relation": "is_a", "tail": "nervous system"}, {"head": "neurosecretory cell", "relation": "is_a", "tail": "cellular component"}, {"head": "neurosecretory system", "relation": "is_a", "tail": "endocrine system"}, {"head": "notch", "relation": "is_a", "tail": "margin"}, {"head": "notum", "relation": "is_a", "tail": "area"}, {"head": "nuclear part", "relation": "is_a", "tail": "intracellular part"}, {"head": "nucleus", "relation": "is_a", "tail": "intracellular part"}, {"head": "object aggregate", "relation": "is_a", "tail": "material anatomical entity"}, {"head": "oblique endoskeletal muscle", "relation": "is_a", "tail": "muscle"}, {"head": "occipital area", "relation": "is_a", "tail": "area"}, {"head": "occipital foramen", "relation": "is_a", "tail": "foramen"}, {"head": "occiput", "relation": "is_a", "tail": "area"}, {"head": "ocellus", "relation": "is_a", "tail": "multi-tissue structure"}, {"head": "ocellus A", "relation": "is_a", "tail": "ocellus"}, {"head": "ocellus B", "relation": "is_a", "tail": "ocellus"}, {"head": "ocellus C", "relation": "is_a", "tail": "ocellus"}, {"head": "ocellus D", "relation": "is_a", "tail": "ocellus"}, {"head": "ocellus E", "relation": "is_a", "tail": "ocellus"}, {"head": "ocellus F", "relation": "is_a", "tail": "ocellus"}, {"head": "ocellus G", "relation": "is_a", "tail": "ocellus"}, {"head": "ocellus H", "relation": "is_a", "tail": "ocellus"}, {"head": "ocular area", "relation": "is_a", "tail": "area"}, {"head": "ocular chaeta", "relation": "is_a", "tail": "anatomical group"}, {"head": "ocular tubercle", "relation": "is_a", "tail": "tubercle"}, {"head": "oesophagus", "relation": "is_a", "tail": "gut section"}, {"head": "ommochromic pigment", "relation": "is_a", "tail": "pigment"}, {"head": "opercular spine", "relation": "is_a", "tail": "spine"}, {"head": "optic nerve", "relation": "is_a", "tail": "nerve"}, {"head": "oral foramen", "relation": "is_a", "tail": "foramen"}, {"head": "organ", "relation": "is_a", "tail": "multicellular structure"}, {"head": "organ of special sense part", "relation": "is_a", "tail": "anatomical structure"}, {"head": "organ part", "relation": "is_a", "tail": "organ"}, {"head": "organ system subdivision", "relation": "is_a", "tail": "organ"}, {"head": "organism subdivision", "relation": "is_a", "tail": "anatomical cluster"}, {"head": "orifice", "relation": "is_a", "tail": "anatomical conduit"}, {"head": "ostium", "relation": "is_a", "tail": "vessel"}, {"head": "outer thickening of stipes", "relation": "is_a", "tail": "cuticular invagination"}, {"head": "ovary", "relation": "is_a", "tail": "gonad"}, {"head": "p3 complex", "relation": "is_a", "tail": "anatomical group"}, {"head": "palp", "relation": "is_a", "tail": "appendage"}, {"head": "papilla", "relation": "is_a", "tail": "protuberance"}, {"head": "papillae row", "relation": "is_a", "tail": "row"}, {"head": "parafurcular lobe", "relation": "is_a", "tail": "lobe"}, {"head": "parallel nerve", "relation": "is_a", "tail": "nerve"}, {"head": "parietal", "relation": "is_a", "tail": "sclerite"}, {"head": "parietal area", "relation": "is_a", "tail": "area"}, {"head": "pars intercebralis", "relation": "is_a", "tail": "cell cluster organ"}, {"head": "peduncle", "relation": "is_a", "tail": "acroseme"}, {"head": "periproct", "relation": "is_a", "tail": "segment"}, {"head": "peritrophic membrane", "relation": "is_a", "tail": "membrane"}, {"head": "pharyngeal dilator muscle", "relation": "is_a", "tail": "muscle"}, {"head": "pharyngeal muscle", "relation": "is_a", "tail": "muscle"}, {"head": "pharynx", "relation": "is_a", "tail": "gut section"}, {"head": "pigment", "relation": "is_a", "tail": "anatomical structure"}, {"head": "pigment cell", "relation": "is_a", "tail": "cellular component"}, {"head": "pinnate muscle", "relation": "is_a", "tail": "muscle"}, {"head": "plate", "relation": "is_a", "tail": "area"}, {"head": "pleural fold", "relation": "is_a", "tail": "cuticular fold"}, {"head": "pleurite", "relation": "is_a", "tail": "sclerite"}, {"head": "plica oralis", "relation": "is_a", "tail": "area"}, {"head": "plurichaetosis", "relation": "is_a", "tail": "anatomical group"}, {"head": "polysaccharide", "relation": "is_a", "tail": "carbohydrate"}, {"head": "portion of tissue", "relation": "is_a", "tail": "anatomical structure"}, {"head": "post-clypeus", "relation": "is_a", "tail": "clypeus"}, {"head": "postantennal chaeta", "relation": "is_a", "tail": "anatomical group"}, {"head": "postantennal nerve", "relation": "is_a", "tail": "nerve"}, {"head": "postantennal organ", "relation": "is_a", "tail": "multi-tissue structure"}, {"head": "postantennal organ lobe", "relation": "is_a", "tail": "lobe"}, {"head": "posterior bothriotrichal complex", "relation": "is_a", "tail": "bothriotrical complex"}, {"head": "posterior chaeta", "relation": "is_a", "tail": "anatomical group"}, {"head": "posterior clypeal row", "relation": "is_a", "tail": "row"}, {"head": "posterior dorso-ventral muscle", "relation": "is_a", "tail": "muscle"}, {"head": "posterior frontal row", "relation": "is_a", "tail": "row"}, {"head": "posterior nerve of ventral lobe", "relation": "is_a", "tail": "nerve"}, {"head": "posterior postantennal row", "relation": "is_a", "tail": "row"}, {"head": "posterior postoccipital row", "relation": "is_a", "tail": "row"}, {"head": "posterior pseudotentorium", "relation": "is_a", "tail": "cephalic endoskeleton"}, {"head": "posterior region of the midgut", "relation": "is_a", "tail": "region of organ component"}, {"head": "posterior subcoxal1 row", "relation": "is_a", "tail": "row"}, {"head": "posterior suspensory muscle", "relation": "is_a", "tail": "muscle"}, {"head": "posterior tentorial apodeme", "relation": "is_a", "tail": "cuticular fulcro-tentorium"}, {"head": "posterior-lateral spine", "relation": "is_a", "tail": "spine"}, {"head": "posteroventral chaeta", "relation": "is_a", "tail": "anatomical group"}, {"head": "postfrontal suture", "relation": "is_a", "tail": "suture"}, {"head": "postgena", "relation": "is_a", "tail": "gena"}, {"head": "postlabial chaeta", "relation": "is_a", "tail": "anatomical group"}, {"head": "postoccipital anterior chaetae", "relation": "is_a", "tail": "anatomical group"}, {"head": "postoccipital spur", "relation": "is_a", "tail": "spur"}, {"head": "postocular area", "relation": "is_a", "tail": "area"}, {"head": "postrectal sac", "relation": "is_a", "tail": "rectal sac"}, {"head": "postsutural chaeta {http://purl.obolibrary.org/obo/AISM_0000171=\"Bellini, B.C., Cipola, N.G. & Godeiro, N.N. (2015) New species of Lepidocyrtus Bourlet and Entomobrya\\nRondani (Collembola: Entomobryoidea: Entomobryidae) from Brazil. Zootaxa 4027: 227\u2013242.\"}", "relation": "is_a", "tail": "anatomical group"}, {"head": "postsutural row", "relation": "is_a", "tail": "row"}, {"head": "preanal spine", "relation": "is_a", "tail": "anal spine"}, {"head": "precoxal process", "relation": "is_a", "tail": "protuberance"}, {"head": "prefrontal chaeta", "relation": "is_a", "tail": "anatomical group"}, {"head": "pregenital chaeta", "relation": "is_a", "tail": "anatomical group"}, {"head": "prelabral chaeta", "relation": "is_a", "tail": "anatomical group"}, {"head": "prelabral chaetae row", "relation": "is_a", "tail": "row"}, {"head": "prelabrum", "relation": "is_a", "tail": "area"}, {"head": "preoral cavity", "relation": "is_a", "tail": "anatomical space"}, {"head": "pretarsus", "relation": "is_a", "tail": "leg segment"}, {"head": "pretarsus chaeta", "relation": "is_a", "tail": "anatomical group"}, {"head": "primary pigment cell", "relation": "is_a", "tail": "pigment cell"}, {"head": "procoxa", "relation": "is_a", "tail": "coxa"}, {"head": "procoxal lobe", "relation": "is_a", "tail": "lobe"}, {"head": "proctodaeum", "relation": "is_a", "tail": "gut section"}, {"head": "procuticle", "relation": "is_a", "tail": "cuticle"}, {"head": "profemur", "relation": "is_a", "tail": "femur"}, {"head": "pronotum", "relation": "is_a", "tail": "notum"}, {"head": "prosternum", "relation": "is_a", "tail": "sternum"}, {"head": "prosubcoxa", "relation": "is_a", "tail": "subcoxa"}, {"head": "protactor muscle", "relation": "is_a", "tail": "muscle"}, {"head": "prothoracic ganglion", "relation": "is_a", "tail": "ganglion"}, {"head": "prothoracic gland", "relation": "is_a", "tail": "gland"}, {"head": "prothorax", "relation": "is_a", "tail": "thoracic segment"}, {"head": "protibiotarsus", "relation": "is_a", "tail": "tibiotarsus"}, {"head": "protocerebral descendent nerve", "relation": "is_a", "tail": "nerve"}, {"head": "protocerebral recurrent nerve", "relation": "is_a", "tail": "nerve"}, {"head": "protocerebrum", "relation": "is_a", "tail": "nervous system"}, {"head": "protrochanter", "relation": "is_a", "tail": "trochanter"}, {"head": "protrochanteral organ", "relation": "is_a", "tail": "trochanteral organ"}, {"head": "protuberance", "relation": "is_a", "tail": "area"}, {"head": "prounguis", "relation": "is_a", "tail": "unguis"}, {"head": "proventriculus", "relation": "is_a", "tail": "digestive tube"}, {"head": "proximal chaeta", "relation": "is_a", "tail": "anatomical group"}, {"head": "pseudocellar lid", "relation": "is_a", "tail": "area"}, {"head": "pseudocellar medial groove", "relation": "is_a", "tail": "groove"}, {"head": "pseudocellar rib", "relation": "is_a", "tail": "ridge"}, {"head": "pseudocellus", "relation": "is_a", "tail": "area"}, {"head": "pseudocellus circular suture", "relation": "is_a", "tail": "suture"}, {"head": "pseudonychial tooth", "relation": "is_a", "tail": "tooth"}, {"head": "pseudonychium", "relation": "is_a", "tail": "filament"}, {"head": "pseudopore", "relation": "is_a", "tail": "integument"}, {"head": "pyloric region", "relation": "is_a", "tail": "region of organ component"}, {"head": "pyloric sphincter", "relation": "is_a", "tail": "muscle organ"}, {"head": "ramus", "relation": "is_a", "tail": "retinaculum segment"}, {"head": "rectal sac", "relation": "is_a", "tail": "sac"}, {"head": "region of organ component", "relation": "is_a", "tail": "anatomical structure"}, {"head": "reproductive system", "relation": "is_a", "tail": "anatomical system"}, {"head": "respiratory system", "relation": "is_a", "tail": "anatomical system"}, {"head": "retinaculum", "relation": "is_a", "tail": "appendage"}, {"head": "retinaculum segment", "relation": "is_a", "tail": "segment"}, {"head": "retractor muscle", "relation": "is_a", "tail": "muscle"}, {"head": "rhabdom", "relation": "is_a", "tail": "cell projection assembly"}, {"head": "rhabdomere", "relation": "is_a", "tail": "cell projection assembly"}, {"head": "ribosome", "relation": "is_a", "tail": "cellular component"}, {"head": "ridge", "relation": "is_a", "tail": "protuberance"}, {"head": "rigth antenna", "relation": "is_a", "tail": "antenna"}, {"head": "rim", "relation": "is_a", "tail": "carina"}, {"head": "rough-surfaced cytoplasmic reticulum", "relation": "is_a", "tail": "cellular component"}, {"head": "row", "relation": "is_a", "tail": "anatomical group"}, {"head": "row A", "relation": "is_a", "tail": "row"}, {"head": "row Ae", "relation": "is_a", "tail": "row"}, {"head": "row Ai", "relation": "is_a", "tail": "row"}, {"head": "row B", "relation": "is_a", "tail": "row"}, {"head": "row Be", "relation": "is_a", "tail": "row"}, {"head": "row C", "relation": "is_a", "tail": "row"}, {"head": "row D", "relation": "is_a", "tail": "row"}, {"head": "row De", "relation": "is_a", "tail": "row"}, {"head": "row E", "relation": "is_a", "tail": "row"}, {"head": "row Ee", "relation": "is_a", "tail": "row"}, {"head": "row F", "relation": "is_a", "tail": "row"}, {"head": "row Fe", "relation": "is_a", "tail": "row"}, {"head": "row Ga", "relation": "is_a", "tail": "row"}, {"head": "row Gae", "relation": "is_a", "tail": "row"}, {"head": "row Gai", "relation": "is_a", "tail": "row"}, {"head": "row Ge", "relation": "is_a", "tail": "row"}, {"head": "row Gi", "relation": "is_a", "tail": "row"}, {"head": "row Gpe", "relation": "is_a", "tail": "row"}, {"head": "row Gpi", "relation": "is_a", "tail": "row"}, {"head": "row T", "relation": "is_a", "tail": "row"}, {"head": "row a.ab1", "relation": "is_a", "tail": "row"}, {"head": "row a.ab2", "relation": "is_a", "tail": "row"}, {"head": "row a.ab3", "relation": "is_a", "tail": "row"}, {"head": "row a.mt1", "relation": "is_a", "tail": "row"}, {"head": "row a.mt2", "relation": "is_a", "tail": "row"}, {"head": "row a.t3", "relation": "is_a", "tail": "row"}, {"head": "row m.ab1", "relation": "is_a", "tail": "row"}, {"head": "row m.ab2", "relation": "is_a", "tail": "row"}, {"head": "row m.ab3", "relation": "is_a", "tail": "row"}, {"head": "row m.t2", "relation": "is_a", "tail": "row"}, {"head": "row m.t3", "relation": "is_a", "tail": "row"}, {"head": "row p.ab1", "relation": "is_a", "tail": "row"}, {"head": "row p.ab2", "relation": "is_a", "tail": "row"}, {"head": "row p.ab3", "relation": "is_a", "tail": "row"}, {"head": "row p.mt1", "relation": "is_a", "tail": "row"}, {"head": "row p.mt2", "relation": "is_a", "tail": "row"}, {"head": "row p.t2", "relation": "is_a", "tail": "row"}, {"head": "row p.t3", "relation": "is_a", "tail": "row"}, {"head": "rudimentary second antennae", "relation": "is_a", "tail": "embryo"}, {"head": "s-chaeta", "relation": "is_a", "tail": "anatomical group"}, {"head": "sac", "relation": "is_a", "tail": "anatomical structure"}, {"head": "salivary gland", "relation": "is_a", "tail": "gland"}, {"head": "scale", "relation": "is_a", "tail": "chaeta"}, {"head": "sclerite", "relation": "is_a", "tail": "area"}, {"head": "sculpture", "relation": "is_a", "tail": "area"}, {"head": "second abdominal segment chaeta", "relation": "is_a", "tail": "anatomical group"}, {"head": "second row of papillae", "relation": "is_a", "tail": "row"}, {"head": "secretory wax rod", "relation": "is_a", "tail": "area"}, {"head": "segment", "relation": "is_a", "tail": "organism subdivision"}, {"head": "segmental subdivision of nervous system", "relation": "is_a", "tail": "organ part"}, {"head": "sense organ", "relation": "is_a", "tail": "multicellular structure"}, {"head": "sensilla chaetica", "relation": "is_a", "tail": "sensillum"}, {"head": "sensilla trichodea", "relation": "is_a", "tail": "sensillum"}, {"head": "sensillum", "relation": "is_a", "tail": "sense organ"}, {"head": "septum", "relation": "is_a", "tail": "anatomical structure"}, {"head": "small abdomen", "relation": "is_a", "tail": "abdominal segment"}, {"head": "smooth endoplasmic reticulum", "relation": "is_a", "tail": "cellular component"}, {"head": "somite", "relation": "is_a", "tail": "epithelial vesicle"}, {"head": "somite", "relation": "is_a", "tail": "segment"}, {"head": "sperm", "relation": "is_a", "tail": "testis"}, {"head": "sphincter muscle", "relation": "is_a", "tail": "muscle"}, {"head": "spicule", "relation": "is_a", "tail": "cuticular projection"}, {"head": "spine", "relation": "is_a", "tail": "spicule"}, {"head": "spine-like part of the hypopharynx", "relation": "is_a", "tail": "cuticular fulcro-tentorium"}, {"head": "spinelete", "relation": "is_a", "tail": "spine"}, {"head": "spur", "relation": "is_a", "tail": "anatomical structure"}, {"head": "spur", "relation": "is_a", "tail": "ridge"}, {"head": "sternum", "relation": "is_a", "tail": "area"}, {"head": "stipe", "relation": "is_a", "tail": "sclerite"}, {"head": "stipital strengthening ridges", "relation": "is_a", "tail": "cuticular invagination"}, {"head": "stipital stud", "relation": "is_a", "tail": "cuticular invagination"}, {"head": "stomatogastric nervous system", "relation": "is_a", "tail": "nervous system"}, {"head": "stomodaeum", "relation": "is_a", "tail": "gut section"}, {"head": "stress fiber", "relation": "is_a", "tail": "cell part"}, {"head": "subadanal chaeta", "relation": "is_a", "tail": "anatomical group"}, {"head": "subanal appendage", "relation": "is_a", "tail": "spine"}, {"head": "subanal lobe", "relation": "is_a", "tail": "anal lobe"}, {"head": "subapical antennal organ", "relation": "is_a", "tail": "sense organ"}, {"head": "subapical microsensillum", "relation": "is_a", "tail": "sensillum"}, {"head": "subapical needle", "relation": "is_a", "tail": "area"}, {"head": "subapical organ", "relation": "is_a", "tail": "anatomical group"}, {"head": "subapical organite", "relation": "is_a", "tail": "sensillum"}, {"head": "subapical tooth", "relation": "is_a", "tail": "tooth"}, {"head": "subcoxa", "relation": "is_a", "tail": "leg segment"}, {"head": "subcoxal chaetae", "relation": "is_a", "tail": "anatomical group"}, {"head": "subcoxal lobe", "relation": "is_a", "tail": "lobe"}, {"head": "subdivision of digestive tract", "relation": "is_a", "tail": "subdivision of tube"}, {"head": "subdivision of tube", "relation": "is_a", "tail": "organ part"}, {"head": "subdorsal area", "relation": "is_a", "tail": "area"}, {"head": "subgena", "relation": "is_a", "tail": "gena"}, {"head": "subgenal fold", "relation": "is_a", "tail": "cuticular fold"}, {"head": "sublobal chaeta", "relation": "is_a", "tail": "anatomical group"}, {"head": "sublobal plate", "relation": "is_a", "tail": "plate"}, {"head": "submedial area", "relation": "is_a", "tail": "area"}, {"head": "subocular tubercle", "relation": "is_a", "tail": "tubercle"}, {"head": "suboesophageal ganglion", "relation": "is_a", "tail": "ganglion"}, {"head": "superlingual muscle", "relation": "is_a", "tail": "muscle"}, {"head": "superlingual notch", "relation": "is_a", "tail": "notch"}, {"head": "superlingual pore", "relation": "is_a", "tail": "anatomical space"}, {"head": "supplementary chaeta", "relation": "is_a", "tail": "anatomical group"}, {"head": "sutural row", "relation": "is_a", "tail": "row"}, {"head": "suture", "relation": "is_a", "tail": "line"}, {"head": "tagma", "relation": "is_a", "tail": "segment"}, {"head": "tegumentary fold", "relation": "is_a", "tail": "cuticular fold"}, {"head": "tenaculum", "relation": "is_a", "tail": "retinaculum segment"}, {"head": "tendril", "relation": "is_a", "tail": "nerve"}, {"head": "tenent hair", "relation": "is_a", "tail": "chaeta"}, {"head": "tentorial projection", "relation": "is_a", "tail": "cuticular fulcro-tentorium"}, {"head": "tentoriocardinal muscle", "relation": "is_a", "tail": "muscle"}, {"head": "tentorium-ocular muscle", "relation": "is_a", "tail": "muscle"}, {"head": "tentorium-ocular muscle nerve", "relation": "is_a", "tail": "nerve"}, {"head": "tergite", "relation": "is_a", "tail": "sclerite"}, {"head": "tergum", "relation": "is_a", "tail": "area"}, {"head": "testis", "relation": "is_a", "tail": "gonad"}, {"head": "thecogen cell", "relation": "is_a", "tail": "epidermal cell"}, {"head": "thickening of the lateral parts of the clypeus", "relation": "is_a", "tail": "cuticular fulcro-tentorium"}, {"head": "third abdominal segment chaeta", "relation": "is_a", "tail": "anatomical group"}, {"head": "thoracic chaeta", "relation": "is_a", "tail": "anatomical group"}, {"head": "thoracic segment", "relation": "is_a", "tail": "somite"}, {"head": "thorax", "relation": "is_a", "tail": "tagma"}, {"head": "tibiotarsal chaeta", "relation": "is_a", "tail": "anatomical group"}, {"head": "tibiotarsal lobe", "relation": "is_a", "tail": "lobe"}, {"head": "tibiotarsal whorl", "relation": "is_a", "tail": "whorl"}, {"head": "tibiotarsus", "relation": "is_a", "tail": "leg segment"}, {"head": "tissue", "relation": "is_a", "tail": "multicellular structure"}, {"head": "tooth", "relation": "is_a", "tail": "protuberance"}, {"head": "tormogen cell", "relation": "is_a", "tail": "epidermal cell"}, {"head": "transverse mandibular tendon", "relation": "is_a", "tail": "portion of tissue"}, {"head": "trichodea", "relation": "is_a", "tail": "sense organ"}, {"head": "trichogen cell", "relation": "is_a", "tail": "epidermal cell"}, {"head": "tritocerebral commissure", "relation": "is_a", "tail": "nervous system"}, {"head": "tritocerebrum", "relation": "is_a", "tail": "nervous system"}, {"head": "trochanter", "relation": "is_a", "tail": "leg segment"}, {"head": "trochanteral organ", "relation": "is_a", "tail": "anatomical group"}, {"head": "trunk", "relation": "is_a", "tail": "retinaculum segment"}, {"head": "trunk chaetae", "relation": "is_a", "tail": "anatomical group"}, {"head": "tube", "relation": "is_a", "tail": "anatomical conduit"}, {"head": "tube valve", "relation": "is_a", "tail": "valve"}, {"head": "tubercle", "relation": "is_a", "tail": "protuberance"}, {"head": "tubercle DL", "relation": "is_a", "tail": "tubercle"}, {"head": "tubercle De", "relation": "is_a", "tail": "tubercle"}, {"head": "tubercle Di", "relation": "is_a", "tail": "tubercle"}, {"head": "tubercle L", "relation": "is_a", "tail": "tubercle"}, {"head": "unguicular tubercle", "relation": "is_a", "tail": "tubercle"}, {"head": "unguiculus", "relation": "is_a", "tail": "spur"}, {"head": "unguiculus subapical filament", "relation": "is_a", "tail": "filament"}, {"head": "unguis", "relation": "is_a", "tail": "spur"}, {"head": "ungulum", "relation": "is_a", "tail": "protuberance"}, {"head": "upper anal valve", "relation": "is_a", "tail": "anal valve"}, {"head": "urospherite", "relation": "is_a", "tail": "cellular component"}, {"head": "urotergite", "relation": "is_a", "tail": "sclerite"}, {"head": "vacuole", "relation": "is_a", "tail": "cellular component"}, {"head": "valve", "relation": "is_a", "tail": "organ part"}, {"head": "ventral anal valve", "relation": "is_a", "tail": "anal valve"}, {"head": "ventral chaeta", "relation": "is_a", "tail": "anatomical group"}, {"head": "ventral groove", "relation": "is_a", "tail": "groove"}, {"head": "ventral longitudinal muscle", "relation": "is_a", "tail": "muscle"}, {"head": "ventral longitudinal muscle nerve", "relation": "is_a", "tail": "nerve"}, {"head": "ventral nerve cord", "relation": "is_a", "tail": "nervous system"}, {"head": "ventral post-labial area", "relation": "is_a", "tail": "area"}, {"head": "ventral process", "relation": "is_a", "tail": "anatomical group"}, {"head": "ventral process", "relation": "is_a", "tail": "filament"}, {"head": "ventral sensillum", "relation": "is_a", "tail": "sensillum"}, {"head": "ventral suspensory muscle", "relation": "is_a", "tail": "muscle"}, {"head": "ventralongitudinal muscle", "relation": "is_a", "tail": "muscle"}, {"head": "ventricular septum", "relation": "is_a", "tail": "septum"}, {"head": "ventriculus", "relation": "is_a", "tail": "gut section"}, {"head": "ventrocentral chaeta", "relation": "is_a", "tail": "anatomical group"}, {"head": "ventroexternal chaeta", "relation": "is_a", "tail": "anatomical group"}, {"head": "ventroexternoanterior chaeta", "relation": "is_a", "tail": "anatomical group"}, {"head": "ventroexternocentral chaeta", "relation": "is_a", "tail": "anatomical group"}, {"head": "ventroexternointernal chaeta", "relation": "is_a", "tail": "anatomical group"}, {"head": "ventroexternolateral chaeta", "relation": "is_a", "tail": "anatomical group"}, {"head": "ventroexternomedial chaeta", "relation": "is_a", "tail": "anatomical group"}, {"head": "ventroexteroposterior chaeta", "relation": "is_a", "tail": "anatomical group"}, {"head": "ventrointernal chaeta", "relation": "is_a", "tail": "anatomical group"}, {"head": "ventrolateral arm", "relation": "is_a", "tail": "cephalic endoskeleton"}, {"head": "ventrolateral chaeta", "relation": "is_a", "tail": "anatomical group"}, {"head": "vertical area", "relation": "is_a", "tail": "area"}, {"head": "vesicle", "relation": "is_a", "tail": "cellular component"}, {"head": "vessel", "relation": "is_a", "tail": "anatomical structure"}, {"head": "vestiture", "relation": "is_a", "tail": "anatomical group"}, {"head": "wall", "relation": "is_a", "tail": "integument"}, {"head": "whorl", "relation": "is_a", "tail": "anatomical group"}, {"head": "whorl I", "relation": "is_a", "tail": "whorl"}, {"head": "whorl II", "relation": "is_a", "tail": "whorl"}, {"head": "whorl III", "relation": "is_a", "tail": "whorl"}, {"head": "whorl IV", "relation": "is_a", "tail": "whorl"}, {"head": "whorl Te", "relation": "is_a", "tail": "whorl"}, {"head": "whorl Ti", "relation": "is_a", "tail": "whorl"}, {"head": "whorl V", "relation": "is_a", "tail": "whorl"}, {"head": "wing tooth", "relation": "is_a", "tail": "tooth"}]