{"fovt.obo": {"is_a": "is a kind of", "part_of": "is part of", "develops_from": "develops from", "inheres_in": "inheres in"}, "dpo.obo": {"is_a": "is a kind of"}, "mp.obo": {"is_a": "is a kind of"}, "so.obo": {"is_a": "is a kind of", "has_quality": "has quality"}, "po.obo": {"is_a": "is a kind of", "part_of": "is part of"}, "plana.obo": {"is_a": "is a kind of"}, "to.obo": {"is_a": "is a kind of"}, "xpo.obo": {"is_a": "is a kind of", "part_of": "is part of", "regulates": "regulates", "negatively_regulates": "negatively regulates", "positively_regulates": "positively regulates", "develops_from": "develops from"}, "maxo.obo": {"is_a": "is a kind of", "part_of": "is part of", "develops_from": "develops from", "regulates": "regulates", "has_part": "has", "positively_regulates": "positively regulates", "negatively_regulates": "negatively regulates", "capable_of": "is capable of"}, "miro.obo": {"is_a": "is a kind of"}, "xao.obo": {"is_a": "is a kind of", "part_of": "is part of", "develops_from": "develops from"}, "gaz.obo": {"is_a": "is a kind of", "located_in": "located in", "partial_overlaps": "partial overlaps", "tributary_of": "tributary of", "distributary_of": "distributary of", "surrounded_by": "surrounded by", "succeeded_by": "succeeded by", "connected_to": "connected to", "coextensive_with": "coextensive with"}, "cl.obo": {"is_a": "is a kind of", "part_of": "is part of", "develops_from": "develops from", "has_part": "has", "regulates": "regulates", "positively_regulates": "positively regulates", "negatively_regulates": "negatively regulates", "capable_of": "is capable of"}, "phipo.obo": {"is_a": "is a kind of", "has_role": "has role"}, "xco.obo": {"is_a": "is a kind of"}, "pato.obo": {"is_a": "is a kind of", "is_opposite_of": "is opposite of"}, "tgma.obo": {"is_a": "is a kind of", "part_of": "is part of"}, "oba.obo": {"is_a": "is a kind of", "inheres_in": "inheres in", "part_of": "is part of"}, "pr.obo": {"is_a": "is a kind of", "has_gene_template": "has gene template", "only_in_taxon": "only in taxon", "has_part": "has", "has_component": "has component"}, "omp.obo": {"is_a": "is a kind of"}, "mmusdv.obo": {"is_a": "is a kind of"}, "bspo.obo": {"is_a": "is a kind of"}, "ecao.obo": {"is_a": "is a kind of"}, "ddpheno.obo": {"is_a": "is a kind of"}, "upa.obo": {"is_a": "is a kind of", "part_of": "is part of", "has_output_compound": "has output compound", "has_input_compound": "has input compound"}, "mi.obo": {"is_a": "is a kind of"}, "ma.obo": {"is_a": "is a kind of", "part_of": "is part of"}, "doid.obo": {"is_a": "is a kind of"}, "emapa.obo": {"is_a": "is a kind of", "part_of": "is part of", "develops_from": "develops from"}, "hp.obo": {"is_a": "is a kind of"}, "mmo.obo": {"is_a": "is a kind of"}, "ms.obo": {"is_a": "is a kind of"}, "poro.obo": {"is_a": "is a kind of"}, "symp.obo": {"is_a": "is a kind of"}, "go.obo": {"is_a": "is a kind of", "regulates": "regulates", "negatively_regulates": "negatively regulates", "positively_regulates": "positively regulates", "part_of": "is part of", "has_part": "has"}, "chebi.obo": {"is_a": "is a kind of", "is_conjugate_acid_of": "is conjugate acid of", "is_conjugate_base_of": "is conjugate base of", "has_functional_parent": "has functional parent", "has_part": "has", "is_enantiomer_of": "is enantiomer of", "is_tautomer_of": "is tautomer of", "has_role": "has role", "is_substituent_group_from": "is substituent group from", "has_parent_hydride": "has parent hydride"}, "zp.obo": {"is_a": "is a kind of", "regulates": "regulates", "negatively_regulates": "negatively regulates", "positively_regulates": "positively regulates", "part_of": "is part of", "develops_from": "develops from", "has_part": "has", "is_conjugate_acid_of": "is conjugate acid of", "is_conjugate_base_of": "is conjugate base of"}, "wbbt.obo": {"is_a": "is a kind of", "part_of": "is part of", "DESCENDENTOF": "DESCENDENTOF", "DESCINMALE": "DESCINMALE"}, "fypo.obo": {"is_a": "is a kind of", "regulates": "regulates", "positively_regulates": "positively regulates", "negatively_regulates": "negatively regulates", "part_of": "is part of", "is_conjugate_acid_of": "is conjugate acid of", "is_conjugate_base_of": "is conjugate base of", "has_role": "has role", "has_part": "has"}, "xlmod.obo": {"is_a": "is a kind of"}, "zfa.obo": {"is_a": "is a kind of", "part_of": "is part of", "develops_from": "develops from"}, "cdno.obo": {"is_a": "is a kind of"}, "clao.obo": {"is_a": "is a kind of"}, "idomal.obo": {"is_a": "is a kind of"}, "obi.obo": {"is_a": "is a kind of"}, "mod.obo": {"is_a": "is a kind of"}, "aism.obo": {"is_a": "is a kind of", "part_of": "is part of", "has_part": "has", "develops_from": "develops from", "regulates": "regulates"}, "wbphenotype.obo": {"is_a": "is a kind of"}, "tto.obo": {"is_a": "is a kind of"}, "eco.obo": {"is_a": "is a kind of"}, "ncbitaxon.obo": {"is_a": "is a kind of"}, "ecocore.obo": {"is_a": "is a kind of", "part_of": "is part of"}, "gno.obo": {"is_a": "is a kind of"}, "mco.obo": {"is_a": "is a kind of", "is_conjugate_base_of": "is conjugate base of", "is_conjugate_acid_of": "is conjugate acid of", "has_role": "has role"}, "peco.obo": {"is_a": "is a kind of"}, "hao.obo": {"is_a": "is a kind of"}, "pw.obo": {"is_a": "is a kind of"}, "planp.obo": {"is_a": "is a kind of", "regulates": "regulates", "negatively_regulates": "negatively regulates", "positively_regulates": "positively regulates", "part_of": "is part of"}, "gsso.obo": {"is_a": "is a kind of"}, "vto.obo": {"is_a": "is a kind of"}, "ecto.obo": {"is_a": "is a kind of", "part_of": "is part of", "has_part": "has", "has_role": "has role", "is_conjugate_base_of": "is conjugate base of", "is_conjugate_acid_of": "is conjugate acid of", "has_functional_parent": "has functional parent", "develops_from": "develops from", "is_enantiomer_of": "is enantiomer of"}, "scdo.obo": {"is_a": "is a kind of"}, "ncit.obo": {"is_a": "is a kind of"}, "rbo.obo": {"is_a": "is a kind of", "part_of": "is part of"}, "wbls.obo": {"is_a": "is a kind of", "starts_at_end_of": "starts at end of"}, "fbbt.obo": {"is_a": "is a kind of", "part_of": "is part of", "develops_from": "develops from", "has_sensory_dendrite_in": "has sensory dendrite in", "sends_synaptic_output_to": "sends synaptic output to", "synapsed_to": "is synapsed to", "synapsed_by": "is synapsed by", "continuous_with": "is continuous with", "synapsed_via_type_Ib_bouton_to": "is synapsed via type Ib bouton to", "receives_synaptic_input_in": "receives synaptic input in", "overlaps": "overlaps"}, "bto.obo": {"is_a": "is a kind of", "part_of": "is part of", "develops_from": "develops from"}, "fbcv.obo": {"is_a": "is a kind of"}, "mondo.obo": {"is_a": "is a kind of", "excluded_subClassOf": "excluded subClassOf", "disease_has_feature": "disease has feature"}, "ceph.obo": {"is_a": "is a kind of", "part_of": "is part of"}}