{"is_a": "is a kind of", "capable_of": "is capable of", "negatively_regulates": "negatively regulates", "positively_regulates": "positively regulates", "regulates": "regulates", "part_of": "is part of", "has_part": "has", "develops_from": "develops from", "has_sensory_dendrite_in": "has sensory dendrite in", "sends_synaptic_output_to": "sends synaptic output to", "synapsed_to": "is synapsed to", "synapsed_by": "is synapsed by", "continuous_with": "is continuous with", "synapsed_via_type_Ib_bouton_to": "is synapsed via type Ib bouton to", "receives_synaptic_input_in": "receives synaptic input in", "overlaps": "overlaps", "inheres_in": "inheres in", "has_quality": "has quality", "located_in": "located in", "partial_overlaps": "partial overlaps", "tributary_of": "tributary of", "distributary_of": "distributary of", "surrounded_by": "surrounded by", "succeeded_by": "succeeded by", "connected_to": "connected to", "coextensive_with": "coextensive with", "has_role": "has role", "is_opposite_of": "is opposite of", "has_gene_template": "has gene template", "only_in_taxon": "only in taxon", "has_component": "has component", "has_output_compound": "has output compound", "has_input_compound": "has input compound", "is_conjugate_acid_of": "is conjugate acid of", "is_conjugate_base_of": "is conjugate base of", "has_functional_parent": "has functional parent", "is_enantiomer_of": "is enantiomer of", "is_tautomer_of": "is tautomer of", "is_substituent_group_from": "is substituent group from", "has_parent_hydride": "has parent hydride", "DESCENDENTOF": "DESCENDENTOF", "DESCINMALE": "DESCINMALE", "starts_at_end_of": "starts at end of", "excluded_subClassOf": "excluded subClassOf", "disease_has_feature": "disease has feature"}