[{"head": "Pel-Epstein fever", "relation": "is_a", "tail": "fever"}, {"head": "abdominal cramp", "relation": "is_a", "tail": "abdominal symptom"}, {"head": "abdominal discomfort", "relation": "is_a", "tail": "abdominal symptom"}, {"head": "abdominal distention", "relation": "is_a", "tail": "abdominal symptom"}, {"head": "abdominal lump", "relation": "is_a", "tail": "abdominal symptom"}, {"head": "abdominal mass", "relation": "is_a", "tail": "abdominal symptom"}, {"head": "abdominal pain", "relation": "is_a", "tail": "pain"}, {"head": "abdominal rigidity", "relation": "is_a", "tail": "abdominal symptom"}, {"head": "abdominal swelling", "relation": "is_a", "tail": "abdominal symptom"}, {"head": "abdominal symptom", "relation": "is_a", "tail": "symptom"}, {"head": "abdominal tenderness", "relation": "is_a", "tail": "abdominal symptom"}, {"head": "abnormal behavior", "relation": "is_a", "tail": "behavioral symptom"}, {"head": "abnormal bowel sound", "relation": "is_a", "tail": "digestive system symptom"}, {"head": "abnormal chest sound", "relation": "is_a", "tail": "respiratory system and chest symptom"}, {"head": "abnormal feces", "relation": "is_a", "tail": "feces and droppings symptom"}, {"head": "abnormal hemistanding", "relation": "is_a", "tail": "postural reaction"}, {"head": "abnormal hemiwalking", "relation": "is_a", "tail": "postural reaction"}, {"head": "abnormal hemiwalking hemistanding", "relation": "is_a", "tail": "postural reaction"}, {"head": "abnormal involuntary movement", "relation": "is_a", "tail": "nervous system symptom"}, {"head": "abnormal loss of weight and underweight", "relation": "is_a", "tail": "weight loss"}, {"head": "abnormal posture", "relation": "is_a", "tail": "musculoskeletal system symptom"}, {"head": "abnormal sputum", "relation": "is_a", "tail": "sputum"}, {"head": "abnormal vaginal bleeding", "relation": "is_a", "tail": "reproductive system symptom"}, {"head": "abnormal weight gain", "relation": "is_a", "tail": "weight gain"}, {"head": "abnormality of gait", "relation": "is_a", "tail": "musculoskeletal system symptom"}, {"head": "abortion", "relation": "is_a", "tail": "reproductive system symptom"}, {"head": "abscess", "relation": "is_a", "tail": "general symptom"}, {"head": "absence of knee jerk reflex", "relation": "is_a", "tail": "areflexia"}, {"head": "absence seizure", "relation": "is_a", "tail": "generalized seizure"}, {"head": "absent gag reflex", "relation": "is_a", "tail": "areflexia"}, {"head": "active hyperemia", "relation": "is_a", "tail": "hyperemia"}, {"head": "acute arthritis", "relation": "is_a", "tail": "arthritis"}, {"head": "acute cranial nerve dysfunction", "relation": "is_a", "tail": "neurological dysfunction"}, {"head": "acute diarrhea", "relation": "is_a", "tail": "diarrhea"}, {"head": "acute dyspnea", "relation": "is_a", "tail": "shortness of breath"}, {"head": "acute enteritis", "relation": "is_a", "tail": "enteritis"}, {"head": "acute gastroenteritis", "relation": "is_a", "tail": "gastroenteritis"}, {"head": "acute meningoencephalitis", "relation": "is_a", "tail": "meningoencephalitis"}, {"head": "acute mental dysfunction", "relation": "is_a", "tail": "nervous system symptom"}, {"head": "acute mesenteric lymphadenitis", "relation": "is_a", "tail": "lymphadenitis"}, {"head": "acute pain", "relation": "is_a", "tail": "pain"}, {"head": "acute painful vision loss", "relation": "is_a", "tail": "pain"}, {"head": "acute renal failure", "relation": "is_a", "tail": "renal failure"}, {"head": "acute suppurative parotiditis", "relation": "is_a", "tail": "salivary gland symptom"}, {"head": "acute weight loss", "relation": "is_a", "tail": "loss of weight"}, {"head": "adenopathy", "relation": "is_a", "tail": "lymphatic system symptom"}, {"head": "adult failure to thrive", "relation": "is_a", "tail": "nutrition, metabolism, and development symptom"}, {"head": "afebrile", "relation": "is_a", "tail": "fever"}, {"head": "aggressive behavior", "relation": "is_a", "tail": "behavioral symptom"}, {"head": "agraphia", "relation": "is_a", "tail": "aphasia"}, {"head": "alexia", "relation": "is_a", "tail": "aphasia"}, {"head": "allergic reaction", "relation": "is_a", "tail": "immune system symptom"}, {"head": "allodynia", "relation": "is_a", "tail": "pain"}, {"head": "alteration of appetite", "relation": "is_a", "tail": "nutrition, metabolism, and development symptom"}, {"head": "alteration of consciousness", "relation": "is_a", "tail": "neurological and physiological symptom"}, {"head": "altered mental status", "relation": "is_a", "tail": "nervous system symptom"}, {"head": "amaurosis", "relation": "is_a", "tail": "loss of vision"}, {"head": "amaurosis fugax", "relation": "is_a", "tail": "amaurosis"}, {"head": "anaphylactic shock", "relation": "is_a", "tail": "immune system symptom"}, {"head": "anasarca", "relation": "is_a", "tail": "edema"}, {"head": "anemia", "relation": "is_a", "tail": "hemic system symptom"}, {"head": "anisocoria", "relation": "is_a", "tail": "eye symptom"}, {"head": "ankle rash", "relation": "is_a", "tail": "rash"}, {"head": "anomia", "relation": "is_a", "tail": "aphasia"}, {"head": "anorexia", "relation": "is_a", "tail": "nutrition, metabolism, and development symptom"}, {"head": "anuria", "relation": "is_a", "tail": "urinary system symptom"}, {"head": "anxiety", "relation": "is_a", "tail": "neurological and physiological symptom"}, {"head": "aphasia", "relation": "is_a", "tail": "nervous system symptom"}, {"head": "aphonia", "relation": "is_a", "tail": "voice disturbance"}, {"head": "apnea", "relation": "is_a", "tail": "respiratory abnormality"}, {"head": "areflexia", "relation": "is_a", "tail": "reflex symptom"}, {"head": "arm weakness", "relation": "is_a", "tail": "limb weakness"}, {"head": "arrhythmia", "relation": "is_a", "tail": "cardiovascular system symptom"}, {"head": "arthritis", "relation": "is_a", "tail": "musculoskeletal system symptom"}, {"head": "ascites", "relation": "is_a", "tail": "abdominal symptom"}, {"head": "asthenia", "relation": "is_a", "tail": "general symptom"}, {"head": "asthenopia", "relation": "is_a", "tail": "eye symptom"}, {"head": "ataxia", "relation": "is_a", "tail": "neurological and physiological symptom"}, {"head": "atonic seizure", "relation": "is_a", "tail": "generalized seizure"}, {"head": "atrial fibrillation", "relation": "is_a", "tail": "cardiac fibrillation"}, {"head": "backache", "relation": "is_a", "tail": "pain"}, {"head": "behavioral symptom", "relation": "is_a", "tail": "nervous system symptom"}, {"head": "belching", "relation": "is_a", "tail": "digestive system symptom"}, {"head": "bifrontal headache", "relation": "is_a", "tail": "headache"}, {"head": "bleeding", "relation": "is_a", "tail": "general symptom"}, {"head": "blindness", "relation": "is_a", "tail": "vision symptom"}, {"head": "blister", "relation": "is_a", "tail": "skin and integumentary tissue symptom"}, {"head": "bloating", "relation": "is_a", "tail": "digestive system symptom"}, {"head": "blood vessel infection", "relation": "is_a", "tail": "cardiovascular system symptom"}, {"head": "bloodshot eye", "relation": "is_a", "tail": "eye symptom"}, {"head": "bloody sputum", "relation": "is_a", "tail": "sputum"}, {"head": "bloody stool", "relation": "is_a", "tail": "feces and droppings symptom"}, {"head": "blotchy red rash", "relation": "is_a", "tail": "rash"}, {"head": "body ache", "relation": "is_a", "tail": "pain"}, {"head": "boil", "relation": "is_a", "tail": "skin and integumentary tissue symptom"}, {"head": "bradycardia", "relation": "is_a", "tail": "arrhythmia"}, {"head": "bradykinesia", "relation": "is_a", "tail": "hypokinesia"}, {"head": "bradypnea", "relation": "is_a", "tail": "respiratory abnormality"}, {"head": "brain cyst", "relation": "is_a", "tail": "nervous system symptom"}, {"head": "breakthrough pain", "relation": "is_a", "tail": "pain"}, {"head": "breathing problems", "relation": "is_a", "tail": "respiratory abnormality"}, {"head": "bronchiolitis", "relation": "is_a", "tail": "respiratory system and chest symptom"}, {"head": "bronchitis", "relation": "is_a", "tail": "respiratory system and chest symptom"}, {"head": "bronchopneumonia", "relation": "is_a", "tail": "pneumonia"}, {"head": "bronchopulmonary bleeding", "relation": "is_a", "tail": "respiratory system and chest symptom"}, {"head": "bruise", "relation": "is_a", "tail": "skin and integumentary tissue symptom"}, {"head": "bubo", "relation": "is_a", "tail": "lymphadenitis"}, {"head": "cachexia", "relation": "is_a", "tail": "nutrition, metabolism, and development symptom"}, {"head": "cardiac fibrillation", "relation": "is_a", "tail": "arrhythmia"}, {"head": "cardiogenic shock", "relation": "is_a", "tail": "shock"}, {"head": "cardiovascular system symptom", "relation": "is_a", "tail": "symptom"}, {"head": "cataplexy", "relation": "is_a", "tail": "muscle symptom"}, {"head": "catatonia", "relation": "is_a", "tail": "neurological and physiological symptom"}, {"head": "cellulitis", "relation": "is_a", "tail": "musculoskeletal system symptom"}, {"head": "cervical edema", "relation": "is_a", "tail": "neck symptom"}, {"head": "cervical lymphadenopathy", "relation": "is_a", "tail": "adenopathy"}, {"head": "change in body sensation", "relation": "is_a", "tail": "general symptom"}, {"head": "change in skin color", "relation": "is_a", "tail": "skin and integumentary tissue symptom"}, {"head": "change in skin texture", "relation": "is_a", "tail": "skin and integumentary tissue symptom"}, {"head": "chest hyperemia", "relation": "is_a", "tail": "cardiovascular system symptom"}, {"head": "chest pain", "relation": "is_a", "tail": "pain"}, {"head": "cheyne-stokes respiration", "relation": "is_a", "tail": "respiratory abnormality"}, {"head": "chills", "relation": "is_a", "tail": "general symptom"}, {"head": "chronic cough", "relation": "is_a", "tail": "cough"}, {"head": "chronic enteritis", "relation": "is_a", "tail": "enteritis"}, {"head": "chronic pain", "relation": "is_a", "tail": "pain"}, {"head": "circling movement", "relation": "is_a", "tail": "abnormal involuntary movement"}, {"head": "claudication", "relation": "is_a", "tail": "pain"}, {"head": "clonic seizure", "relation": "is_a", "tail": "generalized seizure"}, {"head": "cloudy cornea", "relation": "is_a", "tail": "cornea symptom"}, {"head": "clubbing of fingers", "relation": "is_a", "tail": "musculoskeletal system symptom"}, {"head": "coagulopathy", "relation": "is_a", "tail": "hemic system symptom"}, {"head": "cold clammy skin", "relation": "is_a", "tail": "skin and integumentary tissue symptom"}, {"head": "colic", "relation": "is_a", "tail": "pain"}, {"head": "colicky pain", "relation": "is_a", "tail": "pain"}, {"head": "coma", "relation": "is_a", "tail": "alteration of consciousness"}, {"head": "communication difficulty", "relation": "is_a", "tail": "behavioral symptom"}, {"head": "complex partial seizure", "relation": "is_a", "tail": "focal seizure"}, {"head": "confusion", "relation": "is_a", "tail": "neurological and physiological symptom"}, {"head": "congested sclera", "relation": "is_a", "tail": "hyperemia"}, {"head": "congestion", "relation": "is_a", "tail": "respiratory system and chest symptom"}, {"head": "conjunctivitis", "relation": "is_a", "tail": "eye symptom"}, {"head": "conscious disturbance", "relation": "is_a", "tail": "alteration of consciousness"}, {"head": "conscious proprioception", "relation": "is_a", "tail": "postural reaction"}, {"head": "constipation", "relation": "is_a", "tail": "feces and droppings symptom"}, {"head": "continuous fever", "relation": "is_a", "tail": "fever"}, {"head": "continuous leakage of urine", "relation": "is_a", "tail": "urinary incontinence"}, {"head": "continuous profuse salivation", "relation": "is_a", "tail": "salivation"}, {"head": "contracted pupil", "relation": "is_a", "tail": "pupil symptom"}, {"head": "convulsion", "relation": "is_a", "tail": "nervous system symptom"}, {"head": "coordination symptom", "relation": "is_a", "tail": "nervous system symptom"}, {"head": "cornea symptom", "relation": "is_a", "tail": "eye symptom"}, {"head": "corneal opacity", "relation": "is_a", "tail": "cornea symptom"}, {"head": "corneal ulcers", "relation": "is_a", "tail": "cornea symptom"}, {"head": "cough", "relation": "is_a", "tail": "respiratory system and chest symptom"}, {"head": "cough with bloody sputum", "relation": "is_a", "tail": "cough"}, {"head": "cramp", "relation": "is_a", "tail": "general symptom"}, {"head": "cranial nerve palsies", "relation": "is_a", "tail": "eye symptom"}, {"head": "crinkle", "relation": "is_a", "tail": "skin and integumentary tissue symptom"}, {"head": "cyanosis", "relation": "is_a", "tail": "skin and integumentary tissue symptom"}, {"head": "cyclic fever", "relation": "is_a", "tail": "fever"}, {"head": "cytopenia", "relation": "is_a", "tail": "hemic system symptom"}, {"head": "darkening of skin", "relation": "is_a", "tail": "skin and integumentary tissue symptom"}, {"head": "deafness", "relation": "is_a", "tail": "ear symptom"}, {"head": "decreased appetite", "relation": "is_a", "tail": "alteration of appetite"}, {"head": "decreased conscious proprioception", "relation": "is_a", "tail": "proprioception symptom"}, {"head": "decreased facial sensation", "relation": "is_a", "tail": "skin and integumentary tissue symptom"}, {"head": "decreased flexor withdrawal reflex", "relation": "is_a", "tail": "reflex symptom"}, {"head": "decreased jaw tone", "relation": "is_a", "tail": "musculoskeletal system symptom"}, {"head": "decreased milk production", "relation": "is_a", "tail": "nutrition, metabolism, and development symptom"}, {"head": "decreased motor response", "relation": "is_a", "tail": "nervous system symptom"}, {"head": "decreased pharyngeal tone", "relation": "is_a", "tail": "throat symptom"}, {"head": "decreased sucking", "relation": "is_a", "tail": "feeding difficulties and mismanagement"}, {"head": "decreased tongue tone", "relation": "is_a", "tail": "mouth symptom"}, {"head": "dehydration", "relation": "is_a", "tail": "nutrition, metabolism, and development symptom"}, {"head": "delayed milestones", "relation": "is_a", "tail": "lack of expected normal physiological development in childhood"}, {"head": "delirium", "relation": "is_a", "tail": "neurological and physiological symptom"}, {"head": "deltoid muscle weakness", "relation": "is_a", "tail": "muscle weakness"}, {"head": "depression", "relation": "is_a", "tail": "neurological and physiological symptom"}, {"head": "dermal abscess", "relation": "is_a", "tail": "skin and integumentary tissue symptom"}, {"head": "diaphoresis", "relation": "is_a", "tail": "sweaty"}, {"head": "diarrhea", "relation": "is_a", "tail": "feces and droppings symptom"}, {"head": "diffuse rash", "relation": "is_a", "tail": "rash"}, {"head": "digestive system symptom", "relation": "is_a", "tail": "symptom"}, {"head": "dilated pupil", "relation": "is_a", "tail": "pupil symptom"}, {"head": "diminished gag reflex", "relation": "is_a", "tail": "reflex symptom"}, {"head": "diminished gastro-intestinal motility", "relation": "is_a", "tail": "digestive system symptom"}, {"head": "diminished spontaneous movement", "relation": "is_a", "tail": "nervous system symptom"}, {"head": "discharge", "relation": "is_a", "tail": "general symptom"}, {"head": "disorientation", "relation": "is_a", "tail": "confusion"}, {"head": "disruptions of 24-hour sleep-wake cycle", "relation": "is_a", "tail": "sleep disturbance"}, {"head": "distended loops of intestines on rectal", "relation": "is_a", "tail": "digestive system symptom"}, {"head": "disturbance of skin sensation", "relation": "is_a", "tail": "skin and integumentary tissue symptom"}, {"head": "disturbances of sensation of smell and taste", "relation": "is_a", "tail": "nervous system symptom"}, {"head": "disturbed vision", "relation": "is_a", "tail": "vision distortion"}, {"head": "dizziness", "relation": "is_a", "tail": "neurological and physiological symptom"}, {"head": "double vision", "relation": "is_a", "tail": "vision symptom"}, {"head": "droopy ears", "relation": "is_a", "tail": "ear symptom"}, {"head": "drowsiness", "relation": "is_a", "tail": "neurological and physiological symptom"}, {"head": "dry cough", "relation": "is_a", "tail": "cough"}, {"head": "dry hacking cough", "relation": "is_a", "tail": "dry cough"}, {"head": "dry mouth", "relation": "is_a", "tail": "mouth symptom"}, {"head": "dry mucous membrane", "relation": "is_a", "tail": "skin and integumentary tissue symptom"}, {"head": "dysarthria", "relation": "is_a", "tail": "neurological and physiological symptom"}, {"head": "dysfunctions associated with arousal from sleep", "relation": "is_a", "tail": "sleep disturbance"}, {"head": "dysfunctions associated with sleep stages", "relation": "is_a", "tail": "sleep disturbance"}, {"head": "dyspareunia", "relation": "is_a", "tail": "pain"}, {"head": "dyspepsia", "relation": "is_a", "tail": "digestive system symptom"}, {"head": "dysphagia", "relation": "is_a", "tail": "throat symptom"}, {"head": "dysphonia", "relation": "is_a", "tail": "voice disturbance"}, {"head": "dyspneic enteritis", "relation": "is_a", "tail": "respiratory system and chest symptom"}, {"head": "dysuria", "relation": "is_a", "tail": "urinary system symptom"}, {"head": "ear symptom", "relation": "is_a", "tail": "head symptom"}, {"head": "earache", "relation": "is_a", "tail": "pain"}, {"head": "early satiety", "relation": "is_a", "tail": "nutrition, metabolism, and development symptom"}, {"head": "eczema", "relation": "is_a", "tail": "skin and integumentary tissue symptom"}, {"head": "edema", "relation": "is_a", "tail": "skin and integumentary tissue symptom"}, {"head": "elbow pain", "relation": "is_a", "tail": "joint pain"}, {"head": "emaciation", "relation": "is_a", "tail": "wasting"}, {"head": "enanthem", "relation": "is_a", "tail": "skin and integumentary tissue symptom"}, {"head": "encephalitis", "relation": "is_a", "tail": "nervous system symptom"}, {"head": "endocarditis", "relation": "is_a", "tail": "cardiovascular system symptom"}, {"head": "enlargement of lymph nodes", "relation": "is_a", "tail": "lymphatic system symptom"}, {"head": "enteritis", "relation": "is_a", "tail": "digestive system symptom"}, {"head": "epididymitis", "relation": "is_a", "tail": "reproductive system symptom"}, {"head": "epididymorchitis", "relation": "is_a", "tail": "reproductive system symptom"}, {"head": "epigastric abdominal lump", "relation": "is_a", "tail": "abdominal lump"}, {"head": "epigastric abdominal mass", "relation": "is_a", "tail": "abdominal mass"}, {"head": "epigastric abdominal pain", "relation": "is_a", "tail": "abdominal pain"}, {"head": "epigastric abdominal rigidity", "relation": "is_a", "tail": "abdominal rigidity"}, {"head": "epigastric abdominal swelling", "relation": "is_a", "tail": "abdominal swelling"}, {"head": "epigastric abdominal tenderness", "relation": "is_a", "tail": "abdominal tenderness"}, {"head": "epigastric pelvic lump", "relation": "is_a", "tail": "pelvic lump"}, {"head": "epigastric pelvic mass", "relation": "is_a", "tail": "pelvic mass"}, {"head": "epigastric pelvic swelling", "relation": "is_a", "tail": "pelvic swelling"}, {"head": "epileptic seizure", "relation": "is_a", "tail": "seizure"}, {"head": "epistaxis", "relation": "is_a", "tail": "nose symptom"}, {"head": "eschar", "relation": "is_a", "tail": "skin and integumentary tissue symptom"}, {"head": "exanthema", "relation": "is_a", "tail": "rash"}, {"head": "excess lymphocytes in cerebrospinal fluid", "relation": "is_a", "tail": "extracellular fluid alteration"}, {"head": "excess salivation", "relation": "is_a", "tail": "salivation"}, {"head": "excessive crying of infant", "relation": "is_a", "tail": "infant symptom"}, {"head": "excessive tearing", "relation": "is_a", "tail": "eye symptom"}, {"head": "exhaustion", "relation": "is_a", "tail": "fatigue"}, {"head": "exophthalmos", "relation": "is_a", "tail": "eye symptom"}, {"head": "expressive aphasia", "relation": "is_a", "tail": "aphasia"}, {"head": "extensive ulcer", "relation": "is_a", "tail": "skin ulcer"}, {"head": "extracellular fluid alteration", "relation": "is_a", "tail": "general symptom"}, {"head": "extraocular muscles paralysis", "relation": "is_a", "tail": "paralysis"}, {"head": "extravasation of urine", "relation": "is_a", "tail": "urinary system symptom"}, {"head": "extreme exhaustion", "relation": "is_a", "tail": "exhaustion"}, {"head": "extreme fatigue", "relation": "is_a", "tail": "fatigue"}, {"head": "extreme prostration", "relation": "is_a", "tail": "prostration"}, {"head": "eye discharge", "relation": "is_a", "tail": "eye symptom"}, {"head": "eye strain", "relation": "is_a", "tail": "eye symptom"}, {"head": "eye symptom", "relation": "is_a", "tail": "head symptom"}, {"head": "face hyperemia", "relation": "is_a", "tail": "head symptom"}, {"head": "facial edema", "relation": "is_a", "tail": "edema"}, {"head": "facial muscle twitching", "relation": "is_a", "tail": "muscle twitching"}, {"head": "facial paralysis", "relation": "is_a", "tail": "paralysis"}, {"head": "facial tremor", "relation": "is_a", "tail": "head symptom"}, {"head": "facial weakness", "relation": "is_a", "tail": "head symptom"}, {"head": "failure to thrive", "relation": "is_a", "tail": "lack of expected normal physiological development in childhood"}, {"head": "faint", "relation": "is_a", "tail": "alteration of consciousness"}, {"head": "fatigue", "relation": "is_a", "tail": "neurological and physiological symptom"}, {"head": "febrile convulsion", "relation": "is_a", "tail": "convulsion"}, {"head": "feces and droppings symptom", "relation": "is_a", "tail": "digestive system symptom"}, {"head": "feeding difficulties and mismanagement", "relation": "is_a", "tail": "nutrition, metabolism, and development symptom"}, {"head": "fever", "relation": "is_a", "tail": "neurological and physiological symptom"}, {"head": "fixed dilated pupils", "relation": "is_a", "tail": "dilated pupil"}, {"head": "fixed pupil", "relation": "is_a", "tail": "eye symptom"}, {"head": "flaccid muscle tone", "relation": "is_a", "tail": "muscle symptom"}, {"head": "flaccid paralysis", "relation": "is_a", "tail": "paralysis"}, {"head": "flaccidity", "relation": "is_a", "tail": "general symptom"}, {"head": "flat keratotic capsule", "relation": "is_a", "tail": "skin and integumentary tissue symptom"}, {"head": "flatulence", "relation": "is_a", "tail": "digestive system symptom"}, {"head": "floppy head", "relation": "is_a", "tail": "nervous system symptom"}, {"head": "flushing", "relation": "is_a", "tail": "skin and integumentary tissue symptom"}, {"head": "focal seizure", "relation": "is_a", "tail": "seizure"}, {"head": "freezing hypokinesia", "relation": "is_a", "tail": "hypokinesia"}, {"head": "frontal headache", "relation": "is_a", "tail": "headache"}, {"head": "functional hyperemia", "relation": "is_a", "tail": "hyperemia"}, {"head": "fussy infant", "relation": "is_a", "tail": "infant symptom"}, {"head": "gangrene", "relation": "is_a", "tail": "cardiovascular system symptom"}, {"head": "gas pain", "relation": "is_a", "tail": "pain"}, {"head": "gastroenteritis", "relation": "is_a", "tail": "digestive system symptom"}, {"head": "gastrointestinal bleeding", "relation": "is_a", "tail": "digestive system symptom"}, {"head": "general symptom", "relation": "is_a", "tail": "symptom"}, {"head": "generalized abdominal lump", "relation": "is_a", "tail": "abdominal lump"}, {"head": "generalized abdominal mass", "relation": "is_a", "tail": "abdominal mass"}, {"head": "generalized abdominal pain", "relation": "is_a", "tail": "abdominal pain"}, {"head": "generalized abdominal rigidity", "relation": "is_a", "tail": "abdominal rigidity"}, {"head": "generalized abdominal swelling", "relation": "is_a", "tail": "abdominal swelling"}, {"head": "generalized abdominal tenderness", "relation": "is_a", "tail": "abdominal tenderness"}, {"head": "generalized hyperhidrosis", "relation": "is_a", "tail": "neurological and physiological symptom"}, {"head": "generalized pelvic lump", "relation": "is_a", "tail": "pelvic lump"}, {"head": "generalized pelvic mass", "relation": "is_a", "tail": "pelvic mass"}, {"head": "generalized pelvic swelling", "relation": "is_a", "tail": "pelvic swelling"}, {"head": "generalized seizure", "relation": "is_a", "tail": "seizure"}, {"head": "genitourinary hemorrhage", "relation": "is_a", "tail": "urinary system symptom"}, {"head": "giddiness", "relation": "is_a", "tail": "general symptom"}, {"head": "granulomatous inflammation", "relation": "is_a", "tail": "inflammation"}, {"head": "gross hematuria", "relation": "is_a", "tail": "hematuria"}, {"head": "gum bleeding", "relation": "is_a", "tail": "mouth bleeding"}, {"head": "hair loss", "relation": "is_a", "tail": "skin and integumentary tissue symptom"}, {"head": "hallucination", "relation": "is_a", "tail": "general symptom"}, {"head": "head and neck symptom", "relation": "is_a", "tail": "symptom"}, {"head": "head pressing", "relation": "is_a", "tail": "head symptom"}, {"head": "head swelling", "relation": "is_a", "tail": "head symptom"}, {"head": "head symptom", "relation": "is_a", "tail": "head and neck symptom"}, {"head": "headache", "relation": "is_a", "tail": "pain"}, {"head": "heart failure", "relation": "is_a", "tail": "cardiovascular system symptom"}, {"head": "heartburn", "relation": "is_a", "tail": "pain"}, {"head": "hematemesis", "relation": "is_a", "tail": "vomiting"}, {"head": "hematochezia", "relation": "is_a", "tail": "feces and droppings symptom"}, {"head": "hematogenous", "relation": "is_a", "tail": "hemic system symptom"}, {"head": "hematoma", "relation": "is_a", "tail": "skin and integumentary tissue symptom"}, {"head": "hematopoietic system symptom", "relation": "is_a", "tail": "hemic and immune system symptom"}, {"head": "hematuria", "relation": "is_a", "tail": "urinary system symptom"}, {"head": "hemic and immune system symptom", "relation": "is_a", "tail": "symptom"}, {"head": "hemic system symptom", "relation": "is_a", "tail": "hemic and immune system symptom"}, {"head": "hemiparesis", "relation": "is_a", "tail": "paralysis"}, {"head": "hemodynamic instability", "relation": "is_a", "tail": "hemic system symptom"}, {"head": "hemolysis", "relation": "is_a", "tail": "hemic system symptom"}, {"head": "hemolytic anemia", "relation": "is_a", "tail": "anemia"}, {"head": "hemoptysis", "relation": "is_a", "tail": "respiratory system and chest symptom"}, {"head": "hemorrhage", "relation": "is_a", "tail": "cardiovascular system symptom"}, {"head": "hemorrhage from throat", "relation": "is_a", "tail": "throat symptom"}, {"head": "hemorrhage into mucous membrane", "relation": "is_a", "tail": "skin and integumentary tissue symptom"}, {"head": "hemorrhage into skin", "relation": "is_a", "tail": "skin and integumentary tissue symptom"}, {"head": "hemorrhagic diarrhea", "relation": "is_a", "tail": "diarrhea"}, {"head": "hemorrhagic gastroenteritis", "relation": "is_a", "tail": "gastroenteritis"}, {"head": "hemorrhagic mediastinitis", "relation": "is_a", "tail": "respiratory system and chest symptom"}, {"head": "hepatic abscess", "relation": "is_a", "tail": "liver symptom"}, {"head": "hepatic dysfunction", "relation": "is_a", "tail": "liver symptom"}, {"head": "hepatic necrosis", "relation": "is_a", "tail": "liver symptom"}, {"head": "hepatitis", "relation": "is_a", "tail": "liver symptom"}, {"head": "hepatomegaly", "relation": "is_a", "tail": "liver symptom"}, {"head": "hepatosplenomegaly", "relation": "is_a", "tail": "liver symptom"}, {"head": "hepatosplenomegaly", "relation": "is_a", "tail": "spleen symptom"}, {"head": "herpetic lesion on upper lip", "relation": "is_a", "tail": "mouth symptom"}, {"head": "hiccough", "relation": "is_a", "tail": "respiratory system and chest symptom"}, {"head": "high fever", "relation": "is_a", "tail": "fever"}, {"head": "hilar lymphadenitis", "relation": "is_a", "tail": "lymphadenitis"}, {"head": "hind limb paralysis", "relation": "is_a", "tail": "paralysis"}, {"head": "hip pain", "relation": "is_a", "tail": "joint pain"}, {"head": "hoarse voice", "relation": "is_a", "tail": "voice disturbance"}, {"head": "hoarseness", "relation": "is_a", "tail": "throat symptom"}, {"head": "hopping", "relation": "is_a", "tail": "postural reaction"}, {"head": "hydrocephalus", "relation": "is_a", "tail": "head symptom"}, {"head": "hyperactivity", "relation": "is_a", "tail": "behavioral symptom"}, {"head": "hyperalgesia", "relation": "is_a", "tail": "sensation perception"}, {"head": "hyperemia", "relation": "is_a", "tail": "hemic system symptom"}, {"head": "hyperemia of the neck", "relation": "is_a", "tail": "neck symptom"}, {"head": "hyperesthesia", "relation": "is_a", "tail": "sensation perception"}, {"head": "hypergammaglobulinemia", "relation": "is_a", "tail": "cardiovascular system symptom"}, {"head": "hypermenorrhea", "relation": "is_a", "tail": "menorrhagia"}, {"head": "hyperpigmentation", "relation": "is_a", "tail": "skin and integumentary tissue symptom"}, {"head": "hyperpyrexia", "relation": "is_a", "tail": "fever"}, {"head": "hyperreflexia", "relation": "is_a", "tail": "reflex symptom"}, {"head": "hypersomnia", "relation": "is_a", "tail": "sleep disturbance"}, {"head": "hypersomnia with sleep apnea", "relation": "is_a", "tail": "hypersomnia"}, {"head": "hyperthermia", "relation": "is_a", "tail": "high fever"}, {"head": "hyperventilation", "relation": "is_a", "tail": "respiratory abnormality"}, {"head": "hypoalgesia", "relation": "is_a", "tail": "sensation perception"}, {"head": "hypoesthesia", "relation": "is_a", "tail": "sensation perception"}, {"head": "hypokinesia", "relation": "is_a", "tail": "musculoskeletal system symptom"}, {"head": "hyponatremia", "relation": "is_a", "tail": "hemic system symptom"}, {"head": "hypopyon", "relation": "is_a", "tail": "eye symptom"}, {"head": "hypotension", "relation": "is_a", "tail": "hemic system symptom"}, {"head": "hypotensive", "relation": "is_a", "tail": "low blood pressure"}, {"head": "hypothermia", "relation": "is_a", "tail": "neurological and physiological symptom"}, {"head": "hypoventilation", "relation": "is_a", "tail": "respiratory abnormality"}, {"head": "hypoxemia", "relation": "is_a", "tail": "hemic system symptom"}, {"head": "icteric eyes", "relation": "is_a", "tail": "eye symptom"}, {"head": "icteric mucous membrane", "relation": "is_a", "tail": "skin and integumentary tissue symptom"}, {"head": "icteric skin", "relation": "is_a", "tail": "skin and integumentary tissue symptom"}, {"head": "immune system symptom", "relation": "is_a", "tail": "hemic and immune system symptom"}, {"head": "impaired coordination", "relation": "is_a", "tail": "coordination symptom"}, {"head": "impaired gag reflex", "relation": "is_a", "tail": "reflex symptom"}, {"head": "impotence", "relation": "is_a", "tail": "reproductive system symptom"}, {"head": "inability to comprehend speech", "relation": "is_a", "tail": "aphasia"}, {"head": "inability to concentrate", "relation": "is_a", "tail": "alteration of consciousness"}, {"head": "inability to feed", "relation": "is_a", "tail": "feeding difficulties and mismanagement"}, {"head": "inability to form words", "relation": "is_a", "tail": "aphasia"}, {"head": "inability to lie flat", "relation": "is_a", "tail": "musculoskeletal system symptom"}, {"head": "inability to speak", "relation": "is_a", "tail": "aphasia"}, {"head": "inability to swallow", "relation": "is_a", "tail": "throat symptom"}, {"head": "inability to think clearly", "relation": "is_a", "tail": "alteration of consciousness"}, {"head": "incomplete bladder emptying", "relation": "is_a", "tail": "urinary retention"}, {"head": "incontinence without sensory awareness", "relation": "is_a", "tail": "urinary incontinence"}, {"head": "incoordination", "relation": "is_a", "tail": "lack of coordination"}, {"head": "increased appetite", "relation": "is_a", "tail": "alteration of appetite"}, {"head": "infant symptom", "relation": "is_a", "tail": "general symptom"}, {"head": "infertility", "relation": "is_a", "tail": "reproductive system symptom"}, {"head": "inflamed eyes", "relation": "is_a", "tail": "eye symptom"}, {"head": "inflammation", "relation": "is_a", "tail": "general symptom"}, {"head": "inflammatory low back pain", "relation": "is_a", "tail": "backache"}, {"head": "inibility to stand", "relation": "is_a", "tail": "motor weakness"}, {"head": "insomnia", "relation": "is_a", "tail": "sleep disturbance"}, {"head": "insomnia with sleep apnea", "relation": "is_a", "tail": "insomnia"}, {"head": "intense anxiety", "relation": "is_a", "tail": "anxiety"}, {"head": "intense toxemia", "relation": "is_a", "tail": "toxemia"}, {"head": "intestinal hemorrhage", "relation": "is_a", "tail": "digestive system symptom"}, {"head": "intestinal hypermotility", "relation": "is_a", "tail": "digestive system symptom"}, {"head": "intracerebral hemorrhage", "relation": "is_a", "tail": "hemorrhage"}, {"head": "intracranial hemorrhage", "relation": "is_a", "tail": "hemorrhage"}, {"head": "intraretinal hemorrhage", "relation": "is_a", "tail": "eye symptom"}, {"head": "irritability", "relation": "is_a", "tail": "behavioral symptom"}, {"head": "ischemia", "relation": "is_a", "tail": "hemic system symptom"}, {"head": "ischemic necrosis of jejunum", "relation": "is_a", "tail": "necrosis of jejunum"}, {"head": "itching", "relation": "is_a", "tail": "skin and integumentary tissue symptom"}, {"head": "jaundice", "relation": "is_a", "tail": "skin and integumentary tissue symptom"}, {"head": "joint inflammation", "relation": "is_a", "tail": "joint symptom"}, {"head": "joint pain", "relation": "is_a", "tail": "pain"}, {"head": "joint symptom", "relation": "is_a", "tail": "musculoskeletal system symptom"}, {"head": "junctional tachycardia", "relation": "is_a", "tail": "tachycardia"}, {"head": "keratitis", "relation": "is_a", "tail": "cornea symptom"}, {"head": "keratotic nodules of the skin", "relation": "is_a", "tail": "skin and integumentary tissue symptom"}, {"head": "knee pain", "relation": "is_a", "tail": "joint pain"}, {"head": "lack of coordination", "relation": "is_a", "tail": "coordination symptom"}, {"head": "lack of expected normal physiological development in childhood", "relation": "is_a", "tail": "nutrition, metabolism, and development symptom"}, {"head": "lack of normal physiological development", "relation": "is_a", "tail": "lack of expected normal physiological development in childhood"}, {"head": "lameness", "relation": "is_a", "tail": "musculoskeletal system symptom"}, {"head": "laryngitis", "relation": "is_a", "tail": "throat symptom"}, {"head": "laryngotracheitis", "relation": "is_a", "tail": "throat symptom"}, {"head": "lateroventral deviation of the head", "relation": "is_a", "tail": "head symptom"}, {"head": "left lower quadrant abdominal lump", "relation": "is_a", "tail": "abdominal lump"}, {"head": "left lower quadrant abdominal mass", "relation": "is_a", "tail": "abdominal mass"}, {"head": "left lower quadrant abdominal pain", "relation": "is_a", "tail": "abdominal pain"}, {"head": "left lower quadrant abdominal rigidity", "relation": "is_a", "tail": "abdominal rigidity"}, {"head": "left lower quadrant abdominal swelling", "relation": "is_a", "tail": "abdominal swelling"}, {"head": "left lower quadrant abdominal tenderness", "relation": "is_a", "tail": "abdominal tenderness"}, {"head": "left lower quadrant pelvic lump", "relation": "is_a", "tail": "pelvic lump"}, {"head": "left lower quadrant pelvic mass", "relation": "is_a", "tail": "pelvic mass"}, {"head": "left lower quadrant pelvic swelling", "relation": "is_a", "tail": "pelvic swelling"}, {"head": "left upper quadrant abdominal lump", "relation": "is_a", "tail": "abdominal lump"}, {"head": "left upper quadrant abdominal mass", "relation": "is_a", "tail": "abdominal mass"}, {"head": "left upper quadrant abdominal pain", "relation": "is_a", "tail": "abdominal pain"}, {"head": "left upper quadrant abdominal rigidity", "relation": "is_a", "tail": "abdominal rigidity"}, {"head": "left upper quadrant abdominal swelling", "relation": "is_a", "tail": "abdominal swelling"}, {"head": "left upper quadrant abdominal tenderness", "relation": "is_a", "tail": "abdominal tenderness"}, {"head": "left upper quadrant pelvic lump", "relation": "is_a", "tail": "pelvic lump"}, {"head": "left upper quadrant pelvic mass", "relation": "is_a", "tail": "pelvic mass"}, {"head": "left upper quadrant pelvic swelling", "relation": "is_a", "tail": "pelvic swelling"}, {"head": "leg cramp", "relation": "is_a", "tail": "muscle cramp"}, {"head": "leg swelling", "relation": "is_a", "tail": "swelling symptom"}, {"head": "leg weakness", "relation": "is_a", "tail": "limb weakness"}, {"head": "lesions in lung", "relation": "is_a", "tail": "respiratory system and chest symptom"}, {"head": "lesions in mouth", "relation": "is_a", "tail": "mouth symptom"}, {"head": "lesions in myocardium", "relation": "is_a", "tail": "cardiovascular system symptom"}, {"head": "lesions in oropharynx", "relation": "is_a", "tail": "throat symptom"}, {"head": "lesions in pancreas", "relation": "is_a", "tail": "digestive system symptom"}, {"head": "lesions in swim bladder", "relation": "is_a", "tail": "respiratory system and chest symptom"}, {"head": "lethargy", "relation": "is_a", "tail": "fatigue"}, {"head": "leukocytosis", "relation": "is_a", "tail": "hemic system symptom"}, {"head": "leukopenia", "relation": "is_a", "tail": "hemic system symptom"}, {"head": "light sensitivity", "relation": "is_a", "tail": "eye symptom"}, {"head": "lightheadedness", "relation": "is_a", "tail": "neurological and physiological symptom"}, {"head": "limb edema", "relation": "is_a", "tail": "edema"}, {"head": "limb weakness", "relation": "is_a", "tail": "muscle weakness"}, {"head": "limited attention", "relation": "is_a", "tail": "behavioral symptom"}, {"head": "lip paralysis", "relation": "is_a", "tail": "paralysis"}, {"head": "listlessness", "relation": "is_a", "tail": "general symptom"}, {"head": "liver inflammation", "relation": "is_a", "tail": "liver symptom"}, {"head": "liver symptom", "relation": "is_a", "tail": "digestive system symptom"}, {"head": "localized superficial lump", "relation": "is_a", "tail": "skin and integumentary tissue symptom"}, {"head": "localized superficial mass", "relation": "is_a", "tail": "skin and integumentary tissue symptom"}, {"head": "localized superficial swelling", "relation": "is_a", "tail": "skin and integumentary tissue symptom"}, {"head": "loss of appetite", "relation": "is_a", "tail": "alteration of appetite"}, {"head": "loss of balance", "relation": "is_a", "tail": "neurological and physiological symptom"}, {"head": "loss of consciousness", "relation": "is_a", "tail": "neurological and physiological symptom"}, {"head": "loss of height", "relation": "is_a", "tail": "musculoskeletal system symptom"}, {"head": "loss of tendon reflex", "relation": "is_a", "tail": "reflex symptom"}, {"head": "loss of vision", "relation": "is_a", "tail": "vision symptom"}, {"head": "loss of weight", "relation": "is_a", "tail": "abnormal loss of weight and underweight"}, {"head": "low backache", "relation": "is_a", "tail": "backache"}, {"head": "low birth weight", "relation": "is_a", "tail": "nutrition, metabolism, and development symptom"}, {"head": "low blood pressure", "relation": "is_a", "tail": "general symptom"}, {"head": "low-grade fever", "relation": "is_a", "tail": "mild fever"}, {"head": "lump in chest", "relation": "is_a", "tail": "respiratory system and chest symptom"}, {"head": "lymph gland swelling", "relation": "is_a", "tail": "swelling symptom"}, {"head": "lymphadenitis", "relation": "is_a", "tail": "lymphatic system symptom"}, {"head": "lymphangitis", "relation": "is_a", "tail": "lymphatic system symptom"}, {"head": "lymphatic system symptom", "relation": "is_a", "tail": "immune system symptom"}, {"head": "lymphoblastoma", "relation": "is_a", "tail": "lymphatic system symptom"}, {"head": "lymphopenia", "relation": "is_a", "tail": "lymphatic system symptom"}, {"head": "macrocytosis", "relation": "is_a", "tail": "hemic system symptom"}, {"head": "maculopapular rash", "relation": "is_a", "tail": "rash"}, {"head": "malaise", "relation": "is_a", "tail": "neurological and physiological symptom"}, {"head": "male stress incontinence", "relation": "is_a", "tail": "stress incontinence"}, {"head": "mass in chest", "relation": "is_a", "tail": "respiratory system and chest symptom"}, {"head": "massive hepatic necrosis", "relation": "is_a", "tail": "hepatic necrosis"}, {"head": "mastitis", "relation": "is_a", "tail": "skin and integumentary tissue symptom"}, {"head": "melena", "relation": "is_a", "tail": "feces and droppings symptom"}, {"head": "memory impairment", "relation": "is_a", "tail": "neurological and physiological symptom"}, {"head": "memory loss", "relation": "is_a", "tail": "neurological and physiological symptom"}, {"head": "meningismus", "relation": "is_a", "tail": "nervous system symptom"}, {"head": "meningitis", "relation": "is_a", "tail": "nervous system symptom"}, {"head": "meningoencephalitis", "relation": "is_a", "tail": "nervous system symptom"}, {"head": "menorrhagia", "relation": "is_a", "tail": "reproductive system symptom"}, {"head": "metrorrhagia", "relation": "is_a", "tail": "menorrhagia"}, {"head": "microangiopathic hemolytic anemia", "relation": "is_a", "tail": "hemolytic anemia"}, {"head": "microangiopathy", "relation": "is_a", "tail": "hemic system symptom"}, {"head": "mild bronchitis", "relation": "is_a", "tail": "bronchitis"}, {"head": "mild conjunctivitis", "relation": "is_a", "tail": "conjunctivitis"}, {"head": "mild encephalitis", "relation": "is_a", "tail": "encephalitis"}, {"head": "mild fever", "relation": "is_a", "tail": "fever"}, {"head": "mild hypotension", "relation": "is_a", "tail": "hypotension"}, {"head": "mild tetanic convulsion", "relation": "is_a", "tail": "tetanic convulsion"}, {"head": "miosis", "relation": "is_a", "tail": "contracted pupil"}, {"head": "miscarriage", "relation": "is_a", "tail": "reproductive system symptom"}, {"head": "mixed incontinence (female) (male)", "relation": "is_a", "tail": "urinary incontinence"}, {"head": "moderate anemia", "relation": "is_a", "tail": "anemia"}, {"head": "moderate conjuctival injection", "relation": "is_a", "tail": "eye symptom"}, {"head": "motor paralysis", "relation": "is_a", "tail": "paralysis"}, {"head": "motor weakness", "relation": "is_a", "tail": "musculoskeletal system symptom"}, {"head": "mouth bleeding", "relation": "is_a", "tail": "mouth symptom"}, {"head": "mouth papules", "relation": "is_a", "tail": "mouth symptom"}, {"head": "mouth sore", "relation": "is_a", "tail": "mouth symptom"}, {"head": "mouth symptom", "relation": "is_a", "tail": "head symptom"}, {"head": "multiple abscesses", "relation": "is_a", "tail": "abscess"}, {"head": "multiple organ failure", "relation": "is_a", "tail": "general symptom"}, {"head": "multiple sites abdominal lump", "relation": "is_a", "tail": "abdominal lump"}, {"head": "multiple sites abdominal mass", "relation": "is_a", "tail": "abdominal mass"}, {"head": "multiple sites abdominal pain", "relation": "is_a", "tail": "abdominal pain"}, {"head": "multiple sites abdominal rigidity", "relation": "is_a", "tail": "abdominal rigidity"}, {"head": "multiple sites abdominal swelling", "relation": "is_a", "tail": "abdominal swelling"}, {"head": "multiple sites abdominal tenderness", "relation": "is_a", "tail": "abdominal tenderness"}, {"head": "multiple sites pelvic lump", "relation": "is_a", "tail": "pelvic lump"}, {"head": "multiple sites pelvic mass", "relation": "is_a", "tail": "pelvic mass"}, {"head": "multiple sites pelvic swelling", "relation": "is_a", "tail": "pelvic swelling"}, {"head": "muscle cramp", "relation": "is_a", "tail": "muscle symptom"}, {"head": "muscle necrosis", "relation": "is_a", "tail": "muscle symptom"}, {"head": "muscle pain", "relation": "is_a", "tail": "pain"}, {"head": "muscle soreness", "relation": "is_a", "tail": "muscle symptom"}, {"head": "muscle symptom", "relation": "is_a", "tail": "musculoskeletal system symptom"}, {"head": "muscle tenderness", "relation": "is_a", "tail": "muscle symptom"}, {"head": "muscle tightness", "relation": "is_a", "tail": "muscle symptom"}, {"head": "muscle twitching", "relation": "is_a", "tail": "muscle symptom"}, {"head": "muscle weakness", "relation": "is_a", "tail": "muscle symptom"}, {"head": "muscles ache", "relation": "is_a", "tail": "pain"}, {"head": "musculoskeletal system symptom", "relation": "is_a", "tail": "symptom"}, {"head": "mydriasis", "relation": "is_a", "tail": "dilated pupil"}, {"head": "myocarditis", "relation": "is_a", "tail": "cardiovascular system symptom"}, {"head": "myoclonic seizure", "relation": "is_a", "tail": "generalized seizure"}, {"head": "nail discoloration", "relation": "is_a", "tail": "skin and integumentary tissue symptom"}, {"head": "nasal bleeding", "relation": "is_a", "tail": "nose symptom"}, {"head": "nasal congestion", "relation": "is_a", "tail": "congestion"}, {"head": "nasal discharge", "relation": "is_a", "tail": "nose symptom"}, {"head": "nausea", "relation": "is_a", "tail": "digestive system symptom"}, {"head": "neck pain", "relation": "is_a", "tail": "pain"}, {"head": "neck symptom", "relation": "is_a", "tail": "head and neck symptom"}, {"head": "neck weakness", "relation": "is_a", "tail": "neck symptom"}, {"head": "necrosis", "relation": "is_a", "tail": "general symptom"}, {"head": "necrosis of jejunum", "relation": "is_a", "tail": "digestive system symptom"}, {"head": "necrotic lesion", "relation": "is_a", "tail": "skin and integumentary tissue symptom"}, {"head": "nephritis", "relation": "is_a", "tail": "urinary system symptom"}, {"head": "nervous system symptom", "relation": "is_a", "tail": "symptom"}, {"head": "neurologic neglect syndrome", "relation": "is_a", "tail": "nervous system symptom"}, {"head": "neurological alteration", "relation": "is_a", "tail": "nervous system symptom"}, {"head": "neurological and physiological symptom", "relation": "is_a", "tail": "symptom"}, {"head": "neurological dysfunction", "relation": "is_a", "tail": "nervous system symptom"}, {"head": "neuropathic pain", "relation": "is_a", "tail": "pain"}, {"head": "night sweats", "relation": "is_a", "tail": "sleep disturbance"}, {"head": "nociceptive pain", "relation": "is_a", "tail": "pain"}, {"head": "nocturia", "relation": "is_a", "tail": "urinary system symptom"}, {"head": "nocturnal enuresis", "relation": "is_a", "tail": "urinary incontinence"}, {"head": "nose symptom", "relation": "is_a", "tail": "head symptom"}, {"head": "nutrition, metabolism, and development symptom", "relation": "is_a", "tail": "symptom"}, {"head": "nystagmus", "relation": "is_a", "tail": "eye symptom"}, {"head": "objective vertigo", "relation": "is_a", "tail": "vertigo"}, {"head": "obsessive interests", "relation": "is_a", "tail": "behavioral symptom"}, {"head": "occasional diplopia", "relation": "is_a", "tail": "double vision"}, {"head": "ocular lesion", "relation": "is_a", "tail": "eye symptom"}, {"head": "oliguria", "relation": "is_a", "tail": "urinary system symptom"}, {"head": "ophthalmoplegia", "relation": "is_a", "tail": "paralysis"}, {"head": "opisthotonus", "relation": "is_a", "tail": "muscle symptom"}, {"head": "orthopnea", "relation": "is_a", "tail": "respiratory abnormality"}, {"head": "otitis", "relation": "is_a", "tail": "ear symptom"}, {"head": "overflow incontinence", "relation": "is_a", "tail": "urinary incontinence"}, {"head": "pain", "relation": "is_a", "tail": "sensation perception"}, {"head": "painful lymph glands", "relation": "is_a", "tail": "pain"}, {"head": "painful reginal lymphadenopathy", "relation": "is_a", "tail": "adenopathy"}, {"head": "painful respiration", "relation": "is_a", "tail": "respiratory system and chest symptom"}, {"head": "palate weakness", "relation": "is_a", "tail": "mouth symptom"}, {"head": "pale mucous membrane", "relation": "is_a", "tail": "skin and integumentary tissue symptom"}, {"head": "pallor", "relation": "is_a", "tail": "skin and integumentary tissue symptom"}, {"head": "palpebral edema", "relation": "is_a", "tail": "edema"}, {"head": "palpitation", "relation": "is_a", "tail": "cardiovascular system symptom"}, {"head": "panting respiration", "relation": "is_a", "tail": "respiratory abnormality"}, {"head": "papular rash", "relation": "is_a", "tail": "rash"}, {"head": "papule", "relation": "is_a", "tail": "skin and integumentary tissue symptom"}, {"head": "paralysis", "relation": "is_a", "tail": "nervous system symptom"}, {"head": "paraplegia", "relation": "is_a", "tail": "paralysis"}, {"head": "pareses", "relation": "is_a", "tail": "paralysis"}, {"head": "paresthesia", "relation": "is_a", "tail": "skin and integumentary tissue symptom"}, {"head": "parotid abscess", "relation": "is_a", "tail": "salivary gland symptom"}, {"head": "parotid pain", "relation": "is_a", "tail": "pain"}, {"head": "paroxysmal tachycardia", "relation": "is_a", "tail": "tachycardia"}, {"head": "partial hind limb paralysis", "relation": "is_a", "tail": "hind limb paralysis"}, {"head": "pelvic lump", "relation": "is_a", "tail": "pelvic symptom"}, {"head": "pelvic mass", "relation": "is_a", "tail": "pelvic symptom"}, {"head": "pelvic swelling", "relation": "is_a", "tail": "pelvic symptom"}, {"head": "pelvic symptom", "relation": "is_a", "tail": "abdominal symptom"}, {"head": "pericardial effusion", "relation": "is_a", "tail": "cardiovascular system symptom"}, {"head": "peripheral muscle weakness", "relation": "is_a", "tail": "muscle weakness"}, {"head": "peritonitis", "relation": "is_a", "tail": "skin and integumentary tissue symptom"}, {"head": "periumbilic abdominal lump", "relation": "is_a", "tail": "abdominal lump"}, {"head": "periumbilic abdominal mass", "relation": "is_a", "tail": "abdominal mass"}, {"head": "periumbilic abdominal pain", "relation": "is_a", "tail": "abdominal pain"}, {"head": "periumbilic abdominal rigidity", "relation": "is_a", "tail": "abdominal rigidity"}, {"head": "periumbilic abdominal swelling", "relation": "is_a", "tail": "abdominal swelling"}, {"head": "periumbilic abdominal tenderness", "relation": "is_a", "tail": "abdominal tenderness"}, {"head": "periumbilic pelvic lump", "relation": "is_a", "tail": "pelvic lump"}, {"head": "periumbilic pelvic mass", "relation": "is_a", "tail": "pelvic mass"}, {"head": "periumbilic pelvic swelling", "relation": "is_a", "tail": "pelvic swelling"}, {"head": "persistent vegetative state", "relation": "is_a", "tail": "alteration of consciousness"}, {"head": "petechiae", "relation": "is_a", "tail": "skin and integumentary tissue symptom"}, {"head": "phantom pain", "relation": "is_a", "tail": "pain"}, {"head": "pharyngitis", "relation": "is_a", "tail": "throat symptom"}, {"head": "phlebitis", "relation": "is_a", "tail": "cardiovascular system symptom"}, {"head": "phlegm", "relation": "is_a", "tail": "respiratory system and chest symptom"}, {"head": "photophobia", "relation": "is_a", "tail": "light sensitivity"}, {"head": "plasmacytosis", "relation": "is_a", "tail": "hemic system symptom"}, {"head": "pleural effusion", "relation": "is_a", "tail": "skin and integumentary tissue symptom"}, {"head": "pleuritic chest pain", "relation": "is_a", "tail": "chest pain"}, {"head": "pneumonia", "relation": "is_a", "tail": "pneumonitis"}, {"head": "pneumonitis", "relation": "is_a", "tail": "respiratory system and chest symptom"}, {"head": "polydipsia", "relation": "is_a", "tail": "nutrition, metabolism, and development symptom"}, {"head": "polyphagia", "relation": "is_a", "tail": "nutrition, metabolism, and development symptom"}, {"head": "polyuria", "relation": "is_a", "tail": "urinary system symptom"}, {"head": "poor enunciation", "relation": "is_a", "tail": "aphasia"}, {"head": "poor feeding", "relation": "is_a", "tail": "feeding difficulties and mismanagement"}, {"head": "post-void dribbling", "relation": "is_a", "tail": "urinary incontinence"}, {"head": "postphlebitic ulcer", "relation": "is_a", "tail": "cardiovascular system symptom"}, {"head": "postural instability hypokinesia", "relation": "is_a", "tail": "hypokinesia"}, {"head": "postural reaction", "relation": "is_a", "tail": "musculoskeletal system symptom"}, {"head": "precordial pain", "relation": "is_a", "tail": "chest pain"}, {"head": "premature labor", "relation": "is_a", "tail": "reproductive system symptom"}, {"head": "profound weakness", "relation": "is_a", "tail": "weakness"}, {"head": "progressive emaciation", "relation": "is_a", "tail": "emaciation"}, {"head": "progressive prostration", "relation": "is_a", "tail": "prostration"}, {"head": "progressive weakness", "relation": "is_a", "tail": "weakness"}, {"head": "prolonged fever", "relation": "is_a", "tail": "fever"}, {"head": "proprioception symptom", "relation": "is_a", "tail": "neurological and physiological symptom"}, {"head": "prostate symptom", "relation": "is_a", "tail": "reproductive system symptom"}, {"head": "prostatic abscess", "relation": "is_a", "tail": "prostate symptom"}, {"head": "prostatic infection", "relation": "is_a", "tail": "prostate symptom"}, {"head": "prostration", "relation": "is_a", "tail": "general symptom"}, {"head": "proteinuria", "relation": "is_a", "tail": "urinary system symptom"}, {"head": "proximal paralysis of arm and leg", "relation": "is_a", "tail": "paralysis"}, {"head": "ptosis", "relation": "is_a", "tail": "general symptom"}, {"head": "pulmonary consolidation", "relation": "is_a", "tail": "respiratory system and chest symptom"}, {"head": "pulmonary edema", "relation": "is_a", "tail": "respiratory system and chest symptom"}, {"head": "pupil symptom", "relation": "is_a", "tail": "eye symptom"}, {"head": "purpuric rash", "relation": "is_a", "tail": "rash"}, {"head": "pustule", "relation": "is_a", "tail": "skin and integumentary tissue symptom"}, {"head": "pyrosis", "relation": "is_a", "tail": "digestive system symptom"}, {"head": "rales", "relation": "is_a", "tail": "abnormal chest sound"}, {"head": "rapid respiration", "relation": "is_a", "tail": "respiratory system and chest symptom"}, {"head": "rash", "relation": "is_a", "tail": "skin and integumentary tissue symptom"}, {"head": "reactive hyperemia", "relation": "is_a", "tail": "hyperemia"}, {"head": "receptive aphasia", "relation": "is_a", "tail": "inability to comprehend speech"}, {"head": "rectorrhagia", "relation": "is_a", "tail": "digestive system symptom"}, {"head": "recumbency", "relation": "is_a", "tail": "musculoskeletal system symptom"}, {"head": "referred pain", "relation": "is_a", "tail": "pain"}, {"head": "reflex symptom", "relation": "is_a", "tail": "nervous system symptom"}, {"head": "relapsing fever", "relation": "is_a", "tail": "fever"}, {"head": "remittent fever", "relation": "is_a", "tail": "fever"}, {"head": "renal abscess", "relation": "is_a", "tail": "urinary system symptom"}, {"head": "renal alteration", "relation": "is_a", "tail": "urinary system symptom"}, {"head": "renal colic", "relation": "is_a", "tail": "colic"}, {"head": "renal failure", "relation": "is_a", "tail": "urinary system symptom"}, {"head": "renal involvement", "relation": "is_a", "tail": "urinary system symptom"}, {"head": "repetitive behavior", "relation": "is_a", "tail": "behavioral symptom"}, {"head": "reproductive system symptom", "relation": "is_a", "tail": "symptom"}, {"head": "respiratory abnormality", "relation": "is_a", "tail": "respiratory system and chest symptom"}, {"head": "respiratory failure", "relation": "is_a", "tail": "respiratory system and chest symptom"}, {"head": "respiratory paralysis", "relation": "is_a", "tail": "paralysis"}, {"head": "respiratory system and chest symptom", "relation": "is_a", "tail": "symptom"}, {"head": "respiratory tract mucosa ulcer", "relation": "is_a", "tail": "respiratory system and chest symptom"}, {"head": "reticulocytosis", "relation": "is_a", "tail": "hemic system symptom"}, {"head": "retrobulbar pain", "relation": "is_a", "tail": "pain"}, {"head": "rhinitis", "relation": "is_a", "tail": "nose symptom"}, {"head": "right lower quadrant abdominal lump", "relation": "is_a", "tail": "abdominal lump"}, {"head": "right lower quadrant abdominal mass", "relation": "is_a", "tail": "abdominal mass"}, {"head": "right lower quadrant abdominal pain", "relation": "is_a", "tail": "abdominal pain"}, {"head": "right lower quadrant abdominal rigidity", "relation": "is_a", "tail": "abdominal rigidity"}, {"head": "right lower quadrant abdominal swelling", "relation": "is_a", "tail": "abdominal swelling"}, {"head": "right lower quadrant abdominal tenderness", "relation": "is_a", "tail": "abdominal tenderness"}, {"head": "right lower quadrant pelvic lump", "relation": "is_a", "tail": "pelvic lump"}, {"head": "right lower quadrant pelvic mass", "relation": "is_a", "tail": "pelvic mass"}, {"head": "right lower quadrant pelvic swelling", "relation": "is_a", "tail": "pelvic swelling"}, {"head": "right upper quadrant abdominal lump", "relation": "is_a", "tail": "abdominal lump"}, {"head": "right upper quadrant abdominal mass", "relation": "is_a", "tail": "abdominal mass"}, {"head": "right upper quadrant abdominal pain", "relation": "is_a", "tail": "abdominal pain"}, {"head": "right upper quadrant abdominal rigidity", "relation": "is_a", "tail": "abdominal rigidity"}, {"head": "right upper quadrant abdominal swelling", "relation": "is_a", "tail": "abdominal swelling"}, {"head": "right upper quadrant abdominal tenderness", "relation": "is_a", "tail": "abdominal tenderness"}, {"head": "right upper quadrant pelvic lump", "relation": "is_a", "tail": "pelvic lump"}, {"head": "right upper quadrant pelvic mass", "relation": "is_a", "tail": "pelvic mass"}, {"head": "right upper quadrant pelvic swelling", "relation": "is_a", "tail": "pelvic swelling"}, {"head": "rigidity hypokinesia", "relation": "is_a", "tail": "hypokinesia"}, {"head": "ruffled feather", "relation": "is_a", "tail": "skin and integumentary tissue symptom"}, {"head": "runny nose", "relation": "is_a", "tail": "nose symptom"}, {"head": "salivary gland symptom", "relation": "is_a", "tail": "digestive system symptom"}, {"head": "salivation", "relation": "is_a", "tail": "salivary gland symptom"}, {"head": "scrotal abscess", "relation": "is_a", "tail": "reproductive system symptom"}, {"head": "seizure", "relation": "is_a", "tail": "nervous system symptom"}, {"head": "sensation perception", "relation": "is_a", "tail": "nervous system symptom"}, {"head": "sensory disturbance", "relation": "is_a", "tail": "general symptom"}, {"head": "septic shock", "relation": "is_a", "tail": "shock"}, {"head": "septicemia", "relation": "is_a", "tail": "hemic system symptom"}, {"head": "severe abdominal cramp", "relation": "is_a", "tail": "abdominal cramp"}, {"head": "severe backache", "relation": "is_a", "tail": "backache"}, {"head": "severe chest pain", "relation": "is_a", "tail": "chest pain"}, {"head": "severe conjunctivitis", "relation": "is_a", "tail": "conjunctivitis"}, {"head": "severe diarrhea", "relation": "is_a", "tail": "diarrhea"}, {"head": "severe headache", "relation": "is_a", "tail": "headache"}, {"head": "severe joint pain", "relation": "is_a", "tail": "joint pain"}, {"head": "severe mastitis", "relation": "is_a", "tail": "mastitis"}, {"head": "severe myalgia", "relation": "is_a", "tail": "muscle pain"}, {"head": "severe necrosis", "relation": "is_a", "tail": "necrosis"}, {"head": "severe pneumonia", "relation": "is_a", "tail": "pneumonia"}, {"head": "shakes", "relation": "is_a", "tail": "general symptom"}, {"head": "shock", "relation": "is_a", "tail": "cardiovascular system symptom"}, {"head": "short stature", "relation": "is_a", "tail": "lack of expected normal physiological development in childhood"}, {"head": "shortness of breath", "relation": "is_a", "tail": "respiratory abnormality"}, {"head": "shoulder pain", "relation": "is_a", "tail": "joint pain"}, {"head": "simple partial seizure", "relation": "is_a", "tail": "focal seizure"}, {"head": "sinus bradycardia", "relation": "is_a", "tail": "bradycardia"}, {"head": "sinus tachycardia", "relation": "is_a", "tail": "tachycardia"}, {"head": "sinusitis", "relation": "is_a", "tail": "nose symptom"}, {"head": "skin and integumentary tissue symptom", "relation": "is_a", "tail": "symptom"}, {"head": "skin desquamation", "relation": "is_a", "tail": "skin and integumentary tissue symptom"}, {"head": "skin lesion", "relation": "is_a", "tail": "skin and integumentary tissue symptom"}, {"head": "skin ulcer", "relation": "is_a", "tail": "skin lesion"}, {"head": "sleep apnea", "relation": "is_a", "tail": "apnea"}, {"head": "sleep disturbance", "relation": "is_a", "tail": "general symptom"}, {"head": "sleep related movement disorder", "relation": "is_a", "tail": "sleep disturbance"}, {"head": "slow pulse", "relation": "is_a", "tail": "general symptom"}, {"head": "slowing of urinary stream", "relation": "is_a", "tail": "urinary stream symptom"}, {"head": "slurred speech", "relation": "is_a", "tail": "mouth symptom"}, {"head": "sneezing", "relation": "is_a", "tail": "respiratory system and chest symptom"}, {"head": "sore eyes", "relation": "is_a", "tail": "eye symptom"}, {"head": "spastic paralysis", "relation": "is_a", "tail": "paralysis"}, {"head": "spasticity", "relation": "is_a", "tail": "nervous system symptom"}, {"head": "spleen abscess", "relation": "is_a", "tail": "spleen symptom"}, {"head": "spleen symptom", "relation": "is_a", "tail": "immune system symptom"}, {"head": "splenomegaly", "relation": "is_a", "tail": "spleen symptom"}, {"head": "splitting of urinary stream", "relation": "is_a", "tail": "urinary stream symptom"}, {"head": "spondylitis", "relation": "is_a", "tail": "nervous system symptom"}, {"head": "spontaneous abortion", "relation": "is_a", "tail": "abortion"}, {"head": "spontaneous ecchymoses", "relation": "is_a", "tail": "skin and integumentary tissue symptom"}, {"head": "sputum", "relation": "is_a", "tail": "respiratory system and chest symptom"}, {"head": "staggering gait", "relation": "is_a", "tail": "musculoskeletal system symptom"}, {"head": "steatorrhea", "relation": "is_a", "tail": "feces and droppings symptom"}, {"head": "sternocleidomastoid weakness", "relation": "is_a", "tail": "muscle weakness"}, {"head": "stiff neck", "relation": "is_a", "tail": "neck symptom"}, {"head": "stillbirth", "relation": "is_a", "tail": "reproductive system symptom"}, {"head": "stress incontinence", "relation": "is_a", "tail": "urinary incontinence"}, {"head": "stridor", "relation": "is_a", "tail": "respiratory system and chest symptom"}, {"head": "stroke", "relation": "is_a", "tail": "nervous system symptom"}, {"head": "stupor", "relation": "is_a", "tail": "alteration of consciousness"}, {"head": "subconjunctival bleeding", "relation": "is_a", "tail": "eye symptom"}, {"head": "subdural hemorrhage", "relation": "is_a", "tail": "hemorrhage"}, {"head": "subjective vertigo", "relation": "is_a", "tail": "vertigo"}, {"head": "sudden ataxis", "relation": "is_a", "tail": "ataxia"}, {"head": "sudden onset of fever", "relation": "is_a", "tail": "fever"}, {"head": "suppurative pneumonia", "relation": "is_a", "tail": "pneumonia"}, {"head": "sweaty", "relation": "is_a", "tail": "skin and integumentary tissue symptom"}, {"head": "swelling in chest", "relation": "is_a", "tail": "respiratory system and chest symptom"}, {"head": "swelling symptom", "relation": "is_a", "tail": "general symptom"}, {"head": "syncope", "relation": "is_a", "tail": "alteration of consciousness"}, {"head": "syncope and collapse", "relation": "is_a", "tail": "alteration of consciousness"}, {"head": "synovitis", "relation": "is_a", "tail": "joint inflammation"}, {"head": "tache noire", "relation": "is_a", "tail": "skin ulcer"}, {"head": "tachycardia", "relation": "is_a", "tail": "arrhythmia"}, {"head": "tachypnea", "relation": "is_a", "tail": "respiratory abnormality"}, {"head": "tachypnoea", "relation": "is_a", "tail": "respiratory system and chest symptom"}, {"head": "tenesmus", "relation": "is_a", "tail": "digestive system symptom"}, {"head": "terminal ileitis", "relation": "is_a", "tail": "digestive system symptom"}, {"head": "testicular pain", "relation": "is_a", "tail": "pain"}, {"head": "tetanic convulsion", "relation": "is_a", "tail": "convulsion"}, {"head": "tetany", "relation": "is_a", "tail": "musculoskeletal system symptom"}, {"head": "thick white exudate on tongue", "relation": "is_a", "tail": "mouth symptom"}, {"head": "thirst", "relation": "is_a", "tail": "general symptom"}, {"head": "throat muscle paralysis", "relation": "is_a", "tail": "paralysis"}, {"head": "throat pain", "relation": "is_a", "tail": "pain"}, {"head": "throat symptom", "relation": "is_a", "tail": "head and neck symptom"}, {"head": "thrombocytopenia", "relation": "is_a", "tail": "hemic system symptom"}, {"head": "thymus symptom", "relation": "is_a", "tail": "immune system symptom"}, {"head": "thyroid abscesses", "relation": "is_a", "tail": "thyroid symptom"}, {"head": "thyroid symptom", "relation": "is_a", "tail": "throat symptom"}, {"head": "tinnitus", "relation": "is_a", "tail": "ear symptom"}, {"head": "tiredness", "relation": "is_a", "tail": "fatigue"}, {"head": "tonic seizure", "relation": "is_a", "tail": "generalized seizure"}, {"head": "tonic-clonic seizure", "relation": "is_a", "tail": "generalized seizure"}, {"head": "toothache", "relation": "is_a", "tail": "pain"}, {"head": "torticollis", "relation": "is_a", "tail": "musculoskeletal system symptom"}, {"head": "toxemia", "relation": "is_a", "tail": "hemic system symptom"}, {"head": "tracheitis", "relation": "is_a", "tail": "throat symptom"}, {"head": "tracheobronchitis", "relation": "is_a", "tail": "throat symptom"}, {"head": "transient alteration of awareness", "relation": "is_a", "tail": "alteration of consciousness"}, {"head": "transient fever", "relation": "is_a", "tail": "fever"}, {"head": "transient paralysis of limb", "relation": "is_a", "tail": "paralysis"}, {"head": "tremor", "relation": "is_a", "tail": "general symptom"}, {"head": "uncoordinated gait", "relation": "is_a", "tail": "musculoskeletal system symptom"}, {"head": "underweight", "relation": "is_a", "tail": "abnormal loss of weight and underweight"}, {"head": "undiagnosed cardiac murmur", "relation": "is_a", "tail": "cardiovascular system symptom"}, {"head": "unreactive mydriasis", "relation": "is_a", "tail": "mydriasis"}, {"head": "urethral discharge", "relation": "is_a", "tail": "urinary system symptom"}, {"head": "urge incontinence", "relation": "is_a", "tail": "urinary incontinence"}, {"head": "urgency of urination", "relation": "is_a", "tail": "urinary system symptom"}, {"head": "urinary frequency", "relation": "is_a", "tail": "urinary system symptom"}, {"head": "urinary incontinence", "relation": "is_a", "tail": "urinary system symptom"}, {"head": "urinary retention", "relation": "is_a", "tail": "urinary system symptom"}, {"head": "urinary stream symptom", "relation": "is_a", "tail": "urinary system symptom"}, {"head": "urinary system symptom", "relation": "is_a", "tail": "symptom"}, {"head": "urticaria", "relation": "is_a", "tail": "skin and integumentary tissue symptom"}, {"head": "vaginal discharge", "relation": "is_a", "tail": "reproductive system symptom"}, {"head": "vaginismus", "relation": "is_a", "tail": "reproductive system symptom"}, {"head": "vascular alteration", "relation": "is_a", "tail": "cardiovascular system symptom"}, {"head": "vasculitis", "relation": "is_a", "tail": "hemic system symptom"}, {"head": "ventricular bradycardia", "relation": "is_a", "tail": "bradycardia"}, {"head": "ventricular fibrillation", "relation": "is_a", "tail": "cardiac fibrillation"}, {"head": "ventricular tachycardia", "relation": "is_a", "tail": "tachycardia"}, {"head": "vertigo", "relation": "is_a", "tail": "dizziness"}, {"head": "very high fever", "relation": "is_a", "tail": "high fever"}, {"head": "visceral pain", "relation": "is_a", "tail": "pain"}, {"head": "visible peristalsis", "relation": "is_a", "tail": "digestive system symptom"}, {"head": "vision distortion", "relation": "is_a", "tail": "vision symptom"}, {"head": "vision symptom", "relation": "is_a", "tail": "eye symptom"}, {"head": "voice disturbance", "relation": "is_a", "tail": "mouth symptom"}, {"head": "vomiting", "relation": "is_a", "tail": "digestive system symptom"}, {"head": "wasting", "relation": "is_a", "tail": "nutrition, metabolism, and development symptom"}, {"head": "weak cry", "relation": "is_a", "tail": "infant symptom"}, {"head": "weakness", "relation": "is_a", "tail": "general symptom"}, {"head": "weariness", "relation": "is_a", "tail": "fatigue"}, {"head": "weight gain", "relation": "is_a", "tail": "nutrition, metabolism, and development symptom"}, {"head": "weight loss", "relation": "is_a", "tail": "nutrition, metabolism, and development symptom"}, {"head": "wheelbarrowing", "relation": "is_a", "tail": "postural reaction"}, {"head": "wheezing", "relation": "is_a", "tail": "respiratory abnormality"}, {"head": "wobble", "relation": "is_a", "tail": "abnormality of gait"}, {"head": "wound discharge", "relation": "is_a", "tail": "discharge"}, {"head": "yellow dropping", "relation": "is_a", "tail": "feces and droppings symptom"}, {"head": "yellow exudate from eyes", "relation": "is_a", "tail": "eye symptom"}, {"head": "yellow exudate from nose", "relation": "is_a", "tail": "nose symptom"}, {"head": "yellowish green diarrhea", "relation": "is_a", "tail": "diarrhea"}]