[{"head": "1 week", "relation": "is_a", "tail": "mouse life cycle stage"}, {"head": "1-7 days", "relation": "is_a", "tail": "mouse life cycle stage"}, {"head": "10 month-old stage", "relation": "is_a", "tail": "mouse life cycle stage"}, {"head": "10 weeks", "relation": "is_a", "tail": "mouse life cycle stage"}, {"head": "11 month-old stage", "relation": "is_a", "tail": "mouse life cycle stage"}, {"head": "11 weeks", "relation": "is_a", "tail": "mouse life cycle stage"}, {"head": "12 month-old stage", "relation": "is_a", "tail": "mouse life cycle stage"}, {"head": "12 weeks", "relation": "is_a", "tail": "mouse life cycle stage"}, {"head": "13 month-old stage", "relation": "is_a", "tail": "mouse life cycle stage"}, {"head": "13 weeks", "relation": "is_a", "tail": "mouse life cycle stage"}, {"head": "14 month-old stage", "relation": "is_a", "tail": "mouse life cycle stage"}, {"head": "14 weeks", "relation": "is_a", "tail": "mouse life cycle stage"}, {"head": "15 month-old stage", "relation": "is_a", "tail": "mouse life cycle stage"}, {"head": "15 weeks", "relation": "is_a", "tail": "mouse life cycle stage"}, {"head": "16 month-old stage", "relation": "is_a", "tail": "mouse life cycle stage"}, {"head": "16 weeks", "relation": "is_a", "tail": "mouse life cycle stage"}, {"head": "17 month-old stage", "relation": "is_a", "tail": "mouse life cycle stage"}, {"head": "17 weeks", "relation": "is_a", "tail": "mouse life cycle stage"}, {"head": "18 month-old stage", "relation": "is_a", "tail": "mouse life cycle stage"}, {"head": "18 weeks", "relation": "is_a", "tail": "mouse life cycle stage"}, {"head": "19 month-old stage", "relation": "is_a", "tail": "mouse life cycle stage"}, {"head": "19 weeks", "relation": "is_a", "tail": "mouse life cycle stage"}, {"head": "2 month-old stage", "relation": "is_a", "tail": "mouse life cycle stage"}, {"head": "2 weeks", "relation": "is_a", "tail": "mouse life cycle stage"}, {"head": "20 month-old stage and over", "relation": "is_a", "tail": "mouse life cycle stage"}, {"head": "20 weeks", "relation": "is_a", "tail": "mouse life cycle stage"}, {"head": "21 weeks", "relation": "is_a", "tail": "mouse life cycle stage"}, {"head": "22 weeks", "relation": "is_a", "tail": "mouse life cycle stage"}, {"head": "23 weeks", "relation": "is_a", "tail": "mouse life cycle stage"}, {"head": "24 weeks", "relation": "is_a", "tail": "mouse life cycle stage"}, {"head": "25 weeks", "relation": "is_a", "tail": "mouse life cycle stage"}, {"head": "26 weeks", "relation": "is_a", "tail": "mouse life cycle stage"}, {"head": "27 weeks", "relation": "is_a", "tail": "mouse life cycle stage"}, {"head": "28 weeks", "relation": "is_a", "tail": "mouse life cycle stage"}, {"head": "29 weeks", "relation": "is_a", "tail": "mouse life cycle stage"}, {"head": "3 month-old stage", "relation": "is_a", "tail": "mouse life cycle stage"}, {"head": "3 weeks", "relation": "is_a", "tail": "mouse life cycle stage"}, {"head": "4 month-old stage", "relation": "is_a", "tail": "mouse life cycle stage"}, {"head": "4 weeks", "relation": "is_a", "tail": "mouse life cycle stage"}, {"head": "4-7 days", "relation": "is_a", "tail": "mouse life cycle stage"}, {"head": "5 month-old stage", "relation": "is_a", "tail": "mouse life cycle stage"}, {"head": "5 weeks", "relation": "is_a", "tail": "mouse life cycle stage"}, {"head": "6 month-old stage", "relation": "is_a", "tail": "mouse life cycle stage"}, {"head": "6 weeks", "relation": "is_a", "tail": "mouse life cycle stage"}, {"head": "7 month-old stage", "relation": "is_a", "tail": "mouse life cycle stage"}, {"head": "7 weeks", "relation": "is_a", "tail": "mouse life cycle stage"}, {"head": "8 month-old stage", "relation": "is_a", "tail": "mouse life cycle stage"}, {"head": "8 weeks", "relation": "is_a", "tail": "mouse life cycle stage"}, {"head": "9 month-old stage", "relation": "is_a", "tail": "mouse life cycle stage"}, {"head": "9 weeks", "relation": "is_a", "tail": "mouse life cycle stage"}, {"head": "Theiler stage 01", "relation": "is_a", "tail": "mouse life cycle stage"}, {"head": "Theiler stage 02", "relation": "is_a", "tail": "mouse life cycle stage"}, {"head": "Theiler stage 03", "relation": "is_a", "tail": "mouse life cycle stage"}, {"head": "Theiler stage 04", "relation": "is_a", "tail": "mouse life cycle stage"}, {"head": "Theiler stage 05", "relation": "is_a", "tail": "mouse life cycle stage"}, {"head": "Theiler stage 06", "relation": "is_a", "tail": "mouse life cycle stage"}, {"head": "Theiler stage 07", "relation": "is_a", "tail": "mouse life cycle stage"}, {"head": "Theiler stage 08", "relation": "is_a", "tail": "mouse life cycle stage"}, {"head": "Theiler stage 09", "relation": "is_a", "tail": "mouse life cycle stage"}, {"head": "Theiler stage 09a", "relation": "is_a", "tail": "mouse life cycle stage"}, {"head": "Theiler stage 09b", "relation": "is_a", "tail": "mouse life cycle stage"}, {"head": "Theiler stage 10", "relation": "is_a", "tail": "mouse life cycle stage"}, {"head": "Theiler stage 10a", "relation": "is_a", "tail": "mouse life cycle stage"}, {"head": "Theiler stage 10b", "relation": "is_a", "tail": "mouse life cycle stage"}, {"head": "Theiler stage 10c", "relation": "is_a", "tail": "mouse life cycle stage"}, {"head": "Theiler stage 11", "relation": "is_a", "tail": "mouse life cycle stage"}, {"head": "Theiler stage 11a", "relation": "is_a", "tail": "mouse life cycle stage"}, {"head": "Theiler stage 11b", "relation": "is_a", "tail": "mouse life cycle stage"}, {"head": "Theiler stage 11c", "relation": "is_a", "tail": "mouse life cycle stage"}, {"head": "Theiler stage 11d", "relation": "is_a", "tail": "mouse life cycle stage"}, {"head": "Theiler stage 12", "relation": "is_a", "tail": "mouse life cycle stage"}, {"head": "Theiler stage 12a", "relation": "is_a", "tail": "mouse life cycle stage"}, {"head": "Theiler stage 12b", "relation": "is_a", "tail": "mouse life cycle stage"}, {"head": "Theiler stage 13", "relation": "is_a", "tail": "mouse life cycle stage"}, {"head": "Theiler stage 14", "relation": "is_a", "tail": "mouse life cycle stage"}, {"head": "Theiler stage 15", "relation": "is_a", "tail": "mouse life cycle stage"}, {"head": "Theiler stage 16", "relation": "is_a", "tail": "mouse life cycle stage"}, {"head": "Theiler stage 17", "relation": "is_a", "tail": "mouse life cycle stage"}, {"head": "Theiler stage 18", "relation": "is_a", "tail": "mouse life cycle stage"}, {"head": "Theiler stage 19", "relation": "is_a", "tail": "mouse life cycle stage"}, {"head": "Theiler stage 20", "relation": "is_a", "tail": "mouse life cycle stage"}, {"head": "Theiler stage 21", "relation": "is_a", "tail": "mouse life cycle stage"}, {"head": "Theiler stage 22", "relation": "is_a", "tail": "mouse life cycle stage"}, {"head": "Theiler stage 23", "relation": "is_a", "tail": "mouse life cycle stage"}, {"head": "Theiler stage 24", "relation": "is_a", "tail": "mouse life cycle stage"}, {"head": "Theiler stage 25", "relation": "is_a", "tail": "mouse life cycle stage"}, {"head": "Theiler stage 26", "relation": "is_a", "tail": "mouse life cycle stage"}, {"head": "Theiler stage 27", "relation": "is_a", "tail": "mouse life cycle stage"}, {"head": "Theiler stage 28", "relation": "is_a", "tail": "mouse life cycle stage"}, {"head": "aged adult stage", "relation": "is_a", "tail": "mouse life cycle stage"}, {"head": "blastula stage", "relation": "is_a", "tail": "mouse life cycle stage"}, {"head": "cleavage stage", "relation": "is_a", "tail": "mouse life cycle stage"}, {"head": "early adult stage", "relation": "is_a", "tail": "mouse life cycle stage"}, {"head": "early immature stage", "relation": "is_a", "tail": "mouse life cycle stage"}, {"head": "embryonic mouse stage", "relation": "is_a", "tail": "mouse life cycle stage"}, {"head": "fetal stage", "relation": "is_a", "tail": "mouse life cycle stage"}, {"head": "gastrula stage", "relation": "is_a", "tail": "mouse life cycle stage"}, {"head": "immature stage", "relation": "is_a", "tail": "mouse life cycle stage"}, {"head": "infant stage", "relation": "is_a", "tail": "mouse life cycle stage"}, {"head": "late adult stage", "relation": "is_a", "tail": "mouse life cycle stage"}, {"head": "mature stage", "relation": "is_a", "tail": "mouse life cycle stage"}, {"head": "middle aged stage", "relation": "is_a", "tail": "mouse life cycle stage"}, {"head": "mouse life cycle", "relation": "is_a", "tail": "mouse life cycle stage"}, {"head": "organogenesis stage", "relation": "is_a", "tail": "mouse life cycle stage"}, {"head": "postpartum stage", "relation": "is_a", "tail": "mouse life cycle stage"}, {"head": "premature stage", "relation": "is_a", "tail": "mouse life cycle stage"}, {"head": "prenatal stage", "relation": "is_a", "tail": "mouse life cycle stage"}, {"head": "unknown", "relation": "is_a", "tail": "mouse life cycle stage"}]