[{"head": "adaxial-abaxial axis", "relation": "is_a", "tail": "anatomical axis"}, {"head": "anatomical axis", "relation": "is_a", "tail": "anatomical line"}, {"head": "anatomical boundary", "relation": "is_a", "tail": "immaterial anatomical entity"}, {"head": "anatomical compartment", "relation": "is_a", "tail": "anatomical structure"}, {"head": "anatomical compartment boundary", "relation": "is_a", "tail": "anatomical boundary"}, {"head": "anatomical gradient", "relation": "is_a", "tail": "material anatomical entity"}, {"head": "anatomical line", "relation": "is_a", "tail": "immaterial anatomical entity"}, {"head": "anatomical margin", "relation": "is_a", "tail": "anatomical region"}, {"head": "anatomical plane", "relation": "is_a", "tail": "anatomical boundary"}, {"head": "anatomical region", "relation": "is_a", "tail": "anatomical structure"}, {"head": "anatomical side", "relation": "is_a", "tail": "anatomical region"}, {"head": "anatomical structure", "relation": "is_a", "tail": "material anatomical entity"}, {"head": "anatomical surface", "relation": "is_a", "tail": "anatomical boundary"}, {"head": "animal-vegetal axis", "relation": "is_a", "tail": "anatomical axis"}, {"head": "anterior compartment", "relation": "is_a", "tail": "anatomical compartment"}, {"head": "anterior margin", "relation": "is_a", "tail": "anatomical margin"}, {"head": "anterior margin", "relation": "is_a", "tail": "anterior region"}, {"head": "anterior region", "relation": "is_a", "tail": "anatomical region"}, {"head": "anterior side", "relation": "is_a", "tail": "anatomical side"}, {"head": "anterior surface", "relation": "is_a", "tail": "anatomical surface"}, {"head": "anterior-most region", "relation": "is_a", "tail": "anterior region"}, {"head": "anterior-posterior axis", "relation": "is_a", "tail": "anatomical axis"}, {"head": "anterior-posterior gradient", "relation": "is_a", "tail": "anatomical gradient"}, {"head": "anterior/posterior compartment boundary", "relation": "is_a", "tail": "anatomical compartment boundary"}, {"head": "antero-dorsal margin", "relation": "is_a", "tail": "anterior margin"}, {"head": "antero-dorsal margin", "relation": "is_a", "tail": "antero-dorsal region"}, {"head": "antero-dorsal margin", "relation": "is_a", "tail": "dorsal margin"}, {"head": "antero-dorsal region", "relation": "is_a", "tail": "anterior region"}, {"head": "antero-dorsal region", "relation": "is_a", "tail": "dorsal region"}, {"head": "antero-lateral margin", "relation": "is_a", "tail": "anterior margin"}, {"head": "antero-lateral margin", "relation": "is_a", "tail": "antero-lateral region"}, {"head": "antero-lateral margin", "relation": "is_a", "tail": "lateral margin"}, {"head": "antero-lateral region", "relation": "is_a", "tail": "anterior region"}, {"head": "antero-lateral region", "relation": "is_a", "tail": "lateral region"}, {"head": "antero-medial margin", "relation": "is_a", "tail": "anterior margin"}, {"head": "antero-medial margin", "relation": "is_a", "tail": "antero-medial region"}, {"head": "antero-medial margin", "relation": "is_a", "tail": "medial margin"}, {"head": "antero-medial region", "relation": "is_a", "tail": "anterior region"}, {"head": "antero-medial region", "relation": "is_a", "tail": "medial region"}, {"head": "antero-ventral margin", "relation": "is_a", "tail": "anterior margin"}, {"head": "antero-ventral margin", "relation": "is_a", "tail": "antero-ventral region"}, {"head": "antero-ventral margin", "relation": "is_a", "tail": "ventral margin"}, {"head": "antero-ventral region", "relation": "is_a", "tail": "anterior region"}, {"head": "antero-ventral region", "relation": "is_a", "tail": "ventral region"}, {"head": "apical margin", "relation": "is_a", "tail": "anatomical margin"}, {"head": "apical margin", "relation": "is_a", "tail": "apical region"}, {"head": "apical region", "relation": "is_a", "tail": "anatomical region"}, {"head": "apical side", "relation": "is_a", "tail": "anatomical side"}, {"head": "apical surface", "relation": "is_a", "tail": "anatomical surface"}, {"head": "apical-basal axis relative to direction of growth", "relation": "is_a", "tail": "anatomical axis"}, {"head": "apical-basal axis relative to substrate", "relation": "is_a", "tail": "anatomical axis"}, {"head": "apical-basal gradient", "relation": "is_a", "tail": "anatomical gradient"}, {"head": "apical/basal compartment boundary", "relation": "is_a", "tail": "anatomical compartment boundary"}, {"head": "axial region", "relation": "is_a", "tail": "anatomical region"}, {"head": "axial side", "relation": "is_a", "tail": "anatomical side"}, {"head": "basal margin", "relation": "is_a", "tail": "anatomical margin"}, {"head": "basal margin", "relation": "is_a", "tail": "basal region"}, {"head": "basal region", "relation": "is_a", "tail": "anatomical region"}, {"head": "basal side", "relation": "is_a", "tail": "anatomical side"}, {"head": "basal surface", "relation": "is_a", "tail": "anatomical surface"}, {"head": "central region", "relation": "is_a", "tail": "anatomical region"}, {"head": "central side", "relation": "is_a", "tail": "anatomical side"}, {"head": "compartment boundary", "relation": "is_a", "tail": "anatomical compartment"}, {"head": "contralateral region", "relation": "is_a", "tail": "anatomical region"}, {"head": "contralateral side", "relation": "is_a", "tail": "anatomical side"}, {"head": "contralateral surface", "relation": "is_a", "tail": "anatomical surface"}, {"head": "deep region", "relation": "is_a", "tail": "anatomical region"}, {"head": "deep side", "relation": "is_a", "tail": "anatomical side"}, {"head": "deep-superficial axis", "relation": "is_a", "tail": "anatomical axis"}, {"head": "deep-superficial gradient", "relation": "is_a", "tail": "anatomical gradient"}, {"head": "deep/superficial compartment boundary", "relation": "is_a", "tail": "anatomical compartment boundary"}, {"head": "distal margin", "relation": "is_a", "tail": "anatomical margin"}, {"head": "distal margin", "relation": "is_a", "tail": "distal region"}, {"head": "distal region", "relation": "is_a", "tail": "anatomical region"}, {"head": "distal side", "relation": "is_a", "tail": "anatomical side"}, {"head": "distal surface", "relation": "is_a", "tail": "anatomical surface"}, {"head": "dorsal compartment", "relation": "is_a", "tail": "anatomical compartment"}, {"head": "dorsal margin", "relation": "is_a", "tail": "anatomical margin"}, {"head": "dorsal margin", "relation": "is_a", "tail": "dorsal region"}, {"head": "dorsal region", "relation": "is_a", "tail": "anatomical region"}, {"head": "dorsal side", "relation": "is_a", "tail": "anatomical side"}, {"head": "dorsal surface", "relation": "is_a", "tail": "anatomical surface"}, {"head": "dorsal-most region", "relation": "is_a", "tail": "dorsal region"}, {"head": "dorsal-ventral axis", "relation": "is_a", "tail": "anatomical axis"}, {"head": "dorsal-ventral gradient", "relation": "is_a", "tail": "anatomical gradient"}, {"head": "dorsal/ventral compartment boundary", "relation": "is_a", "tail": "anatomical compartment boundary"}, {"head": "dorso-lateral margin", "relation": "is_a", "tail": "dorsal margin"}, {"head": "dorso-lateral margin", "relation": "is_a", "tail": "dorso-lateral region"}, {"head": "dorso-lateral margin", "relation": "is_a", "tail": "lateral margin"}, {"head": "dorso-lateral region", "relation": "is_a", "tail": "dorsal region"}, {"head": "dorso-lateral region", "relation": "is_a", "tail": "lateral region"}, {"head": "dorso-medial margin", "relation": "is_a", "tail": "dorsal margin"}, {"head": "dorso-medial margin", "relation": "is_a", "tail": "dorso-medial region"}, {"head": "dorso-medial margin", "relation": "is_a", "tail": "medial margin"}, {"head": "dorso-medial region", "relation": "is_a", "tail": "dorsal region"}, {"head": "dorso-medial region", "relation": "is_a", "tail": "medial region"}, {"head": "horizontal plane", "relation": "is_a", "tail": "anatomical plane"}, {"head": "immaterial anatomical entity", "relation": "is_a", "tail": "anatomical entity"}, {"head": "inferior side", "relation": "is_a", "tail": "anatomical side"}, {"head": "ipsilateral region", "relation": "is_a", "tail": "anatomical region"}, {"head": "ipsilateral side", "relation": "is_a", "tail": "anatomical side"}, {"head": "ipsilateral surface", "relation": "is_a", "tail": "anatomical surface"}, {"head": "lateral margin", "relation": "is_a", "tail": "anatomical margin"}, {"head": "lateral margin", "relation": "is_a", "tail": "lateral region"}, {"head": "lateral region", "relation": "is_a", "tail": "anatomical region"}, {"head": "lateral side", "relation": "is_a", "tail": "anatomical side"}, {"head": "lateral surface", "relation": "is_a", "tail": "anatomical surface"}, {"head": "left side", "relation": "is_a", "tail": "anatomical side"}, {"head": "left-right axis", "relation": "is_a", "tail": "anatomical axis"}, {"head": "lower region", "relation": "is_a", "tail": "anatomical region"}, {"head": "lower side", "relation": "is_a", "tail": "anatomical side"}, {"head": "material anatomical entity", "relation": "is_a", "tail": "anatomical entity"}, {"head": "medial margin", "relation": "is_a", "tail": "anatomical margin"}, {"head": "medial margin", "relation": "is_a", "tail": "medial region"}, {"head": "medial region", "relation": "is_a", "tail": "anatomical region"}, {"head": "medial side", "relation": "is_a", "tail": "anatomical side"}, {"head": "medial surface", "relation": "is_a", "tail": "anatomical surface"}, {"head": "medial-external axis", "relation": "is_a", "tail": "anatomical axis"}, {"head": "medial-lateral axis", "relation": "is_a", "tail": "medial-external axis"}, {"head": "medial-radial axis", "relation": "is_a", "tail": "medial-external axis"}, {"head": "midsagittal plane", "relation": "is_a", "tail": "sagittal plane"}, {"head": "oral-aboral axis", "relation": "is_a", "tail": "anatomical axis"}, {"head": "parasagittal plane", "relation": "is_a", "tail": "sagittal plane"}, {"head": "peripheral region", "relation": "is_a", "tail": "anatomical region"}, {"head": "peripheral side", "relation": "is_a", "tail": "anatomical side"}, {"head": "posterior compartment", "relation": "is_a", "tail": "anatomical compartment"}, {"head": "posterior margin", "relation": "is_a", "tail": "anatomical margin"}, {"head": "posterior margin", "relation": "is_a", "tail": "posterior region"}, {"head": "posterior region", "relation": "is_a", "tail": "anatomical region"}, {"head": "posterior side", "relation": "is_a", "tail": "anatomical side"}, {"head": "posterior surface", "relation": "is_a", "tail": "anatomical surface"}, {"head": "posterior-most region", "relation": "is_a", "tail": "posterior region"}, {"head": "postero-dorsal margin", "relation": "is_a", "tail": "dorsal margin"}, {"head": "postero-dorsal margin", "relation": "is_a", "tail": "posterior margin"}, {"head": "postero-dorsal margin", "relation": "is_a", "tail": "postero-dorsal region"}, {"head": "postero-dorsal region", "relation": "is_a", "tail": "dorsal region"}, {"head": "postero-dorsal region", "relation": "is_a", "tail": "posterior region"}, {"head": "postero-lateral margin", "relation": "is_a", "tail": "lateral margin"}, {"head": "postero-lateral margin", "relation": "is_a", "tail": "posterior margin"}, {"head": "postero-lateral margin", "relation": "is_a", "tail": "postero-lateral region"}, {"head": "postero-lateral region", "relation": "is_a", "tail": "lateral region"}, {"head": "postero-lateral region", "relation": "is_a", "tail": "posterior region"}, {"head": "postero-medial margin", "relation": "is_a", "tail": "medial margin"}, {"head": "postero-medial margin", "relation": "is_a", "tail": "posterior margin"}, {"head": "postero-medial margin", "relation": "is_a", "tail": "postero-medial region"}, {"head": "postero-medial region", "relation": "is_a", "tail": "medial region"}, {"head": "postero-medial region", "relation": "is_a", "tail": "posterior region"}, {"head": "postero-ventral margin", "relation": "is_a", "tail": "posterior margin"}, {"head": "postero-ventral margin", "relation": "is_a", "tail": "postero-ventral region"}, {"head": "postero-ventral margin", "relation": "is_a", "tail": "ventral margin"}, {"head": "postero-ventral region", "relation": "is_a", "tail": "posterior region"}, {"head": "postero-ventral region", "relation": "is_a", "tail": "ventral region"}, {"head": "proximal margin", "relation": "is_a", "tail": "anatomical margin"}, {"head": "proximal margin", "relation": "is_a", "tail": "proximal region"}, {"head": "proximal region", "relation": "is_a", "tail": "anatomical region"}, {"head": "proximal side", "relation": "is_a", "tail": "anatomical side"}, {"head": "proximal surface", "relation": "is_a", "tail": "anatomical surface"}, {"head": "proximal-distal axis", "relation": "is_a", "tail": "anatomical axis"}, {"head": "proximal-distal gradient", "relation": "is_a", "tail": "anatomical gradient"}, {"head": "proximal/distal compartment boundary", "relation": "is_a", "tail": "anatomical compartment boundary"}, {"head": "radial plane", "relation": "is_a", "tail": "anatomical plane"}, {"head": "right side", "relation": "is_a", "tail": "anatomical side"}, {"head": "sagittal plane", "relation": "is_a", "tail": "anatomical axis"}, {"head": "sagittal plane", "relation": "is_a", "tail": "anatomical plane"}, {"head": "superficial region", "relation": "is_a", "tail": "anatomical region"}, {"head": "superficial side", "relation": "is_a", "tail": "anatomical side"}, {"head": "superior side", "relation": "is_a", "tail": "anatomical side"}, {"head": "tangential plane", "relation": "is_a", "tail": "anatomical plane"}, {"head": "transverse plane", "relation": "is_a", "tail": "anatomical plane"}, {"head": "upper region", "relation": "is_a", "tail": "anatomical region"}, {"head": "upper side", "relation": "is_a", "tail": "anatomical side"}, {"head": "upper-lower axis", "relation": "is_a", "tail": "anatomical axis"}, {"head": "upper-lower gradient", "relation": "is_a", "tail": "anatomical gradient"}, {"head": "upper/lower compartment boundary", "relation": "is_a", "tail": "anatomical compartment boundary"}, {"head": "ventral compartment", "relation": "is_a", "tail": "anatomical compartment"}, {"head": "ventral margin", "relation": "is_a", "tail": "anatomical margin"}, {"head": "ventral margin", "relation": "is_a", "tail": "ventral region"}, {"head": "ventral region", "relation": "is_a", "tail": "anatomical region"}, {"head": "ventral side", "relation": "is_a", "tail": "anatomical side"}, {"head": "ventral surface", "relation": "is_a", "tail": "anatomical surface"}, {"head": "ventral-most region", "relation": "is_a", "tail": "ventral region"}, {"head": "ventro-lateral margin", "relation": "is_a", "tail": "lateral margin"}, {"head": "ventro-lateral margin", "relation": "is_a", "tail": "ventral margin"}, {"head": "ventro-lateral margin", "relation": "is_a", "tail": "ventro-lateral region"}, {"head": "ventro-lateral region", "relation": "is_a", "tail": "lateral region"}, {"head": "ventro-lateral region", "relation": "is_a", "tail": "ventral region"}, {"head": "ventro-medial margin", "relation": "is_a", "tail": "medial margin"}, {"head": "ventro-medial margin", "relation": "is_a", "tail": "ventral margin"}, {"head": "ventro-medial margin", "relation": "is_a", "tail": "ventro-medial region"}, {"head": "ventro-medial region", "relation": "is_a", "tail": "medial region"}, {"head": "ventro-medial region", "relation": "is_a", "tail": "ventral region"}]