[{"head": "Bronsted acid", "relation": "is_a", "tail": "acid"}, {"head": "Bronsted acid", "relation": "is_a", "tail": "donor"}, {"head": "Escherichia coli metabolite", "relation": "is_a", "tail": "bacterial metabolite"}, {"head": "Saccharomyces cerevisiae metabolite", "relation": "is_a", "tail": "fungal metabolite"}, {"head": "acantho", "relation": "is_a", "tail": "spined"}, {"head": "acanthophore", "relation": "is_a", "tail": "spicule"}, {"head": "acanthostyle", "relation": "is_a", "tail": "style"}, {"head": "accessory spicule", "relation": "is_a", "tail": "megasclere"}, {"head": "accretive reticulation", "relation": "is_a", "tail": "reticulate skeleton"}, {"head": "acellular anatomical structure", "relation": "is_a", "tail": "anatomical structure"}, {"head": "acerate spicule", "relation": "is_a", "tail": "megasclere"}, {"head": "acid", "relation": "is_a", "tail": "chemical role"}, {"head": "actin-based cell projection", "relation": "is_a", "tail": "cell projection"}, {"head": "actine ray", "relation": "is_a", "tail": "spicule ray"}, {"head": "actinocyte", "relation": "is_a", "tail": "sponge cell"}, {"head": "agglutinated support", "relation": "is_a", "tail": "substrate"}, {"head": "ala", "relation": "is_a", "tail": "anatomical structure"}, {"head": "alkaline earth cation", "relation": "is_a", "tail": "alkaline earth molecular entity"}, {"head": "alkaline earth cation", "relation": "is_a", "tail": "metal cation"}, {"head": "alkaline earth metal atom", "relation": "is_a", "tail": "main group element atom"}, {"head": "alkaline earth metal atom", "relation": "is_a", "tail": "metal atom"}, {"head": "alkaline earth metal atom", "relation": "is_a", "tail": "s-block element atom"}, {"head": "alkaline earth molecular entity", "relation": "is_a", "tail": "s-block molecular entity"}, {"head": "alkaline earth salt", "relation": "is_a", "tail": "alkaline earth molecular entity"}, {"head": "alkaline earth salt", "relation": "is_a", "tail": "salt"}, {"head": "alveolate skeleton", "relation": "is_a", "tail": "skeleton"}, {"head": "amararhysis", "relation": "is_a", "tail": "exhalant canal"}, {"head": "ambucinate", "relation": "is_a", "tail": "diactine"}, {"head": "amphiaster", "relation": "is_a", "tail": "microsclere"}, {"head": "amphiblastula", "relation": "is_a", "tail": "sponge larva"}, {"head": "amphidisc", "relation": "is_a", "tail": "microsclere"}, {"head": "amphitriaene", "relation": "is_a", "tail": "triaene"}, {"head": "amphitrider", "relation": "is_a", "tail": "tetraclone"}, {"head": "anastomosing", "relation": "is_a", "tail": "morphology"}, {"head": "anatomical axis", "relation": "is_a", "tail": "immaterial anatomical entity"}, {"head": "anatomical group", "relation": "is_a", "tail": "anatomical structure"}, {"head": "anatomical structure", "relation": "is_a", "tail": "material anatomical entity"}, {"head": "anatomical structure development", "relation": "is_a", "tail": "developmental process"}, {"head": "anatomical surface", "relation": "is_a", "tail": "immaterial anatomical entity"}, {"head": "anatomical system", "relation": "is_a", "tail": "anatomical structure"}, {"head": "anatriaene", "relation": "is_a", "tail": "triaene"}, {"head": "anaxial desma", "relation": "is_a", "tail": "desma"}, {"head": "anchor", "relation": "is_a", "tail": "spicule"}, {"head": "anchorate chela", "relation": "is_a", "tail": "isochela"}, {"head": "angulate spicule", "relation": "is_a", "tail": "spicule"}, {"head": "animal cell", "relation": "is_a", "tail": "eukaryotic cell"}, {"head": "animal metabolite", "relation": "is_a", "tail": "eukaryotic metabolite"}, {"head": "anion", "relation": "is_a", "tail": "ion"}, {"head": "anisochela", "relation": "is_a", "tail": "chela"}, {"head": "anisochela I", "relation": "is_a", "tail": "anisochela"}, {"head": "anisochela II", "relation": "is_a", "tail": "anisochela"}, {"head": "anisotropic skeleton", "relation": "is_a", "tail": "reticulate skeleton"}, {"head": "antacid", "relation": "is_a", "tail": "drug"}, {"head": "antacid", "relation": "is_a", "tail": "pharmacological role"}, {"head": "anterior pole", "relation": "is_a", "tail": "pole of larva"}, {"head": "anthaster", "relation": "is_a", "tail": "euaster"}, {"head": "anucleate", "relation": "is_a", "tail": "nucleate quality"}, {"head": "anucleate cell", "relation": "is_a", "tail": "native cell"}, {"head": "aphodal", "relation": "is_a", "tail": "choanocyte chamber"}, {"head": "aphodus", "relation": "is_a", "tail": "exhalant canal"}, {"head": "apical actine (ray)", "relation": "is_a", "tail": "actine ray"}, {"head": "apochete", "relation": "is_a", "tail": "exhalant canal"}, {"head": "apopinacocyte", "relation": "is_a", "tail": "endopinacocyte"}, {"head": "apopinacoderm", "relation": "is_a", "tail": "endopinacoderm"}, {"head": "apopylar cell", "relation": "is_a", "tail": "sponge cell"}, {"head": "apopyle", "relation": "is_a", "tail": "pore"}, {"head": "aporhysis", "relation": "is_a", "tail": "canal"}, {"head": "application", "relation": "is_a", "tail": "role"}, {"head": "aquiferous system", "relation": "is_a", "tail": "anatomical system"}, {"head": "arborescent", "relation": "is_a", "tail": "morphology"}, {"head": "archaeocyte", "relation": "is_a", "tail": "sponge cell"}, {"head": "arcuate chela", "relation": "is_a", "tail": "isochela"}, {"head": "areolated surface", "relation": "is_a", "tail": "sponge surface"}, {"head": "arm of trider", "relation": "is_a", "tail": "anatomical structure"}, {"head": "arrangement of megascleres", "relation": "is_a", "tail": "arrangement of spicules"}, {"head": "arrangement of spicules", "relation": "is_a", "tail": "anatomical group"}, {"head": "articulate skeleton", "relation": "is_a", "tail": "choanoskeleton"}, {"head": "asconoid", "relation": "is_a", "tail": "aquiferous system"}, {"head": "asconoid sponge", "relation": "is_a", "tail": "sponge"}, {"head": "aspidaster", "relation": "is_a", "tail": "microsclere"}, {"head": "aspidoplumicome", "relation": "is_a", "tail": "hexaster"}, {"head": "aster", "relation": "is_a", "tail": "microsclere"}, {"head": "astroclone", "relation": "is_a", "tail": "desma"}, {"head": "astrorhiza", "relation": "is_a", "tail": "groove, pit or depression"}, {"head": "asymmetric megasclere", "relation": "is_a", "tail": "megasclere"}, {"head": "atom", "relation": "is_a", "tail": "chemical entity"}, {"head": "atomic nucleus", "relation": "is_a", "tail": "nuclear particle"}, {"head": "atrial skeleton", "relation": "is_a", "tail": "skeleton"}, {"head": "autodermalia", "relation": "is_a", "tail": "dermalia"}, {"head": "autogastralia", "relation": "is_a", "tail": "gastralia"}, {"head": "axial filament", "relation": "is_a", "tail": "acellular anatomical structure"}, {"head": "axial skeleton", "relation": "is_a", "tail": "skeleton"}, {"head": "axinellid skeleton", "relation": "is_a", "tail": "skeleton"}, {"head": "bacterial metabolite", "relation": "is_a", "tail": "prokaryotic metabolite"}, {"head": "bacteriocyte", "relation": "is_a", "tail": "sponge cell"}, {"head": "bark", "relation": "is_a", "tail": "anatomical group"}, {"head": "baryon", "relation": "is_a", "tail": "fermion"}, {"head": "baryon", "relation": "is_a", "tail": "hadron"}, {"head": "basal spongin plate", "relation": "is_a", "tail": "plate"}, {"head": "basal triradiate system", "relation": "is_a", "tail": "acellular anatomical structure"}, {"head": "basalia", "relation": "is_a", "tail": "spicule"}, {"head": "basidictyonal plate", "relation": "is_a", "tail": "skeleton"}, {"head": "basopinacocyte", "relation": "is_a", "tail": "pinacocyte"}, {"head": "basopinacocyte", "relation": "is_a", "tail": "secretory cell"}, {"head": "bifurcate clad", "relation": "is_a", "tail": "clad"}, {"head": "biochemical role", "relation": "is_a", "tail": "biological role"}, {"head": "biogenic mineral", "relation": "is_a", "tail": "biogenic substance"}, {"head": "biogenic mineral", "relation": "is_a", "tail": "mineral"}, {"head": "biogenic silica", "relation": "is_a", "tail": "biogenic mineral"}, {"head": "biogenic silica", "relation": "is_a", "tail": "hydrated silica"}, {"head": "biogenic substance", "relation": "is_a", "tail": "chemical substance"}, {"head": "biological role", "relation": "is_a", "tail": "role"}, {"head": "biological_process", "relation": "is_a", "tail": "process"}, {"head": "bipocillum", "relation": "is_a", "tail": "anisochela"}, {"head": "birotula", "relation": "is_a", "tail": "microsclere"}, {"head": "blastula", "relation": "is_a", "tail": "embryo"}, {"head": "blastula stage", "relation": "is_a", "tail": "embryo stage part"}, {"head": "blunt megasclere", "relation": "is_a", "tail": "megasclere"}, {"head": "body layer", "relation": "is_a", "tail": "tissue"}, {"head": "bouquet", "relation": "is_a", "tail": "arrangement of spicules"}, {"head": "brachyome", "relation": "is_a", "tail": "arm of trider"}, {"head": "branching", "relation": "is_a", "tail": "morphology"}, {"head": "bromotyrosin", "relation": "is_a", "tail": "chemical entity"}, {"head": "bud", "relation": "is_a", "tail": "reproductive body"}, {"head": "calcareous plate", "relation": "is_a", "tail": "plate"}, {"head": "calcareous skeleton", "relation": "is_a", "tail": "skeleton"}, {"head": "calcareous spicule", "relation": "is_a", "tail": "spicule"}, {"head": "calcareous tripod", "relation": "is_a", "tail": "regular spicule"}, {"head": "calcareous tripod", "relation": "is_a", "tail": "triactine"}, {"head": "calcite", "relation": "is_a", "tail": "calcium carbonate"}, {"head": "calcite", "relation": "is_a", "tail": "carbonate mineral"}, {"head": "calcium atom", "relation": "is_a", "tail": "alkaline earth metal atom"}, {"head": "calcium carbonate", "relation": "is_a", "tail": "calcium salt"}, {"head": "calcium carbonate", "relation": "is_a", "tail": "carbonate salt"}, {"head": "calcium carbonate", "relation": "is_a", "tail": "one-carbon compound"}, {"head": "calcium carbonate exoskeleton", "relation": "is_a", "tail": "acellular anatomical structure"}, {"head": "calcium carbonate exoskeleton", "relation": "is_a", "tail": "skeleton"}, {"head": "calcium cation", "relation": "is_a", "tail": "alkaline earth cation"}, {"head": "calcium cation", "relation": "is_a", "tail": "calcium ion"}, {"head": "calcium ion", "relation": "is_a", "tail": "elemental calcium"}, {"head": "calcium ion", "relation": "is_a", "tail": "metal cation"}, {"head": "calcium molecular entity", "relation": "is_a", "tail": "alkaline earth molecular entity"}, {"head": "calcium salt", "relation": "is_a", "tail": "alkaline earth salt"}, {"head": "calcium salt", "relation": "is_a", "tail": "calcium molecular entity"}, {"head": "calcium(2+)", "relation": "is_a", "tail": "calcium cation"}, {"head": "calcium(2+)", "relation": "is_a", "tail": "divalent metal cation"}, {"head": "calcium(2+)", "relation": "is_a", "tail": "monoatomic dication"}, {"head": "caliculate", "relation": "is_a", "tail": "morphology"}, {"head": "calthrop", "relation": "is_a", "tail": "spicule"}, {"head": "calycocome", "relation": "is_a", "tail": "hexaster"}, {"head": "canal", "relation": "is_a", "tail": "anatomical structure"}, {"head": "canalaria", "relation": "is_a", "tail": "spicule"}, {"head": "candelabrum", "relation": "is_a", "tail": "lophocalthrop"}, {"head": "canonochela", "relation": "is_a", "tail": "isochela"}, {"head": "carbon atom", "relation": "is_a", "tail": "carbon group element atom"}, {"head": "carbon atom", "relation": "is_a", "tail": "nonmetal atom"}, {"head": "carbon group element atom", "relation": "is_a", "tail": "p-block element atom"}, {"head": "carbon group molecular entity", "relation": "is_a", "tail": "p-block molecular entity"}, {"head": "carbon oxoacid", "relation": "is_a", "tail": "organooxygen compound"}, {"head": "carbon oxoacid", "relation": "is_a", "tail": "oxoacid"}, {"head": "carbon oxoanion", "relation": "is_a", "tail": "organic anion"}, {"head": "carbon oxoanion", "relation": "is_a", "tail": "organooxygen compound"}, {"head": "carbon oxoanion", "relation": "is_a", "tail": "oxoanion"}, {"head": "carbonate", "relation": "is_a", "tail": "carbon oxoanion"}, {"head": "carbonate mineral", "relation": "is_a", "tail": "carbonate salt"}, {"head": "carbonate mineral", "relation": "is_a", "tail": "mineral"}, {"head": "carbonate salt", "relation": "is_a", "tail": "carbonates"}, {"head": "carbonates", "relation": "is_a", "tail": "organooxygen compound"}, {"head": "carbonic acid", "relation": "is_a", "tail": "carbon oxoacid"}, {"head": "carbonic acid", "relation": "is_a", "tail": "chalcocarbonic acid"}, {"head": "carrier cell", "relation": "is_a", "tail": "choanocyte"}, {"head": "cation", "relation": "is_a", "tail": "ion"}, {"head": "cavity of canal", "relation": "is_a", "tail": "immaterial anatomical entity"}, {"head": "cell", "relation": "is_a", "tail": "anatomical structure"}, {"head": "cell", "relation": "is_a", "tail": "cellular_component"}, {"head": "cell component", "relation": "is_a", "tail": "material anatomical entity"}, {"head": "cell cycle process", "relation": "is_a", "tail": "single-organism cellular process"}, {"head": "cell development", "relation": "is_a", "tail": "anatomical structure development"}, {"head": "cell development", "relation": "is_a", "tail": "cellular developmental process"}, {"head": "cell motility", "relation": "is_a", "tail": "locomotion"}, {"head": "cell motility", "relation": "is_a", "tail": "movement of cell or subcellular component"}, {"head": "cell part", "relation": "is_a", "tail": "anatomical structure"}, {"head": "cell part", "relation": "is_a", "tail": "cell part"}, {"head": "cell part", "relation": "is_a", "tail": "cellular_component"}, {"head": "cell periphery", "relation": "is_a", "tail": "cell part"}, {"head": "cell projection", "relation": "is_a", "tail": "cell part"}, {"head": "cell projection part", "relation": "is_a", "tail": "cell part"}, {"head": "cellular component organization", "relation": "is_a", "tail": "cellular component organization or biogenesis"}, {"head": "cellular component organization", "relation": "is_a", "tail": "cellular process"}, {"head": "cellular component organization or biogenesis", "relation": "is_a", "tail": "biological_process"}, {"head": "cellular developmental process", "relation": "is_a", "tail": "single-organism cellular process"}, {"head": "cellular developmental process", "relation": "is_a", "tail": "single-organism developmental process"}, {"head": "cellular process", "relation": "is_a", "tail": "biological_process"}, {"head": "cellular process involved in reproduction in multicellular organism", "relation": "is_a", "tail": "single organism reproductive process"}, {"head": "cellular process involved in reproduction in multicellular organism", "relation": "is_a", "tail": "single-organism cellular process"}, {"head": "cellular quality", "relation": "is_a", "tail": "physical object quality"}, {"head": "cellules en croix", "relation": "is_a", "tail": "multicellular anatomical structure"}, {"head": "cemented spicule", "relation": "is_a", "tail": "spicule"}, {"head": "central cell", "relation": "is_a", "tail": "sponge cell"}, {"head": "centrotriaene", "relation": "is_a", "tail": "triaene"}, {"head": "centrotylote", "relation": "is_a", "tail": "spicule"}, {"head": "chalcocarbonic acid", "relation": "is_a", "tail": "organochalcogen compound"}, {"head": "chalcogen", "relation": "is_a", "tail": "p-block element atom"}, {"head": "chalcogen molecular entity", "relation": "is_a", "tail": "p-block molecular entity"}, {"head": "chamber", "relation": "is_a", "tail": "anatomical structure"}, {"head": "chela", "relation": "is_a", "tail": "microsclere"}, {"head": "chemical role", "relation": "is_a", "tail": "role"}, {"head": "chemical substance", "relation": "is_a", "tail": "chemical entity"}, {"head": "chiactine", "relation": "is_a", "tail": "tetractine"}, {"head": "chiastoclone", "relation": "is_a", "tail": "dendroclone"}, {"head": "chiastosigma", "relation": "is_a", "tail": "microsclere"}, {"head": "choanoblast", "relation": "is_a", "tail": "sponge cell"}, {"head": "choanochamber", "relation": "is_a", "tail": "chamber"}, {"head": "choanocyte", "relation": "is_a", "tail": "flagellated cell"}, {"head": "choanocyte chamber", "relation": "is_a", "tail": "canal"}, {"head": "choanocyte chamber", "relation": "is_a", "tail": "chamber"}, {"head": "choanocyte-lined filter chamber", "relation": "is_a", "tail": "choanocyte chamber"}, {"head": "choanocyte-lined radial canal", "relation": "is_a", "tail": "choanocyte chamber"}, {"head": "choanoderm", "relation": "is_a", "tail": "body layer"}, {"head": "choanoskeleton", "relation": "is_a", "tail": "skeleton"}, {"head": "choanosomal skeleton", "relation": "is_a", "tail": "skeleton"}, {"head": "choanosomal spicule", "relation": "is_a", "tail": "spicule"}, {"head": "choanosome", "relation": "is_a", "tail": "organism subdivision"}, {"head": "choristid megasclere arrangement", "relation": "is_a", "tail": "arrangement of megascleres"}, {"head": "ciliary part", "relation": "is_a", "tail": "cell projection part"}, {"head": "ciliary part", "relation": "is_a", "tail": "organelle part"}, {"head": "cilium", "relation": "is_a", "tail": "cell projection"}, {"head": "cilium", "relation": "is_a", "tail": "organelle"}, {"head": "cinctoblastula", "relation": "is_a", "tail": "sponge larva"}, {"head": "clad", "relation": "is_a", "tail": "spicule ray"}, {"head": "cladome", "relation": "is_a", "tail": "clad"}, {"head": "cladotylote", "relation": "is_a", "tail": "megasclere"}, {"head": "clathrate", "relation": "is_a", "tail": "morphology"}, {"head": "clathrate skeleton", "relation": "is_a", "tail": "skeleton"}, {"head": "clathriid skeleton", "relation": "is_a", "tail": "skeleton"}, {"head": "clavate", "relation": "is_a", "tail": "morphology"}, {"head": "clavidisc microsclere", "relation": "is_a", "tail": "microsclere"}, {"head": "clavule", "relation": "is_a", "tail": "sceptrule"}, {"head": "cleavage stage", "relation": "is_a", "tail": "embryo stage part"}, {"head": "cleaving embryo", "relation": "is_a", "tail": "embryo"}, {"head": "cleistochela", "relation": "is_a", "tail": "chela"}, {"head": "clone", "relation": "is_a", "tail": "acellular anatomical structure"}, {"head": "codonhexactin", "relation": "is_a", "tail": "discohexactin"}, {"head": "coeloblastula", "relation": "is_a", "tail": "sponge larva"}, {"head": "collagen fascicle", "relation": "is_a", "tail": "acellular anatomical structure"}, {"head": "collagen fibril", "relation": "is_a", "tail": "acellular anatomical structure"}, {"head": "collar body", "relation": "is_a", "tail": "choanocyte"}, {"head": "collencyte", "relation": "is_a", "tail": "secretory cell"}, {"head": "column", "relation": "is_a", "tail": "skeletal element of sponge"}, {"head": "columnar", "relation": "is_a", "tail": "morphology"}, {"head": "comitalia", "relation": "is_a", "tail": "parenchymalia"}, {"head": "composite particle", "relation": "is_a", "tail": "subatomic particle"}, {"head": "compound fiber", "relation": "is_a", "tail": "fiber"}, {"head": "compressible", "relation": "is_a", "tail": "structural quality"}, {"head": "confused skeleton", "relation": "is_a", "tail": "arrangement of megascleres"}, {"head": "conical megasclere", "relation": "is_a", "tail": "megasclere"}, {"head": "conulose surface", "relation": "is_a", "tail": "sponge surface"}, {"head": "cored fiber", "relation": "is_a", "tail": "fiber"}, {"head": "corrugated surface", "relation": "is_a", "tail": "sponge surface"}, {"head": "cortex", "relation": "is_a", "tail": "organism subdivision"}, {"head": "cortical skeleton", "relation": "is_a", "tail": "ectosomal skeleton"}, {"head": "cortical spicule", "relation": "is_a", "tail": "spicule"}, {"head": "crateriform", "relation": "is_a", "tail": "morphology"}, {"head": "crepis", "relation": "is_a", "tail": "material anatomical entity"}, {"head": "croca", "relation": "is_a", "tail": "microsclere"}, {"head": "cruciform cell", "relation": "is_a", "tail": "sponge larval cell"}, {"head": "crypt cell", "relation": "is_a", "tail": "sponge cell"}, {"head": "crypt tissue", "relation": "is_a", "tail": "tissue"}, {"head": "crystal", "relation": "is_a", "tail": "acellular anatomical structure"}, {"head": "crystal ultrastructure", "relation": "is_a", "tail": "anatomical group"}, {"head": "curved", "relation": "is_a", "tail": "morphology"}, {"head": "cuticle", "relation": "is_a", "tail": "acellular anatomical structure"}, {"head": "cyrtancistra", "relation": "is_a", "tail": "sigma"}, {"head": "cystencyte", "relation": "is_a", "tail": "sponge cell"}, {"head": "death stage", "relation": "is_a", "tail": "life cycle stage"}, {"head": "defensive cell", "relation": "is_a", "tail": "native cell"}, {"head": "dendritic skeleton", "relation": "is_a", "tail": "skeleton"}, {"head": "dendroclone", "relation": "is_a", "tail": "desma"}, {"head": "dermal pore", "relation": "is_a", "tail": "pore"}, {"head": "dermalia", "relation": "is_a", "tail": "spicule"}, {"head": "desma", "relation": "is_a", "tail": "megasclere"}, {"head": "deuteroclad", "relation": "is_a", "tail": "acellular anatomical structure"}, {"head": "developing anatomical structure", "relation": "is_a", "tail": "material anatomical entity"}, {"head": "developmental process", "relation": "is_a", "tail": "biological_process"}, {"head": "developmental process involved in reproduction", "relation": "is_a", "tail": "developmental process"}, {"head": "developmental process involved in reproduction", "relation": "is_a", "tail": "reproductive process"}, {"head": "diactin", "relation": "is_a", "tail": "megasclere"}, {"head": "diactine", "relation": "is_a", "tail": "monaxonic megasclere"}, {"head": "diaene", "relation": "is_a", "tail": "tetractine"}, {"head": "diancistra", "relation": "is_a", "tail": "microsclere"}, {"head": "diapason", "relation": "is_a", "tail": "sagittal spicule"}, {"head": "diapason", "relation": "is_a", "tail": "triactine"}, {"head": "diarhysis", "relation": "is_a", "tail": "canal"}, {"head": "dichotriaene", "relation": "is_a", "tail": "triaene"}, {"head": "dicranoclone", "relation": "is_a", "tail": "desma"}, {"head": "dictyonal skeleton", "relation": "is_a", "tail": "skeleton"}, {"head": "dictyonalia", "relation": "is_a", "tail": "anatomical structure"}, {"head": "didiscorhabd", "relation": "is_a", "tail": "microsclere"}, {"head": "digitate", "relation": "is_a", "tail": "morphology"}, {"head": "diod spicule", "relation": "is_a", "tail": "diactine"}, {"head": "diplaster", "relation": "is_a", "tail": "microsclere"}, {"head": "diplodal", "relation": "is_a", "tail": "choanocyte chamber"}, {"head": "dischela", "relation": "is_a", "tail": "isochela"}, {"head": "discoctaster", "relation": "is_a", "tail": "octaster"}, {"head": "discohexactin", "relation": "is_a", "tail": "hexactin"}, {"head": "discohexaster", "relation": "is_a", "tail": "hexaster"}, {"head": "discorhabd", "relation": "is_a", "tail": "microsclere"}, {"head": "discotriaene", "relation": "is_a", "tail": "triaene"}, {"head": "divalent inorganic cation", "relation": "is_a", "tail": "inorganic cation"}, {"head": "divalent metal cation", "relation": "is_a", "tail": "divalent inorganic cation"}, {"head": "divalent metal cation", "relation": "is_a", "tail": "metal cation"}, {"head": "donor", "relation": "is_a", "tail": "chemical role"}, {"head": "drepanocome", "relation": "is_a", "tail": "hexaster"}, {"head": "drug", "relation": "is_a", "tail": "pharmaceutical"}, {"head": "echinating spicule", "relation": "is_a", "tail": "megasclere"}, {"head": "ectochrote", "relation": "is_a", "tail": "material anatomical entity"}, {"head": "ectosomal skeleton", "relation": "is_a", "tail": "skeleton"}, {"head": "ectosomal spicule", "relation": "is_a", "tail": "spicule"}, {"head": "ectosome", "relation": "is_a", "tail": "organism subdivision"}, {"head": "elastic", "relation": "is_a", "tail": "structural quality"}, {"head": "electron", "relation": "is_a", "tail": "lepton"}, {"head": "elemental calcium", "relation": "is_a", "tail": "calcium molecular entity"}, {"head": "elemental molecular entity", "relation": "is_a", "tail": "molecular entity"}, {"head": "embryo", "relation": "is_a", "tail": "multicellular organism"}, {"head": "embryo stage", "relation": "is_a", "tail": "life cycle stage"}, {"head": "embryo stage part", "relation": "is_a", "tail": "life cycle stage"}, {"head": "embryonic structure", "relation": "is_a", "tail": "anatomical structure"}, {"head": "embryonic structure", "relation": "is_a", "tail": "developing anatomical structure"}, {"head": "embryonic tissue", "relation": "is_a", "tail": "embryonic structure"}, {"head": "embryonic tissue", "relation": "is_a", "tail": "tissue"}, {"head": "encrusted substrate", "relation": "is_a", "tail": "substrate"}, {"head": "endocytosis", "relation": "is_a", "tail": "vesicle-mediated transport"}, {"head": "endolithic", "relation": "is_a", "tail": "relationship to substrate"}, {"head": "endopinacocyte", "relation": "is_a", "tail": "pinacocyte"}, {"head": "endopinacoderm", "relation": "is_a", "tail": "sponge surface"}, {"head": "endopsammic", "relation": "is_a", "tail": "relationship to substrate"}, {"head": "entrapped spicules", "relation": "is_a", "tail": "spicule"}, {"head": "envelope of flagellated cells", "relation": "is_a", "tail": "multicellular anatomical structure"}, {"head": "eosinophilic cell", "relation": "is_a", "tail": "sponge cell"}, {"head": "epirhabd", "relation": "is_a", "tail": "desma"}, {"head": "epirhysis", "relation": "is_a", "tail": "canal"}, {"head": "epitheca", "relation": "is_a", "tail": "acellular anatomical structure"}, {"head": "equal megasclere", "relation": "is_a", "tail": "megasclere"}, {"head": "erect", "relation": "is_a", "tail": "relationship to substrate"}, {"head": "establishment of localization", "relation": "is_a", "tail": "localization"}, {"head": "euaster", "relation": "is_a", "tail": "microsclere"}, {"head": "eukaryotic cell", "relation": "is_a", "tail": "native cell"}, {"head": "eukaryotic metabolite", "relation": "is_a", "tail": "metabolite"}, {"head": "eurypylous", "relation": "is_a", "tail": "choanocyte chamber"}, {"head": "excavating", "relation": "is_a", "tail": "relationship to substrate"}, {"head": "exhalant canal", "relation": "is_a", "tail": "canal"}, {"head": "exhalant system", "relation": "is_a", "tail": "anatomical system"}, {"head": "exopinacocyte", "relation": "is_a", "tail": "pinacocyte"}, {"head": "exopinacoderm", "relation": "is_a", "tail": "sponge surface"}, {"head": "exotyle", "relation": "is_a", "tail": "style"}, {"head": "extra-axial skeleton", "relation": "is_a", "tail": "skeleton"}, {"head": "facial plane", "relation": "is_a", "tail": "immaterial anatomical entity"}, {"head": "fascicular fibrous microstructure", "relation": "is_a", "tail": "microstructure"}, {"head": "female gamete generation", "relation": "is_a", "tail": "gamete generation"}, {"head": "female germ cell", "relation": "is_a", "tail": "germ cell"}, {"head": "female meiotic division", "relation": "is_a", "tail": "meiotic nuclear division"}, {"head": "fermion", "relation": "is_a", "tail": "subatomic particle"}, {"head": "fiber", "relation": "is_a", "tail": "acellular anatomical structure"}, {"head": "fibroreticulate", "relation": "is_a", "tail": "morphology"}, {"head": "fibule", "relation": "is_a", "tail": "microsclere"}, {"head": "ficiform", "relation": "is_a", "tail": "morphology"}, {"head": "filling (tissue) structure", "relation": "is_a", "tail": "secondary calcareous skeleton"}, {"head": "fimbria", "relation": "is_a", "tail": "material anatomical entity"}, {"head": "firm", "relation": "is_a", "tail": "structural quality"}, {"head": "fistule", "relation": "is_a", "tail": "surface protruberance"}, {"head": "fistulose", "relation": "is_a", "tail": "anatomical structure"}, {"head": "flabellate", "relation": "is_a", "tail": "morphology"}, {"head": "flagellated canal", "relation": "is_a", "tail": "canal"}, {"head": "flagellated cell", "relation": "is_a", "tail": "sponge cell"}, {"head": "flagellated endopinacocyte", "relation": "is_a", "tail": "endopinacocyte"}, {"head": "flagellated endopinacocyte", "relation": "is_a", "tail": "flagellated cell"}, {"head": "flagellated exopinacocyte", "relation": "is_a", "tail": "exopinacocyte"}, {"head": "flagellated exopinacocyte", "relation": "is_a", "tail": "flagellated cell"}, {"head": "flagelliform", "relation": "is_a", "tail": "morphology"}, {"head": "flexuous spicule", "relation": "is_a", "tail": "spicule"}, {"head": "floricome", "relation": "is_a", "tail": "discohexaster"}, {"head": "foliaceous", "relation": "is_a", "tail": "morphology"}, {"head": "follicle cell", "relation": "is_a", "tail": "sponge cell"}, {"head": "food additive", "relation": "is_a", "tail": "application"}, {"head": "food additive", "relation": "is_a", "tail": "food component"}, {"head": "food colouring", "relation": "is_a", "tail": "food additive"}, {"head": "food component", "relation": "is_a", "tail": "physiological role"}, {"head": "food firming agent", "relation": "is_a", "tail": "food additive"}, {"head": "foramen", "relation": "is_a", "tail": "pore"}, {"head": "forceps", "relation": "is_a", "tail": "microsclere"}, {"head": "fragile", "relation": "is_a", "tail": "structural quality"}, {"head": "fragmentation", "relation": "is_a", "tail": "biological_process"}, {"head": "free actine", "relation": "is_a", "tail": "actine ray"}, {"head": "friable", "relation": "is_a", "tail": "structural quality"}, {"head": "fuchsinophilic cell", "relation": "is_a", "tail": "sponge cell"}, {"head": "fully formed stage", "relation": "is_a", "tail": "life cycle stage"}, {"head": "fundamental particle", "relation": "is_a", "tail": "subatomic particle"}, {"head": "fungal metabolite", "relation": "is_a", "tail": "eukaryotic metabolite"}, {"head": "fusiform", "relation": "is_a", "tail": "morphology"}, {"head": "gamete generation", "relation": "is_a", "tail": "multicellular organismal reproductive process"}, {"head": "gamete generation", "relation": "is_a", "tail": "single organism reproductive process"}, {"head": "gastralia", "relation": "is_a", "tail": "spicule"}, {"head": "gastrula", "relation": "is_a", "tail": "embryo"}, {"head": "gastrula stage", "relation": "is_a", "tail": "embryo stage part"}, {"head": "gemmule", "relation": "is_a", "tail": "reproductive body"}, {"head": "gemmule coat", "relation": "is_a", "tail": "acellular anatomical structure"}, {"head": "germ cell", "relation": "is_a", "tail": "germ line cell"}, {"head": "germ cell development", "relation": "is_a", "tail": "cell development"}, {"head": "germ cell development", "relation": "is_a", "tail": "cellular process involved in reproduction in multicellular organism"}, {"head": "germ cell development", "relation": "is_a", "tail": "developmental process involved in reproduction"}, {"head": "germ line cell", "relation": "is_a", "tail": "animal cell"}, {"head": "globoferous cell", "relation": "is_a", "tail": "sponge cell"}, {"head": "globular", "relation": "is_a", "tail": "morphology"}, {"head": "glutinous", "relation": "is_a", "tail": "quality"}, {"head": "glycocyte", "relation": "is_a", "tail": "sponge cell"}, {"head": "gonad", "relation": "is_a", "tail": "independent continuant"}, {"head": "gonad", "relation": "is_a", "tail": "reproductive organ"}, {"head": "gonad primordium", "relation": "is_a", "tail": "primordium"}, {"head": "granular cell", "relation": "is_a", "tail": "sponge cell"}, {"head": "graphicome", "relation": "is_a", "tail": "hexaster"}, {"head": "gray cell", "relation": "is_a", "tail": "sponge cell"}, {"head": "groove, pit or depression", "relation": "is_a", "tail": "anatomical structure"}, {"head": "group", "relation": "is_a", "tail": "chemical entity"}, {"head": "growth_form", "relation": "is_a", "tail": "quality"}, {"head": "hadron", "relation": "is_a", "tail": "composite particle"}, {"head": "halichondrioid skeleton", "relation": "is_a", "tail": "confused skeleton"}, {"head": "hard", "relation": "is_a", "tail": "structural quality"}, {"head": "hastate", "relation": "is_a", "tail": "spicule"}, {"head": "heloclone", "relation": "is_a", "tail": "desma"}, {"head": "hemioxyhexaster", "relation": "is_a", "tail": "hexaster"}, {"head": "heteroatomic molecular entity", "relation": "is_a", "tail": "polyatomic entity"}, {"head": "heteroorganic entity", "relation": "is_a", "tail": "organic molecular entity"}, {"head": "hexactin", "relation": "is_a", "tail": "siliceous spicule"}, {"head": "hexadisc", "relation": "is_a", "tail": "microhexactin"}, {"head": "hexaster", "relation": "is_a", "tail": "microsclere"}, {"head": "hilum", "relation": "is_a", "tail": "groove, pit or depression"}, {"head": "hilum of aspidaster", "relation": "is_a", "tail": "hilum"}, {"head": "hilum of sterraster", "relation": "is_a", "tail": "hilum"}, {"head": "hispid surface", "relation": "is_a", "tail": "sponge surface"}, {"head": "hispidation", "relation": "is_a", "tail": "spicule"}, {"head": "homogeneous fiber", "relation": "is_a", "tail": "fiber"}, {"head": "honeycombed surface", "relation": "is_a", "tail": "sponge surface"}, {"head": "human metabolite", "relation": "is_a", "tail": "mammalian metabolite"}, {"head": "hydrated silica", "relation": "is_a", "tail": "mineral"}, {"head": "hydrogen atom", "relation": "is_a", "tail": "inorganic molecular entity"}, {"head": "hydrogen atom", "relation": "is_a", "tail": "nonmetal atom"}, {"head": "hydrogen atom", "relation": "is_a", "tail": "s-block element atom"}, {"head": "hydrogen molecular entity", "relation": "is_a", "tail": "s-block molecular entity"}, {"head": "hydrogencarbonate", "relation": "is_a", "tail": "carbon oxoanion"}, {"head": "hydroxides", "relation": "is_a", "tail": "heteroatomic molecular entity"}, {"head": "hydroxides", "relation": "is_a", "tail": "hydrogen molecular entity"}, {"head": "hydroxides", "relation": "is_a", "tail": "oxygen molecular entity"}, {"head": "hydroxy group", "relation": "is_a", "tail": "inorganic group"}, {"head": "hymedesmioid skeleton", "relation": "is_a", "tail": "skeleton"}, {"head": "hypodermalia", "relation": "is_a", "tail": "dermalia"}, {"head": "hypogastralia", "relation": "is_a", "tail": "gastralia"}, {"head": "immaterial anatomical entity", "relation": "is_a", "tail": "anatomical entity"}, {"head": "inarticulate skeleton", "relation": "is_a", "tail": "choanoskeleton"}, {"head": "incompressible", "relation": "is_a", "tail": "structural quality"}, {"head": "independent continuant", "relation": "is_a", "tail": "continuant"}, {"head": "infundibuliform", "relation": "is_a", "tail": "morphology"}, {"head": "inhalant canal", "relation": "is_a", "tail": "canal"}, {"head": "inhalant system", "relation": "is_a", "tail": "anatomical system"}, {"head": "inorganic cation", "relation": "is_a", "tail": "cation"}, {"head": "inorganic cation", "relation": "is_a", "tail": "inorganic ion"}, {"head": "inorganic group", "relation": "is_a", "tail": "group"}, {"head": "inorganic ion", "relation": "is_a", "tail": "inorganic molecular entity"}, {"head": "inorganic ion", "relation": "is_a", "tail": "ion"}, {"head": "inorganic molecular entity", "relation": "is_a", "tail": "molecular entity"}, {"head": "inorganic oxide", "relation": "is_a", "tail": "inorganic molecular entity"}, {"head": "inorganic oxide", "relation": "is_a", "tail": "oxide"}, {"head": "intermedia", "relation": "is_a", "tail": "parenchymalia"}, {"head": "interstitial spicule", "relation": "is_a", "tail": "choanosomal spicule"}, {"head": "intracellular membrane-bounded organelle", "relation": "is_a", "tail": "intracellular organelle"}, {"head": "intracellular membrane-bounded organelle", "relation": "is_a", "tail": "membrane-bounded organelle"}, {"head": "intracellular organelle", "relation": "is_a", "tail": "intracellular part"}, {"head": "intracellular organelle", "relation": "is_a", "tail": "organelle"}, {"head": "intracellular part", "relation": "is_a", "tail": "cell part"}, {"head": "intraciliary transport particle", "relation": "is_a", "tail": "protein complex"}, {"head": "ion", "relation": "is_a", "tail": "molecular entity"}, {"head": "irciniid filament", "relation": "is_a", "tail": "acellular anatomical structure"}, {"head": "irregular microstructure", "relation": "is_a", "tail": "microstructure"}, {"head": "isochela", "relation": "is_a", "tail": "chela"}, {"head": "isodictyal reticulation", "relation": "is_a", "tail": "reticulate skeleton"}, {"head": "isotropic reticulation", "relation": "is_a", "tail": "reticulate skeleton"}, {"head": "lamellate", "relation": "is_a", "tail": "morphology"}, {"head": "lamina", "relation": "is_a", "tail": "calcareous plate"}, {"head": "laminated fiber", "relation": "is_a", "tail": "fiber"}, {"head": "large dense membrane-bound inclusion", "relation": "is_a", "tail": "membrane-bound inclusion"}, {"head": "large granular membrane-bound inclusion", "relation": "is_a", "tail": "membrane-bound inclusion"}, {"head": "larva", "relation": "is_a", "tail": "multicellular organism"}, {"head": "larval stage", "relation": "is_a", "tail": "life cycle stage"}, {"head": "latilamina", "relation": "is_a", "tail": "calcareous plate"}, {"head": "lax (= loose, vague) skeleton", "relation": "is_a", "tail": "skeleton"}, {"head": "lepton", "relation": "is_a", "tail": "fermion"}, {"head": "lepton", "relation": "is_a", "tail": "fundamental particle"}, {"head": "leuconoid sponge", "relation": "is_a", "tail": "sponge"}, {"head": "leuconoid system", "relation": "is_a", "tail": "aquiferous system"}, {"head": "life cycle", "relation": "is_a", "tail": "processual entity"}, {"head": "life cycle stage", "relation": "is_a", "tail": "processual entity"}, {"head": "limp", "relation": "is_a", "tail": "structural quality"}, {"head": "line of spicules", "relation": "is_a", "tail": "arrangement of spicules"}, {"head": "linked spicules", "relation": "is_a", "tail": "arrangement of spicules"}, {"head": "lipostomous surface", "relation": "is_a", "tail": "sponge surface"}, {"head": "lithistid skeleton", "relation": "is_a", "tail": "skeleton"}, {"head": "lobate", "relation": "is_a", "tail": "morphology"}, {"head": "localization", "relation": "is_a", "tail": "biological_process"}, {"head": "locomotion", "relation": "is_a", "tail": "biological_process"}, {"head": "lophocalthrop", "relation": "is_a", "tail": "calthrop"}, {"head": "lophocome (= lophodiscohexaster)", "relation": "is_a", "tail": "discohexaster"}, {"head": "lophocyte", "relation": "is_a", "tail": "collencyte"}, {"head": "lychnisc", "relation": "is_a", "tail": "hexactin"}, {"head": "lychnisca", "relation": "is_a", "tail": "acellular anatomical structure"}, {"head": "lyssacine", "relation": "is_a", "tail": "arrangement of spicules"}, {"head": "macramphidisc", "relation": "is_a", "tail": "amphidisc"}, {"head": "macromere", "relation": "is_a", "tail": "sponge larval cell"}, {"head": "macromolecular complex", "relation": "is_a", "tail": "cellular_component"}, {"head": "macronutrient", "relation": "is_a", "tail": "nutrient"}, {"head": "main group element atom", "relation": "is_a", "tail": "atom"}, {"head": "main group molecular entity", "relation": "is_a", "tail": "molecular entity"}, {"head": "mamelon", "relation": "is_a", "tail": "acellular anatomical structure"}, {"head": "mammalian metabolite", "relation": "is_a", "tail": "animal metabolite"}, {"head": "marginalia", "relation": "is_a", "tail": "prostalia"}, {"head": "massive", "relation": "is_a", "tail": "morphology"}, {"head": "material anatomical entity", "relation": "is_a", "tail": "anatomical entity"}, {"head": "material anatomical entity", "relation": "is_a", "tail": "material entity"}, {"head": "material entity", "relation": "is_a", "tail": "independent continuant"}, {"head": "maternal cell", "relation": "is_a", "tail": "sponge larval cell"}, {"head": "megaclone", "relation": "is_a", "tail": "desma"}, {"head": "megarhizoclone", "relation": "is_a", "tail": "dicranoclone"}, {"head": "megasclere", "relation": "is_a", "tail": "spicule"}, {"head": "meiotic cell cycle process", "relation": "is_a", "tail": "cell cycle process"}, {"head": "meiotic cell cycle process", "relation": "is_a", "tail": "single organism reproductive process"}, {"head": "meiotic nuclear division", "relation": "is_a", "tail": "meiotic cell cycle process"}, {"head": "meiotic nuclear division", "relation": "is_a", "tail": "nuclear division"}, {"head": "meiotic nuclear division", "relation": "is_a", "tail": "single-organism organelle organization"}, {"head": "membrane", "relation": "is_a", "tail": "cellular_component"}, {"head": "membrane budding", "relation": "is_a", "tail": "membrane organization"}, {"head": "membrane budding", "relation": "is_a", "tail": "vesicle organization"}, {"head": "membrane invagination", "relation": "is_a", "tail": "membrane organization"}, {"head": "membrane organization", "relation": "is_a", "tail": "cellular component organization"}, {"head": "membrane part", "relation": "is_a", "tail": "cellular_component"}, {"head": "membrane protein complex", "relation": "is_a", "tail": "membrane part"}, {"head": "membrane protein complex", "relation": "is_a", "tail": "protein complex"}, {"head": "membrane-bound inclusion", "relation": "is_a", "tail": "cell component"}, {"head": "membrane-bounded organelle", "relation": "is_a", "tail": "organelle"}, {"head": "mesamphidisc", "relation": "is_a", "tail": "amphidisc"}, {"head": "mesohyl", "relation": "is_a", "tail": "body layer"}, {"head": "mesolamella", "relation": "is_a", "tail": "acellular anatomical structure"}, {"head": "mesotriaene", "relation": "is_a", "tail": "triaene"}, {"head": "mesotrider", "relation": "is_a", "tail": "tetraclone"}, {"head": "metabolite", "relation": "is_a", "tail": "biochemical role"}, {"head": "metal atom", "relation": "is_a", "tail": "atom"}, {"head": "metal cation", "relation": "is_a", "tail": "inorganic cation"}, {"head": "metal cation", "relation": "is_a", "tail": "monoatomic cation"}, {"head": "metaster", "relation": "is_a", "tail": "microsclere"}, {"head": "micramphidisc", "relation": "is_a", "tail": "amphidisc"}, {"head": "microanchor", "relation": "is_a", "tail": "acellular anatomical structure"}, {"head": "microcionid", "relation": "is_a", "tail": "arrangement of spicules"}, {"head": "microdiactin spicule", "relation": "is_a", "tail": "diactine"}, {"head": "microgranular cell", "relation": "is_a", "tail": "granular cell"}, {"head": "microgranular microstructure", "relation": "is_a", "tail": "microstructure"}, {"head": "microhexactin", "relation": "is_a", "tail": "microsclere"}, {"head": "microholactin", "relation": "is_a", "tail": "microsclere"}, {"head": "microlamellar microstructure", "relation": "is_a", "tail": "microstructure"}, {"head": "micromere", "relation": "is_a", "tail": "flagellated cell"}, {"head": "micromere", "relation": "is_a", "tail": "sponge larval cell"}, {"head": "micropyle", "relation": "is_a", "tail": "immaterial anatomical entity"}, {"head": "microrhabd", "relation": "is_a", "tail": "microsclere"}, {"head": "microsclere", "relation": "is_a", "tail": "spicule"}, {"head": "microstrongyle", "relation": "is_a", "tail": "microsclere"}, {"head": "microstructure", "relation": "is_a", "tail": "anatomical group"}, {"head": "microsymbiont", "relation": "is_a", "tail": "anatomical structure"}, {"head": "microvillus", "relation": "is_a", "tail": "actin-based cell projection"}, {"head": "mineral", "relation": "is_a", "tail": "chemical substance"}, {"head": "mineral skeleton", "relation": "is_a", "tail": "acellular anatomical structure"}, {"head": "mineral skeleton", "relation": "is_a", "tail": "skeleton"}, {"head": "mode of reproduction", "relation": "is_a", "tail": "quality"}, {"head": "molecular entity", "relation": "is_a", "tail": "chemical entity"}, {"head": "monactine", "relation": "is_a", "tail": "monaxonic megasclere"}, {"head": "monaene", "relation": "is_a", "tail": "tetractine"}, {"head": "monaxial desma", "relation": "is_a", "tail": "desma"}, {"head": "monaxonic megasclere", "relation": "is_a", "tail": "megasclere"}, {"head": "monoatomic cation", "relation": "is_a", "tail": "cation"}, {"head": "monoatomic cation", "relation": "is_a", "tail": "monoatomic ion"}, {"head": "monoatomic dication", "relation": "is_a", "tail": "monoatomic cation"}, {"head": "monoatomic entity", "relation": "is_a", "tail": "elemental molecular entity"}, {"head": "monoatomic ion", "relation": "is_a", "tail": "ion"}, {"head": "monoatomic ion", "relation": "is_a", "tail": "monoatomic entity"}, {"head": "morphology", "relation": "is_a", "tail": "physical object quality"}, {"head": "morphology", "relation": "is_a", "tail": "quality"}, {"head": "motile cell", "relation": "is_a", "tail": "native cell"}, {"head": "mouse metabolite", "relation": "is_a", "tail": "mammalian metabolite"}, {"head": "movement of cell or subcellular component", "relation": "is_a", "tail": "single-organism cellular process"}, {"head": "mucronate megasclere", "relation": "is_a", "tail": "megasclere"}, {"head": "multicellular anatomical structure", "relation": "is_a", "tail": "anatomical structure"}, {"head": "multicellular organism", "relation": "is_a", "tail": "multicellular anatomical structure"}, {"head": "multicellular organismal reproductive process", "relation": "is_a", "tail": "reproductive process"}, {"head": "multispicular fiber", "relation": "is_a", "tail": "fiber"}, {"head": "myocyte", "relation": "is_a", "tail": "sponge cell"}, {"head": "native cell", "relation": "is_a", "tail": "cell"}, {"head": "needle-like biradiate", "relation": "is_a", "tail": "diactine"}, {"head": "neurula embryo", "relation": "is_a", "tail": "embryo"}, {"head": "neurula stage", "relation": "is_a", "tail": "embryo stage part"}, {"head": "node", "relation": "is_a", "tail": "acellular anatomical structure"}, {"head": "nonmetal atom", "relation": "is_a", "tail": "atom"}, {"head": "nuclear division", "relation": "is_a", "tail": "organelle fission"}, {"head": "nuclear particle", "relation": "is_a", "tail": "subatomic particle"}, {"head": "nucleate cell", "relation": "is_a", "tail": "native cell"}, {"head": "nucleate quality", "relation": "is_a", "tail": "cellular quality"}, {"head": "nucleated", "relation": "is_a", "tail": "nucleate quality"}, {"head": "nucleon", "relation": "is_a", "tail": "baryon"}, {"head": "nucleon", "relation": "is_a", "tail": "nuclear particle"}, {"head": "nucleus", "relation": "is_a", "tail": "cell component"}, {"head": "nucleus", "relation": "is_a", "tail": "cell part"}, {"head": "nucleus", "relation": "is_a", "tail": "intracellular membrane-bounded organelle"}, {"head": "nurse cell", "relation": "is_a", "tail": "sponge cell"}, {"head": "nutrient", "relation": "is_a", "tail": "food component"}, {"head": "octactin", "relation": "is_a", "tail": "spicule"}, {"head": "octaster", "relation": "is_a", "tail": "microsclere"}, {"head": "olynthus stage", "relation": "is_a", "tail": "life cycle stage"}, {"head": "one-carbon compound", "relation": "is_a", "tail": "organic molecular entity"}, {"head": "onychaete", "relation": "is_a", "tail": "microsclere"}, {"head": "onychaster", "relation": "is_a", "tail": "hexaster"}, {"head": "oocyte", "relation": "is_a", "tail": "female germ cell"}, {"head": "oogenesis", "relation": "is_a", "tail": "female gamete generation"}, {"head": "oogenesis", "relation": "is_a", "tail": "germ cell development"}, {"head": "optic axis", "relation": "is_a", "tail": "ray axis"}, {"head": "organ", "relation": "is_a", "tail": "multicellular anatomical structure"}, {"head": "organelle", "relation": "is_a", "tail": "cellular_component"}, {"head": "organelle fission", "relation": "is_a", "tail": "organelle organization"}, {"head": "organelle organization", "relation": "is_a", "tail": "cellular component organization"}, {"head": "organelle part", "relation": "is_a", "tail": "cellular_component"}, {"head": "organic anion", "relation": "is_a", "tail": "anion"}, {"head": "organic anion", "relation": "is_a", "tail": "organic ion"}, {"head": "organic ion", "relation": "is_a", "tail": "ion"}, {"head": "organic ion", "relation": "is_a", "tail": "organic molecular entity"}, {"head": "organic molecular entity", "relation": "is_a", "tail": "carbon group molecular entity"}, {"head": "organism subdivision", "relation": "is_a", "tail": "anatomical structure"}, {"head": "organochalcogen compound", "relation": "is_a", "tail": "chalcogen molecular entity"}, {"head": "organochalcogen compound", "relation": "is_a", "tail": "heteroorganic entity"}, {"head": "organogenesis stage", "relation": "is_a", "tail": "embryo stage part"}, {"head": "organooxygen compound", "relation": "is_a", "tail": "organochalcogen compound"}, {"head": "organooxygen compound", "relation": "is_a", "tail": "oxygen molecular entity"}, {"head": "orthodiactin", "relation": "is_a", "tail": "diactin"}, {"head": "orthogonal microstructure", "relation": "is_a", "tail": "microstructure"}, {"head": "orthotriaene", "relation": "is_a", "tail": "triaene"}, {"head": "osculum", "relation": "is_a", "tail": "immaterial anatomical entity"}, {"head": "ostium", "relation": "is_a", "tail": "pore"}, {"head": "ovate", "relation": "is_a", "tail": "morphology"}, {"head": "oviparity", "relation": "is_a", "tail": "mode of reproduction"}, {"head": "oxea", "relation": "is_a", "tail": "diactine"}, {"head": "oxide", "relation": "is_a", "tail": "heteroatomic molecular entity"}, {"head": "oxide", "relation": "is_a", "tail": "oxygen molecular entity"}, {"head": "oxoacid", "relation": "is_a", "tail": "hydroxides"}, {"head": "oxoanion", "relation": "is_a", "tail": "oxide"}, {"head": "oxoanion", "relation": "is_a", "tail": "polyatomic anion"}, {"head": "oxyaster", "relation": "is_a", "tail": "euaster"}, {"head": "oxygen atom", "relation": "is_a", "tail": "chalcogen"}, {"head": "oxygen atom", "relation": "is_a", "tail": "nonmetal atom"}, {"head": "oxygen molecular entity", "relation": "is_a", "tail": "chalcogen molecular entity"}, {"head": "p-block element atom", "relation": "is_a", "tail": "main group element atom"}, {"head": "p-block molecular entity", "relation": "is_a", "tail": "main group molecular entity"}, {"head": "paired actine", "relation": "is_a", "tail": "actine ray"}, {"head": "palisade", "relation": "is_a", "tail": "arrangement of spicules"}, {"head": "palmate", "relation": "is_a", "tail": "morphology"}, {"head": "palmate chela", "relation": "is_a", "tail": "chela"}, {"head": "papilla", "relation": "is_a", "tail": "surface protruberance"}, {"head": "papillate surface", "relation": "is_a", "tail": "sponge surface"}, {"head": "pappocome", "relation": "is_a", "tail": "spicule"}, {"head": "parasagittal spicule", "relation": "is_a", "tail": "calcareous spicule"}, {"head": "paratangential skeleton", "relation": "is_a", "tail": "arrangement of spicules"}, {"head": "paratangential skeleton", "relation": "is_a", "tail": "skeleton"}, {"head": "parchment", "relation": "is_a", "tail": "ectosomal skeleton"}, {"head": "parenchymalia", "relation": "is_a", "tail": "arrangement of spicules"}, {"head": "parenchymella", "relation": "is_a", "tail": "sponge larva"}, {"head": "paucispicular fiber", "relation": "is_a", "tail": "fiber"}, {"head": "pedunculate", "relation": "is_a", "tail": "morphology"}, {"head": "pentactin", "relation": "is_a", "tail": "spicule"}, {"head": "phagocyte", "relation": "is_a", "tail": "defensive cell"}, {"head": "phagocyte", "relation": "is_a", "tail": "motile cell"}, {"head": "phagocyte", "relation": "is_a", "tail": "stuff accumulating cell"}, {"head": "phagocytosis", "relation": "is_a", "tail": "endocytosis"}, {"head": "phagocytosis", "relation": "is_a", "tail": "single-organism transport"}, {"head": "pharmaceutical", "relation": "is_a", "tail": "application"}, {"head": "pharmacological role", "relation": "is_a", "tail": "biological role"}, {"head": "phyllotriaene", "relation": "is_a", "tail": "triaene"}, {"head": "physical object quality", "relation": "is_a", "tail": "quality"}, {"head": "physiological role", "relation": "is_a", "tail": "biological role"}, {"head": "pillar", "relation": "is_a", "tail": "skeletal element of sponge"}, {"head": "pinacocyte", "relation": "is_a", "tail": "sponge cell"}, {"head": "pinacoderm", "relation": "is_a", "tail": "body layer"}, {"head": "pinacoderm", "relation": "is_a", "tail": "sponge surface"}, {"head": "pinnate", "relation": "is_a", "tail": "morphology"}, {"head": "pinnule", "relation": "is_a", "tail": "pentactin"}, {"head": "pinule", "relation": "is_a", "tail": "spicule"}, {"head": "pith", "relation": "is_a", "tail": "acellular anatomical structure"}, {"head": "pithed fiber", "relation": "is_a", "tail": "fiber"}, {"head": "placochela", "relation": "is_a", "tail": "isochela"}, {"head": "plagiotriaene", "relation": "is_a", "tail": "triaene"}, {"head": "plasma membrane", "relation": "is_a", "tail": "cell part"}, {"head": "plasma membrane", "relation": "is_a", "tail": "membrane"}, {"head": "plasma membrane part", "relation": "is_a", "tail": "cell part"}, {"head": "plasma membrane part", "relation": "is_a", "tail": "membrane part"}, {"head": "plasma membrane protein complex", "relation": "is_a", "tail": "membrane protein complex"}, {"head": "plasma membrane protein complex", "relation": "is_a", "tail": "plasma membrane part"}, {"head": "plasma membrane region", "relation": "is_a", "tail": "membrane"}, {"head": "plasma membrane region", "relation": "is_a", "tail": "plasma membrane part"}, {"head": "plate", "relation": "is_a", "tail": "anatomical structure"}, {"head": "platy", "relation": "is_a", "tail": "quality"}, {"head": "plesiaster", "relation": "is_a", "tail": "streptaster"}, {"head": "pleuralia", "relation": "is_a", "tail": "spicule"}, {"head": "plumoreticulate skeleton", "relation": "is_a", "tail": "skeleton"}, {"head": "plumose skeleton", "relation": "is_a", "tail": "skeleton"}, {"head": "pocket cell", "relation": "is_a", "tail": "bacteriocyte"}, {"head": "pole of larva", "relation": "is_a", "tail": "anatomical structure"}, {"head": "polyatomic anion", "relation": "is_a", "tail": "anion"}, {"head": "polyatomic anion", "relation": "is_a", "tail": "polyatomic ion"}, {"head": "polyatomic entity", "relation": "is_a", "tail": "molecular entity"}, {"head": "polyatomic ion", "relation": "is_a", "tail": "ion"}, {"head": "polyatomic ion", "relation": "is_a", "tail": "polyatomic entity"}, {"head": "polymorphic", "relation": "is_a", "tail": "structural quality"}, {"head": "polytylote megasclere", "relation": "is_a", "tail": "megasclere"}, {"head": "pore", "relation": "is_a", "tail": "immaterial anatomical entity"}, {"head": "pore groove", "relation": "is_a", "tail": "groove, pit or depression"}, {"head": "pore sieve", "relation": "is_a", "tail": "groove, pit or depression"}, {"head": "porocalyx", "relation": "is_a", "tail": "groove, pit or depression"}, {"head": "porocyte", "relation": "is_a", "tail": "sponge cell"}, {"head": "post-embryonic organism", "relation": "is_a", "tail": "multicellular organism"}, {"head": "post-embryonic stage", "relation": "is_a", "tail": "life cycle stage"}, {"head": "posterior pole", "relation": "is_a", "tail": "pole of larva"}, {"head": "posticum", "relation": "is_a", "tail": "osculum"}, {"head": "presumptive structure", "relation": "is_a", "tail": "developing anatomical structure"}, {"head": "primary calcareous skeleton", "relation": "is_a", "tail": "calcareous skeleton"}, {"head": "primary fiber", "relation": "is_a", "tail": "fiber"}, {"head": "primary spicule", "relation": "is_a", "tail": "megasclere"}, {"head": "primary spicule framework", "relation": "is_a", "tail": "arrangement of megascleres"}, {"head": "primordium", "relation": "is_a", "tail": "developing anatomical structure"}, {"head": "principalia", "relation": "is_a", "tail": "arrangement of spicules"}, {"head": "process", "relation": "is_a", "tail": "occurrent"}, {"head": "prokaryotic metabolite", "relation": "is_a", "tail": "metabolite"}, {"head": "prosochete", "relation": "is_a", "tail": "inhalant canal"}, {"head": "prosodus", "relation": "is_a", "tail": "inhalant canal"}, {"head": "prosopinacocyte", "relation": "is_a", "tail": "endopinacocyte"}, {"head": "prosopinacoderm", "relation": "is_a", "tail": "endopinacoderm"}, {"head": "prosopyle", "relation": "is_a", "tail": "pore"}, {"head": "prostalia", "relation": "is_a", "tail": "arrangement of spicules"}, {"head": "protein", "relation": "is_a", "tail": "chemical entity"}, {"head": "protein complex", "relation": "is_a", "tail": "macromolecular complex"}, {"head": "protoclad", "relation": "is_a", "tail": "acellular anatomical structure"}, {"head": "protorhabd", "relation": "is_a", "tail": "acellular anatomical structure"}, {"head": "protriaene", "relation": "is_a", "tail": "triaene"}, {"head": "pseudocalyx", "relation": "is_a", "tail": "skeletal element of sponge"}, {"head": "pseudogemmule", "relation": "is_a", "tail": "multicellular anatomical structure"}, {"head": "pseudosagittal spicule", "relation": "is_a", "tail": "subcortical spicule"}, {"head": "pseudosagittal spicule", "relation": "is_a", "tail": "triactine"}, {"head": "punctate surface", "relation": "is_a", "tail": "sponge surface"}, {"head": "quality", "relation": "is_a", "tail": "specifically dependent continuant"}, {"head": "radiate skeleton", "relation": "is_a", "tail": "skeleton"}, {"head": "raphide", "relation": "is_a", "tail": "microsclere"}, {"head": "ray axis", "relation": "is_a", "tail": "anatomical structure"}, {"head": "reduction body", "relation": "is_a", "tail": "multicellular anatomical structure"}, {"head": "regular spicule", "relation": "is_a", "tail": "spicule"}, {"head": "relationship to substrate", "relation": "is_a", "tail": "growth_form"}, {"head": "repent", "relation": "is_a", "tail": "relationship to substrate"}, {"head": "reproduction", "relation": "is_a", "tail": "biological_process"}, {"head": "reproductive body", "relation": "is_a", "tail": "reproductive structure"}, {"head": "reproductive organ", "relation": "is_a", "tail": "organ"}, {"head": "reproductive organ", "relation": "is_a", "tail": "reproductive structure"}, {"head": "reproductive process", "relation": "is_a", "tail": "biological_process"}, {"head": "reproductive structure", "relation": "is_a", "tail": "anatomical structure"}, {"head": "reproductive system", "relation": "is_a", "tail": "anatomical structure"}, {"head": "reproductive system", "relation": "is_a", "tail": "anatomical system"}, {"head": "resilient", "relation": "is_a", "tail": "structural quality"}, {"head": "reticulate skeleton", "relation": "is_a", "tail": "skeleton"}, {"head": "rhabd", "relation": "is_a", "tail": "spicule ray"}, {"head": "rhabdiferous cell", "relation": "is_a", "tail": "sponge cell"}, {"head": "rhabdodiactin", "relation": "is_a", "tail": "diactin"}, {"head": "rhabdome", "relation": "is_a", "tail": "rhabd"}, {"head": "rhabdostyle", "relation": "is_a", "tail": "style"}, {"head": "rhagon stage", "relation": "is_a", "tail": "life cycle stage"}, {"head": "rhizoclone", "relation": "is_a", "tail": "monaxial desma"}, {"head": "ribbed surface", "relation": "is_a", "tail": "sponge surface"}, {"head": "rigid aspicular skeleton", "relation": "is_a", "tail": "rigid skeleton"}, {"head": "rigid skeleton", "relation": "is_a", "tail": "skeleton"}, {"head": "rigid spicular skeleton", "relation": "is_a", "tail": "rigid skeleton"}, {"head": "rooted", "relation": "is_a", "tail": "relationship to substrate"}, {"head": "rubbery", "relation": "is_a", "tail": "structural quality"}, {"head": "rugose surface", "relation": "is_a", "tail": "sponge surface"}, {"head": "s-block element atom", "relation": "is_a", "tail": "atom"}, {"head": "s-block molecular entity", "relation": "is_a", "tail": "main group molecular entity"}, {"head": "sagittal spicule", "relation": "is_a", "tail": "spicule"}, {"head": "salt", "relation": "is_a", "tail": "heteroatomic molecular entity"}, {"head": "sanidaster", "relation": "is_a", "tail": "microsclere"}, {"head": "sarule", "relation": "is_a", "tail": "sceptrule"}, {"head": "scale", "relation": "is_a", "tail": "microsclere"}, {"head": "scepter", "relation": "is_a", "tail": "marginalia"}, {"head": "sceptrule", "relation": "is_a", "tail": "spicule"}, {"head": "schizorhysis", "relation": "is_a", "tail": "anatomical system"}, {"head": "sclerocyte", "relation": "is_a", "tail": "secretory cell"}, {"head": "sclerodermite", "relation": "is_a", "tail": "microstructure"}, {"head": "scopule", "relation": "is_a", "tail": "sceptrule"}, {"head": "secondary calcareous skeleton", "relation": "is_a", "tail": "calcareous skeleton"}, {"head": "secondary fiber", "relation": "is_a", "tail": "fiber"}, {"head": "secretory cell", "relation": "is_a", "tail": "sponge cell"}, {"head": "selenaster", "relation": "is_a", "tail": "spiraster (= spinispira)"}, {"head": "sessile", "relation": "is_a", "tail": "relationship to substrate"}, {"head": "sieve plate", "relation": "is_a", "tail": "plate"}, {"head": "sigma", "relation": "is_a", "tail": "microsclere"}, {"head": "sigmaspire", "relation": "is_a", "tail": "microsclere"}, {"head": "sigmatocome", "relation": "is_a", "tail": "hexaster"}, {"head": "silicase", "relation": "is_a", "tail": "protein"}, {"head": "silicatein", "relation": "is_a", "tail": "protein"}, {"head": "siliceous spicule", "relation": "is_a", "tail": "spicule"}, {"head": "silicon atom", "relation": "is_a", "tail": "carbon group element atom"}, {"head": "silicon atom", "relation": "is_a", "tail": "nonmetal atom"}, {"head": "silicon dioxide", "relation": "is_a", "tail": "silicon oxide"}, {"head": "silicon molecular entity", "relation": "is_a", "tail": "carbon group molecular entity"}, {"head": "silicon oxide", "relation": "is_a", "tail": "inorganic oxide"}, {"head": "silicon oxide", "relation": "is_a", "tail": "silicon molecular entity"}, {"head": "single organism reproductive process", "relation": "is_a", "tail": "reproductive process"}, {"head": "single organism reproductive process", "relation": "is_a", "tail": "single-organism process"}, {"head": "single-organism cellular process", "relation": "is_a", "tail": "cellular process"}, {"head": "single-organism cellular process", "relation": "is_a", "tail": "single-organism process"}, {"head": "single-organism developmental process", "relation": "is_a", "tail": "developmental process"}, {"head": "single-organism developmental process", "relation": "is_a", "tail": "single-organism process"}, {"head": "single-organism localization", "relation": "is_a", "tail": "localization"}, {"head": "single-organism localization", "relation": "is_a", "tail": "single-organism process"}, {"head": "single-organism organelle organization", "relation": "is_a", "tail": "organelle organization"}, {"head": "single-organism organelle organization", "relation": "is_a", "tail": "single-organism cellular process"}, {"head": "single-organism process", "relation": "is_a", "tail": "biological_process"}, {"head": "single-organism transport", "relation": "is_a", "tail": "single-organism localization"}, {"head": "single-organism transport", "relation": "is_a", "tail": "transport"}, {"head": "size class", "relation": "is_a", "tail": "morphology"}, {"head": "skeletal element of sponge", "relation": "is_a", "tail": "anatomical structure"}, {"head": "skeleton", "relation": "is_a", "tail": "organism subdivision"}, {"head": "small granular membrane-bound inclusion", "relation": "is_a", "tail": "membrane-bound inclusion"}, {"head": "smoking", "relation": "is_a", "tail": "reproductive process"}, {"head": "smooth", "relation": "is_a", "tail": "morphology"}, {"head": "smooth surface", "relation": "is_a", "tail": "sponge surface"}, {"head": "soft", "relation": "is_a", "tail": "structural quality"}, {"head": "spatuliferous-anchorate chela", "relation": "is_a", "tail": "anchorate chela"}, {"head": "specifically dependent continuant", "relation": "is_a", "tail": "continuant"}, {"head": "spermatid", "relation": "is_a", "tail": "germ line cell"}, {"head": "spermiocyst", "relation": "is_a", "tail": "sponge cell"}, {"head": "sphaerancora", "relation": "is_a", "tail": "isochela"}, {"head": "sphaeroclone", "relation": "is_a", "tail": "anaxial desma"}, {"head": "sphaerohexactin (sphaerohexact)", "relation": "is_a", "tail": "hexactin"}, {"head": "sphaerohexaster", "relation": "is_a", "tail": "hexaster"}, {"head": "spheraster", "relation": "is_a", "tail": "euaster"}, {"head": "spheroxyaster", "relation": "is_a", "tail": "euaster"}, {"head": "spherulitic microstructure", "relation": "is_a", "tail": "microstructure"}, {"head": "spherulous cell", "relation": "is_a", "tail": "sponge cell"}, {"head": "spiculation", "relation": "is_a", "tail": "quality"}, {"head": "spicule", "relation": "is_a", "tail": "acellular anatomical structure"}, {"head": "spicule center", "relation": "is_a", "tail": "anatomical structure"}, {"head": "spicule ray", "relation": "is_a", "tail": "acellular anatomical structure"}, {"head": "spiculoid spicule", "relation": "is_a", "tail": "spicule"}, {"head": "spine", "relation": "is_a", "tail": "acellular anatomical structure"}, {"head": "spined", "relation": "is_a", "tail": "morphology"}, {"head": "spiny surface", "relation": "is_a", "tail": "sponge surface"}, {"head": "spiraster (= spinispira)", "relation": "is_a", "tail": "microsclere"}, {"head": "spirodiscohexaster", "relation": "is_a", "tail": "discohexaster"}, {"head": "sponge", "relation": "is_a", "tail": "multicellular organism"}, {"head": "sponge cell", "relation": "is_a", "tail": "cell"}, {"head": "sponge larva", "relation": "is_a", "tail": "larva"}, {"head": "sponge larval cell", "relation": "is_a", "tail": "sponge cell"}, {"head": "sponge surface", "relation": "is_a", "tail": "anatomical structure"}, {"head": "spongeocoel", "relation": "is_a", "tail": "immaterial anatomical entity"}, {"head": "spongin", "relation": "is_a", "tail": "acellular anatomical structure"}, {"head": "spongin spicule", "relation": "is_a", "tail": "spicule"}, {"head": "spongiocyte", "relation": "is_a", "tail": "sponge cell"}, {"head": "spongocoel lining", "relation": "is_a", "tail": "material anatomical entity"}, {"head": "spongocyte", "relation": "is_a", "tail": "secretory cell"}, {"head": "statoblast", "relation": "is_a", "tail": "gemmule"}, {"head": "stauractin", "relation": "is_a", "tail": "hexactin"}, {"head": "stauraster", "relation": "is_a", "tail": "hexaster"}, {"head": "stepped megasclere", "relation": "is_a", "tail": "megasclere"}, {"head": "sterraster", "relation": "is_a", "tail": "microsclere"}, {"head": "stipitate", "relation": "is_a", "tail": "quality"}, {"head": "stoloniferous", "relation": "is_a", "tail": "quality"}, {"head": "stomoblastula stage", "relation": "is_a", "tail": "life cycle stage"}, {"head": "streptaster", "relation": "is_a", "tail": "aster"}, {"head": "strobiloplumicome", "relation": "is_a", "tail": "quality"}, {"head": "strongylaster (= chiaster)", "relation": "is_a", "tail": "aster"}, {"head": "strongyle", "relation": "is_a", "tail": "diactine"}, {"head": "strongyloxea", "relation": "is_a", "tail": "oxea"}, {"head": "structural quality", "relation": "is_a", "tail": "quality"}, {"head": "stuff accumulating cell", "relation": "is_a", "tail": "native cell"}, {"head": "style", "relation": "is_a", "tail": "monactine"}, {"head": "subatrial spicule", "relation": "is_a", "tail": "spicule"}, {"head": "subcortical spicule", "relation": "is_a", "tail": "spicule"}, {"head": "sublithistid skeleton", "relation": "is_a", "tail": "skeleton"}, {"head": "substrate", "relation": "is_a", "tail": "acellular anatomical structure"}, {"head": "subtylostyle", "relation": "is_a", "tail": "tylostyle"}, {"head": "sulcate", "relation": "is_a", "tail": "morphology"}, {"head": "surface protruberance", "relation": "is_a", "tail": "anatomical structure"}, {"head": "syconoid", "relation": "is_a", "tail": "aquiferous system"}, {"head": "syconoid sponge", "relation": "is_a", "tail": "sponge"}, {"head": "sylleibid", "relation": "is_a", "tail": "aquiferous system"}, {"head": "symmetrical megasclere", "relation": "is_a", "tail": "megasclere"}, {"head": "synapticule", "relation": "is_a", "tail": "acellular anatomical structure"}, {"head": "tabula", "relation": "is_a", "tail": "plate"}, {"head": "tabulate osculum", "relation": "is_a", "tail": "osculum"}, {"head": "tangential skeleton", "relation": "is_a", "tail": "ectosomal skeleton"}, {"head": "tangential spicule", "relation": "is_a", "tail": "spicule"}, {"head": "tauactin", "relation": "is_a", "tail": "triactin"}, {"head": "tertiary fiber", "relation": "is_a", "tail": "fiber"}, {"head": "tetraclone", "relation": "is_a", "tail": "desma"}, {"head": "tetractin", "relation": "is_a", "tail": "tetractine"}, {"head": "tetractine", "relation": "is_a", "tail": "spicule"}, {"head": "tetradisc", "relation": "is_a", "tail": "microsclere"}, {"head": "tetrapocillum", "relation": "is_a", "tail": "isochela"}, {"head": "thaumatochela", "relation": "is_a", "tail": "anisochela"}, {"head": "thesocyte", "relation": "is_a", "tail": "archaeocyte"}, {"head": "thraustoxa", "relation": "is_a", "tail": "microsclere"}, {"head": "tignule", "relation": "is_a", "tail": "diactin"}, {"head": "tissue", "relation": "is_a", "tail": "multicellular anatomical structure"}, {"head": "tornote", "relation": "is_a", "tail": "diactine"}, {"head": "tough", "relation": "is_a", "tail": "structural quality"}, {"head": "toxa", "relation": "is_a", "tail": "microsclere"}, {"head": "trab", "relation": "is_a", "tail": "acellular anatomical structure"}, {"head": "trabecular tissue", "relation": "is_a", "tail": "tissue"}, {"head": "tract", "relation": "is_a", "tail": "arrangement of megascleres"}, {"head": "tract cell", "relation": "is_a", "tail": "sponge cell"}, {"head": "transport", "relation": "is_a", "tail": "establishment of localization"}, {"head": "triactin", "relation": "is_a", "tail": "triactine"}, {"head": "triactine", "relation": "is_a", "tail": "spicule"}, {"head": "triaene", "relation": "is_a", "tail": "megasclere"}, {"head": "triaene", "relation": "is_a", "tail": "tetractine"}, {"head": "triaene clad", "relation": "is_a", "tail": "cladome"}, {"head": "triaxone", "relation": "is_a", "tail": "spicule"}, {"head": "trichaster", "relation": "is_a", "tail": "graphicome"}, {"head": "trichimella", "relation": "is_a", "tail": "sponge larva"}, {"head": "trichodragma", "relation": "is_a", "tail": "arrangement of spicules"}, {"head": "trichotriaene", "relation": "is_a", "tail": "triaene"}, {"head": "trichox", "relation": "is_a", "tail": "monaxonic megasclere"}, {"head": "tridentate chela", "relation": "is_a", "tail": "chela"}, {"head": "trider", "relation": "is_a", "tail": "tetraclone"}, {"head": "trifurcate clad", "relation": "is_a", "tail": "clad"}, {"head": "triod", "relation": "is_a", "tail": "triactine"}, {"head": "tripod", "relation": "is_a", "tail": "triod"}, {"head": "trophocyte", "relation": "is_a", "tail": "nurse cell"}, {"head": "truncaster", "relation": "is_a", "tail": "aster"}, {"head": "tuberculate spicule", "relation": "is_a", "tail": "spicule"}, {"head": "tubular", "relation": "is_a", "tail": "morphology"}, {"head": "turbinate", "relation": "is_a", "tail": "morphology"}, {"head": "tylaster", "relation": "is_a", "tail": "aster"}, {"head": "tyle", "relation": "is_a", "tail": "anatomical structure"}, {"head": "tylostyle", "relation": "is_a", "tail": "style"}, {"head": "tylote", "relation": "is_a", "tail": "diactine"}, {"head": "uncinate", "relation": "is_a", "tail": "diactine"}, {"head": "unequal megasclere", "relation": "is_a", "tail": "megasclere"}, {"head": "unguiferous-anchorate chela", "relation": "is_a", "tail": "anchorate chela"}, {"head": "unispicular fiber, tract", "relation": "is_a", "tail": "arrangement of megascleres"}, {"head": "unpaired actine", "relation": "is_a", "tail": "actine ray"}, {"head": "velvety surface", "relation": "is_a", "tail": "sponge surface"}, {"head": "verrucose surface", "relation": "is_a", "tail": "sponge surface"}, {"head": "verticillate", "relation": "is_a", "tail": "spicule"}, {"head": "verticillate acanthostyle", "relation": "is_a", "tail": "acanthostyle"}, {"head": "vesicle organization", "relation": "is_a", "tail": "organelle organization"}, {"head": "vesicle-mediated transport", "relation": "is_a", "tail": "transport"}, {"head": "vesicular", "relation": "is_a", "tail": "morphology"}, {"head": "vestibule", "relation": "is_a", "tail": "inhalant canal"}, {"head": "villose surface", "relation": "is_a", "tail": "sponge surface"}, {"head": "viviparity", "relation": "is_a", "tail": "mode of reproduction"}, {"head": "zygome", "relation": "is_a", "tail": "acellular anatomical structure"}, {"head": "zygosis", "relation": "is_a", "tail": "acellular anatomical structure"}, {"head": "zygote stage", "relation": "is_a", "tail": "embryo stage part"}]