[{"head": "Minute", "relation": "is_a", "tail": "abnormal developmental rate"}, {"head": "abnormal DNA repair", "relation": "is_a", "tail": "abnormal stress response"}, {"head": "abnormal aging", "relation": "is_a", "tail": "phenotype"}, {"head": "abnormal anesthesia-resistant memory", "relation": "is_a", "tail": "abnormal memory"}, {"head": "abnormal auditory perception", "relation": "is_a", "tail": "abnormal sensory perception"}, {"head": "abnormal axis specification", "relation": "is_a", "tail": "phenotype"}, {"head": "abnormal behavior", "relation": "is_a", "tail": "phenotype"}, {"head": "abnormal body color", "relation": "is_a", "tail": "visible"}, {"head": "abnormal body size", "relation": "is_a", "tail": "abnormal size"}, {"head": "abnormal body size", "relation": "is_a", "tail": "visible"}, {"head": "abnormal body weight", "relation": "is_a", "tail": "phenotype"}, {"head": "abnormal cell adhesion", "relation": "is_a", "tail": "phenotype"}, {"head": "abnormal cell cycle", "relation": "is_a", "tail": "phenotype"}, {"head": "abnormal cell death", "relation": "is_a", "tail": "phenotype"}, {"head": "abnormal cell growth", "relation": "is_a", "tail": "phenotype"}, {"head": "abnormal cell migration", "relation": "is_a", "tail": "phenotype"}, {"head": "abnormal cell number", "relation": "is_a", "tail": "phenotype"}, {"head": "abnormal cell polarity", "relation": "is_a", "tail": "phenotype"}, {"head": "abnormal cell shape", "relation": "is_a", "tail": "phenotype"}, {"head": "abnormal cell size", "relation": "is_a", "tail": "phenotype"}, {"head": "abnormal chemosensitive behavior", "relation": "is_a", "tail": "abnormal behavior"}, {"head": "abnormal circadian behavior", "relation": "is_a", "tail": "abnormal behavior"}, {"head": "abnormal circadian behavior", "relation": "is_a", "tail": "abnormal circadian rhythm"}, {"head": "abnormal circadian rhythm", "relation": "is_a", "tail": "phenotype"}, {"head": "abnormal cold stress response", "relation": "is_a", "tail": "abnormal stress response"}, {"head": "abnormal cold stress response", "relation": "is_a", "tail": "abnormal temperature response"}, {"head": "abnormal copulation", "relation": "is_a", "tail": "abnormal mating"}, {"head": "abnormal courtship behavior", "relation": "is_a", "tail": "abnormal mating behavior"}, {"head": "abnormal cytokinesis", "relation": "is_a", "tail": "abnormal cell cycle"}, {"head": "abnormal developmental rate", "relation": "is_a", "tail": "phenotype"}, {"head": "abnormal diapause", "relation": "is_a", "tail": "phenotype"}, {"head": "abnormal dorsal/ventral axis specification", "relation": "is_a", "tail": "abnormal axis specification"}, {"head": "abnormal eclosion", "relation": "is_a", "tail": "phenotype"}, {"head": "abnormal eclosion rhythm", "relation": "is_a", "tail": "abnormal circadian behavior"}, {"head": "abnormal eclosion rhythm", "relation": "is_a", "tail": "abnormal eclosion"}, {"head": "abnormal endomitotic cell cycle", "relation": "is_a", "tail": "abnormal mitotic cell cycle"}, {"head": "abnormal eye color", "relation": "is_a", "tail": "visible"}, {"head": "abnormal feeding behavior", "relation": "is_a", "tail": "abnormal behavior"}, {"head": "abnormal flight", "relation": "is_a", "tail": "phenotype"}, {"head": "abnormal gravitaxis", "relation": "is_a", "tail": "phenotype"}, {"head": "abnormal grooming behavior", "relation": "is_a", "tail": "abnormal behavior"}, {"head": "abnormal hatching behavior", "relation": "is_a", "tail": "abnormal behavior"}, {"head": "abnormal heat stress response", "relation": "is_a", "tail": "abnormal stress response"}, {"head": "abnormal heat stress response", "relation": "is_a", "tail": "abnormal temperature response"}, {"head": "abnormal immune response", "relation": "is_a", "tail": "phenotype"}, {"head": "abnormal jump response", "relation": "is_a", "tail": "abnormal jumping"}, {"head": "abnormal jump response", "relation": "is_a", "tail": "abnormal locomotor behavior"}, {"head": "abnormal jumping", "relation": "is_a", "tail": "abnormal behavior"}, {"head": "abnormal learning", "relation": "is_a", "tail": "abnormal behavior"}, {"head": "abnormal locomotor behavior", "relation": "is_a", "tail": "abnormal behavior"}, {"head": "abnormal locomotor rhythm", "relation": "is_a", "tail": "abnormal circadian behavior"}, {"head": "abnormal locomotor rhythm", "relation": "is_a", "tail": "abnormal locomotor behavior"}, {"head": "abnormal long-term memory", "relation": "is_a", "tail": "abnormal memory"}, {"head": "abnormal mating", "relation": "is_a", "tail": "phenotype"}, {"head": "abnormal mating behavior", "relation": "is_a", "tail": "abnormal behavior"}, {"head": "abnormal mating behavior", "relation": "is_a", "tail": "abnormal mating"}, {"head": "abnormal mating rhythm", "relation": "is_a", "tail": "abnormal circadian behavior"}, {"head": "abnormal mating rhythm", "relation": "is_a", "tail": "abnormal mating behavior"}, {"head": "abnormal medium-term memory", "relation": "is_a", "tail": "abnormal memory"}, {"head": "abnormal meiotic cell cycle", "relation": "is_a", "tail": "abnormal cell cycle"}, {"head": "abnormal memory", "relation": "is_a", "tail": "abnormal behavior"}, {"head": "abnormal mitotic cell cycle", "relation": "is_a", "tail": "abnormal cell cycle"}, {"head": "abnormal neuroanatomy", "relation": "is_a", "tail": "phenotype"}, {"head": "abnormal neurophysiology", "relation": "is_a", "tail": "phenotype"}, {"head": "abnormal optomotor response", "relation": "is_a", "tail": "abnormal visual behavior"}, {"head": "abnormal osmotic stress response", "relation": "is_a", "tail": "abnormal stress response"}, {"head": "abnormal oviposition", "relation": "is_a", "tail": "abnormal behavior"}, {"head": "abnormal oxidative stress response", "relation": "is_a", "tail": "abnormal stress response"}, {"head": "abnormal pain response", "relation": "is_a", "tail": "abnormal stress response"}, {"head": "abnormal phototaxis", "relation": "is_a", "tail": "phenotype"}, {"head": "abnormal planar polarity", "relation": "is_a", "tail": "phenotype"}, {"head": "abnormal proboscis extension reflex", "relation": "is_a", "tail": "abnormal chemosensitive behavior"}, {"head": "abnormal reproductive diapause", "relation": "is_a", "tail": "abnormal diapause"}, {"head": "abnormal sensory perception", "relation": "is_a", "tail": "phenotype"}, {"head": "abnormal sex-determination", "relation": "is_a", "tail": "phenotype"}, {"head": "abnormal short-term memory", "relation": "is_a", "tail": "abnormal memory"}, {"head": "abnormal size", "relation": "is_a", "tail": "phenotype"}, {"head": "abnormal sleep", "relation": "is_a", "tail": "phenotype"}, {"head": "abnormal smell perception", "relation": "is_a", "tail": "abnormal sensory perception"}, {"head": "abnormal song", "relation": "is_a", "tail": "abnormal courtship behavior"}, {"head": "abnormal starvation stress response", "relation": "is_a", "tail": "abnormal stress response"}, {"head": "abnormal stress response", "relation": "is_a", "tail": "phenotype"}, {"head": "abnormal tarsal response", "relation": "is_a", "tail": "abnormal proboscis extension reflex"}, {"head": "abnormal taste perception", "relation": "is_a", "tail": "abnormal sensory perception"}, {"head": "abnormal temperature response", "relation": "is_a", "tail": "phenotype"}, {"head": "abnormal thermotaxis", "relation": "is_a", "tail": "abnormal temperature response"}, {"head": "abnormal touch perception", "relation": "is_a", "tail": "abnormal sensory perception"}, {"head": "abnormal touch response", "relation": "is_a", "tail": "abnormal behavior"}, {"head": "abnormal visual behavior", "relation": "is_a", "tail": "abnormal behavior"}, {"head": "abnormal visual perception", "relation": "is_a", "tail": "abnormal sensory perception"}, {"head": "abnormal wound healing", "relation": "is_a", "tail": "abnormal stress response"}, {"head": "atrophy", "relation": "is_a", "tail": "decreased size"}, {"head": "auxotroph", "relation": "is_a", "tail": "phenotype"}, {"head": "bang sensitive", "relation": "is_a", "tail": "paralytic"}, {"head": "cell lethal", "relation": "is_a", "tail": "phenotype"}, {"head": "chemical resistant", "relation": "is_a", "tail": "phenotype"}, {"head": "chemical sensitive", "relation": "is_a", "tail": "phenotype"}, {"head": "decreased body size", "relation": "is_a", "tail": "abnormal body size"}, {"head": "decreased body size", "relation": "is_a", "tail": "decreased size"}, {"head": "decreased body weight", "relation": "is_a", "tail": "abnormal body weight"}, {"head": "decreased cell death", "relation": "is_a", "tail": "abnormal cell death"}, {"head": "decreased cell growth", "relation": "is_a", "tail": "abnormal cell growth"}, {"head": "decreased cell number", "relation": "is_a", "tail": "abnormal cell number"}, {"head": "decreased cell size", "relation": "is_a", "tail": "abnormal cell size"}, {"head": "decreased fecundity", "relation": "is_a", "tail": "phenotype"}, {"head": "decreased feeding behavior", "relation": "is_a", "tail": "abnormal feeding behavior"}, {"head": "decreased occurrence of cell division", "relation": "is_a", "tail": "phenotype"}, {"head": "decreased rate of cell adhesion", "relation": "is_a", "tail": "abnormal cell adhesion"}, {"head": "decreased rate of phototaxis", "relation": "is_a", "tail": "abnormal phototaxis"}, {"head": "decreased size", "relation": "is_a", "tail": "abnormal size"}, {"head": "decreased sleep", "relation": "is_a", "tail": "abnormal sleep"}, {"head": "delayed aging", "relation": "is_a", "tail": "abnormal aging"}, {"head": "electrophoretic variant", "relation": "is_a", "tail": "phenotype"}, {"head": "embryonic/larval segmentation phenotype", "relation": "is_a", "tail": "phenotype"}, {"head": "enhancer of variegation", "relation": "is_a", "tail": "modifier of variegation"}, {"head": "even pair-rule phenotype", "relation": "is_a", "tail": "pair rule phenotype"}, {"head": "female fertile", "relation": "is_a", "tail": "fertile"}, {"head": "female semi-fertile", "relation": "is_a", "tail": "female fertile"}, {"head": "female semi-fertile", "relation": "is_a", "tail": "semi-fertile"}, {"head": "female semi-sterile", "relation": "is_a", "tail": "semi-sterile"}, {"head": "female sterile", "relation": "is_a", "tail": "sterile"}, {"head": "female sterile germline-dependent", "relation": "is_a", "tail": "female sterile"}, {"head": "female sterile soma-dependent", "relation": "is_a", "tail": "female sterile"}, {"head": "fertile", "relation": "is_a", "tail": "phenotypic class"}, {"head": "flightless", "relation": "is_a", "tail": "abnormal flight"}, {"head": "gap phenotype", "relation": "is_a", "tail": "embryonic/larval segmentation phenotype"}, {"head": "grandchildless", "relation": "is_a", "tail": "phenotype"}, {"head": "homeotic", "relation": "is_a", "tail": "phenotype"}, {"head": "hyperactive", "relation": "is_a", "tail": "phenotype"}, {"head": "hyperplasia", "relation": "is_a", "tail": "increased cell number"}, {"head": "hyperplasia", "relation": "is_a", "tail": "increased size"}, {"head": "hypoactive", "relation": "is_a", "tail": "phenotype"}, {"head": "hypoplasia", "relation": "is_a", "tail": "decreased cell number"}, {"head": "hypoplasia", "relation": "is_a", "tail": "decreased size"}, {"head": "increased body size", "relation": "is_a", "tail": "abnormal body size"}, {"head": "increased body size", "relation": "is_a", "tail": "increased size"}, {"head": "increased body weight", "relation": "is_a", "tail": "abnormal body weight"}, {"head": "increased cell death", "relation": "is_a", "tail": "abnormal cell death"}, {"head": "increased cell growth", "relation": "is_a", "tail": "abnormal cell growth"}, {"head": "increased cell number", "relation": "is_a", "tail": "abnormal cell number"}, {"head": "increased cell size", "relation": "is_a", "tail": "abnormal cell size"}, {"head": "increased fecundity", "relation": "is_a", "tail": "phenotype"}, {"head": "increased feeding behavior", "relation": "is_a", "tail": "abnormal feeding behavior"}, {"head": "increased mortality", "relation": "is_a", "tail": "phenotype"}, {"head": "increased mortality during development", "relation": "is_a", "tail": "increased mortality"}, {"head": "increased occurrence of cell division", "relation": "is_a", "tail": "phenotype"}, {"head": "increased rate of cell adhesion", "relation": "is_a", "tail": "abnormal cell adhesion"}, {"head": "increased rate of phototaxis", "relation": "is_a", "tail": "abnormal phototaxis"}, {"head": "increased size", "relation": "is_a", "tail": "abnormal size"}, {"head": "increased sleep", "relation": "is_a", "tail": "abnormal sleep"}, {"head": "jumpless", "relation": "is_a", "tail": "abnormal jumping"}, {"head": "lethal", "relation": "is_a", "tail": "increased mortality during development"}, {"head": "lethal - all die before end of P-stage", "relation": "is_a", "tail": "lethal"}, {"head": "lethal - all die before end of first instar larval stage", "relation": "is_a", "tail": "lethal - all die before end of second instar larval stage"}, {"head": "lethal - all die before end of larval stage", "relation": "is_a", "tail": "lethal - all die before end of prepupal stage"}, {"head": "lethal - all die before end of prepupal stage", "relation": "is_a", "tail": "lethal - all die before end of pupal stage"}, {"head": "lethal - all die before end of pupal stage", "relation": "is_a", "tail": "lethal - all die before end of P-stage"}, {"head": "lethal - all die before end of second instar larval stage", "relation": "is_a", "tail": "lethal - all die before end of larval stage"}, {"head": "lethal - all die during P-stage", "relation": "is_a", "tail": "lethal - all die before end of P-stage"}, {"head": "lethal - all die during P-stage", "relation": "is_a", "tail": "majority die during P-stage"}, {"head": "lethal - all die during embryonic stage", "relation": "is_a", "tail": "lethal - all die before end of first instar larval stage"}, {"head": "lethal - all die during embryonic stage", "relation": "is_a", "tail": "majority die during embryonic stage"}, {"head": "lethal - all die during first instar larval stage", "relation": "is_a", "tail": "lethal - all die before end of first instar larval stage"}, {"head": "lethal - all die during first instar larval stage", "relation": "is_a", "tail": "lethal - all die during larval stage"}, {"head": "lethal - all die during first instar larval stage", "relation": "is_a", "tail": "majority die during first instar larval stage"}, {"head": "lethal - all die during immature adult stage", "relation": "is_a", "tail": "lethal"}, {"head": "lethal - all die during immature adult stage", "relation": "is_a", "tail": "majority die during immature adult stage"}, {"head": "lethal - all die during larval stage", "relation": "is_a", "tail": "lethal - all die before end of larval stage"}, {"head": "lethal - all die during larval stage", "relation": "is_a", "tail": "majority die during larval stage"}, {"head": "lethal - all die during pharate adult stage", "relation": "is_a", "tail": "lethal - all die during P-stage"}, {"head": "lethal - all die during pharate adult stage", "relation": "is_a", "tail": "majority die during pharate adult stage"}, {"head": "lethal - all die during prepupal stage", "relation": "is_a", "tail": "lethal - all die before end of prepupal stage"}, {"head": "lethal - all die during prepupal stage", "relation": "is_a", "tail": "lethal - all die during P-stage"}, {"head": "lethal - all die during prepupal stage", "relation": "is_a", "tail": "majority die during prepupal stage"}, {"head": "lethal - all die during pupal stage", "relation": "is_a", "tail": "lethal - all die before end of pupal stage"}, {"head": "lethal - all die during pupal stage", "relation": "is_a", "tail": "lethal - all die during P-stage"}, {"head": "lethal - all die during pupal stage", "relation": "is_a", "tail": "majority die during pupal stage"}, {"head": "lethal - all die during second instar larval stage", "relation": "is_a", "tail": "lethal - all die before end of second instar larval stage"}, {"head": "lethal - all die during second instar larval stage", "relation": "is_a", "tail": "lethal - all die during larval stage"}, {"head": "lethal - all die during second instar larval stage", "relation": "is_a", "tail": "majority die during second instar larval stage"}, {"head": "lethal - all die during third instar larval stage", "relation": "is_a", "tail": "lethal - all die during larval stage"}, {"head": "lethal - all die during third instar larval stage", "relation": "is_a", "tail": "majority die during third instar larval stage"}, {"head": "long lived", "relation": "is_a", "tail": "phenotype"}, {"head": "majority die during P-stage", "relation": "is_a", "tail": "some die during P-stage"}, {"head": "majority die during embryonic stage", "relation": "is_a", "tail": "some die during embryonic stage"}, {"head": "majority die during first instar larval stage", "relation": "is_a", "tail": "majority die during larval stage"}, {"head": "majority die during first instar larval stage", "relation": "is_a", "tail": "some die during first instar larval stage"}, {"head": "majority die during immature adult stage", "relation": "is_a", "tail": "some die during immature adult stage"}, {"head": "majority die during larval stage", "relation": "is_a", "tail": "some die during larval stage"}, {"head": "majority die during pharate adult stage", "relation": "is_a", "tail": "majority die during P-stage"}, {"head": "majority die during pharate adult stage", "relation": "is_a", "tail": "some die during pharate adult stage"}, {"head": "majority die during prepupal stage", "relation": "is_a", "tail": "majority die during P-stage"}, {"head": "majority die during prepupal stage", "relation": "is_a", "tail": "some die during prepupal stage"}, {"head": "majority die during pupal stage", "relation": "is_a", "tail": "majority die during P-stage"}, {"head": "majority die during pupal stage", "relation": "is_a", "tail": "some die during pupal stage"}, {"head": "majority die during second instar larval stage", "relation": "is_a", "tail": "majority die during larval stage"}, {"head": "majority die during second instar larval stage", "relation": "is_a", "tail": "some die during second instar larval stage"}, {"head": "majority die during third instar larval stage", "relation": "is_a", "tail": "majority die during larval stage"}, {"head": "majority die during third instar larval stage", "relation": "is_a", "tail": "some die during third instar larval stage"}, {"head": "male fertile", "relation": "is_a", "tail": "fertile"}, {"head": "male semi-fertile", "relation": "is_a", "tail": "male fertile"}, {"head": "male semi-fertile", "relation": "is_a", "tail": "semi-fertile"}, {"head": "male semi-sterile", "relation": "is_a", "tail": "semi-sterile"}, {"head": "male sterile", "relation": "is_a", "tail": "sterile"}, {"head": "male sterile germline-dependent", "relation": "is_a", "tail": "male sterile"}, {"head": "male sterile soma-dependent", "relation": "is_a", "tail": "male sterile"}, {"head": "melanotic mass phenotype", "relation": "is_a", "tail": "phenotype"}, {"head": "melanotic necrosis", "relation": "is_a", "tail": "phenotype"}, {"head": "modifier of variegation", "relation": "is_a", "tail": "phenotype"}, {"head": "neoplasia", "relation": "is_a", "tail": "abnormal size"}, {"head": "neoplasia", "relation": "is_a", "tail": "increased cell number"}, {"head": "neurogenic phenotype", "relation": "is_a", "tail": "phenotype"}, {"head": "non-enhancer of variegation", "relation": "is_a", "tail": "phenotype"}, {"head": "non-suppressor of variegation", "relation": "is_a", "tail": "phenotype"}, {"head": "odd pair-rule phenotype", "relation": "is_a", "tail": "pair rule phenotype"}, {"head": "pair rule phenotype", "relation": "is_a", "tail": "embryonic/larval segmentation phenotype"}, {"head": "paralytic", "relation": "is_a", "tail": "phenotype"}, {"head": "partially lethal", "relation": "is_a", "tail": "increased mortality during development"}, {"head": "partially lethal - majority die", "relation": "is_a", "tail": "partially lethal"}, {"head": "partially lethal - majority live", "relation": "is_a", "tail": "partially lethal"}, {"head": "partially lethal - majority live", "relation": "is_a", "tail": "viable"}, {"head": "phenotype", "relation": "is_a", "tail": "phenotypic class"}, {"head": "photoperiod response variant", "relation": "is_a", "tail": "abnormal behavior"}, {"head": "premature aging", "relation": "is_a", "tail": "abnormal aging"}, {"head": "radiation resistant", "relation": "is_a", "tail": "phenotype"}, {"head": "radiation sensitive", "relation": "is_a", "tail": "phenotype"}, {"head": "segment polarity phenotype", "relation": "is_a", "tail": "embryonic/larval segmentation phenotype"}, {"head": "semi-fertile", "relation": "is_a", "tail": "fertile"}, {"head": "semi-fertile", "relation": "is_a", "tail": "phenotype"}, {"head": "semi-sterile", "relation": "is_a", "tail": "phenotype"}, {"head": "short lived", "relation": "is_a", "tail": "increased mortality"}, {"head": "some die during P-stage", "relation": "is_a", "tail": "increased mortality during development"}, {"head": "some die during embryonic stage", "relation": "is_a", "tail": "increased mortality during development"}, {"head": "some die during first instar larval stage", "relation": "is_a", "tail": "some die during larval stage"}, {"head": "some die during immature adult stage", "relation": "is_a", "tail": "increased mortality during development"}, {"head": "some die during larval stage", "relation": "is_a", "tail": "increased mortality during development"}, {"head": "some die during pharate adult stage", "relation": "is_a", "tail": "some die during P-stage"}, {"head": "some die during prepupal stage", "relation": "is_a", "tail": "some die during P-stage"}, {"head": "some die during pupal stage", "relation": "is_a", "tail": "some die during P-stage"}, {"head": "some die during second instar larval stage", "relation": "is_a", "tail": "some die during larval stage"}, {"head": "some die during third instar larval stage", "relation": "is_a", "tail": "some die during larval stage"}, {"head": "sterile", "relation": "is_a", "tail": "phenotype"}, {"head": "suppressor of variegation", "relation": "is_a", "tail": "modifier of variegation"}, {"head": "terminal phenotype", "relation": "is_a", "tail": "embryonic/larval segmentation phenotype"}, {"head": "uncoordinated", "relation": "is_a", "tail": "abnormal locomotor behavior"}, {"head": "viable", "relation": "is_a", "tail": "phenotypic class"}, {"head": "visible", "relation": "is_a", "tail": "phenotype"}, {"head": "wild-type", "relation": "is_a", "tail": "phenotypic class"}]