[{"head": "1,2-dibromoethane exposure", "relation": "is_a", "tail": "chemical mutagen exposure"}, {"head": "1,2-dibromoethane exposure", "relation": "is_a", "tail": "pesticide exposure"}, {"head": "1,2-dichloroethane exposure", "relation": "is_a", "tail": "chemical mutagen exposure"}, {"head": "1,2:5,6-dibenzanthracene exposure", "relation": "is_a", "tail": "chemical mutagen exposure"}, {"head": "1,4-dimethanesulfonoxy-1:4-dimethylbutane exposure", "relation": "is_a", "tail": "chemical mutagen exposure"}, {"head": "1,4-dimethanesulfonoxybut-2-yne exposure", "relation": "is_a", "tail": "chemical mutagen exposure"}, {"head": "1,4-dimethanesulfonoxybutane exposure", "relation": "is_a", "tail": "chemical mutagen exposure"}, {"head": "1,4-dimethanesulfonoxybutane exposure", "relation": "is_a", "tail": "insecticide exposure"}, {"head": "1,6-dimethylsulfonoxy D-mannitol exposure", "relation": "is_a", "tail": "chemical mutagen exposure"}, {"head": "1,6-dimethylsulfonoxy L-mannitol exposure", "relation": "is_a", "tail": "chemical mutagen exposure"}, {"head": "1-amino-2-naphthol-4-sulfonic acid exposure", "relation": "is_a", "tail": "chemical mutagen exposure"}, {"head": "1-bromo-2-chloroethane exposure", "relation": "is_a", "tail": "chemical mutagen exposure"}, {"head": "1-diethylaminoethylethylamino-4-methyl-thioxanthenone exposure", "relation": "is_a", "tail": "chemical mutagen exposure"}, {"head": "1-naphthaleneacetic acid exposure", "relation": "is_a", "tail": "auxin exposure"}, {"head": "137-Cs or ggr ray exposure", "relation": "is_a", "tail": "ggr ray exposure"}, {"head": "2,4-dichlorophenoxyacetic acid exposure", "relation": "is_a", "tail": "auxin exposure"}, {"head": "2,4-dichlorophenoxyacetic acid exposure", "relation": "is_a", "tail": "herbicide exposure"}, {"head": "2,5,-bisethylene-imine-1,4-benzoquinone exposure", "relation": "is_a", "tail": "chemical mutagen exposure"}, {"head": "2-chloroethyl methanesulfonate exposure", "relation": "is_a", "tail": "chemical mutagen exposure"}, {"head": "2-fluoroethyl methanesulfonate exposure", "relation": "is_a", "tail": "chemical mutagen exposure"}, {"head": "2-methoxyethanol exposure", "relation": "is_a", "tail": "chemical mutagen exposure"}, {"head": "226-Ra or agr ray exposure", "relation": "is_a", "tail": "ggr ray exposure"}, {"head": "252-Cf fission neutrons exposure", "relation": "is_a", "tail": "neutrons exposure"}, {"head": "3-H exposure", "relation": "is_a", "tail": "hydrogen exposure"}, {"head": "3-H exposure", "relation": "is_a", "tail": "radiation quality exposure"}, {"head": "3-H-deoxycytidine exposure", "relation": "is_a", "tail": "radiation quality exposure"}, {"head": "3-H-thymidine exposure", "relation": "is_a", "tail": "radiation quality exposure"}, {"head": "32-P exposure", "relation": "is_a", "tail": "radiation quality exposure"}, {"head": "5-bromouracil exposure", "relation": "is_a", "tail": "chemical mutagen exposure"}, {"head": "5-bromouridine exposure", "relation": "is_a", "tail": "chemical mutagen exposure"}, {"head": "5-methyltryptophan exposure", "relation": "is_a", "tail": "organic chemical exposure"}, {"head": "60-Co or ggr ray exposure", "relation": "is_a", "tail": "ggr ray exposure"}, {"head": "7-bromomethyl 12 methyl benz or agr/anthracine exposure", "relation": "is_a", "tail": "chemical mutagen exposure"}, {"head": "Ac/Ds transposable element exposure", "relation": "is_a", "tail": "transposable element insert exposure"}, {"head": "Achlya conspicua exposure", "relation": "is_a", "tail": "Achlya spp. exposure"}, {"head": "Achlya klebsiana exposure", "relation": "is_a", "tail": "Achlya spp. exposure"}, {"head": "Achlya spp. exposure", "relation": "is_a", "tail": "Stramenopiles exposure"}, {"head": "Alisma plantago-aquatica exposure", "relation": "is_a", "tail": "Liliopsida exposure"}, {"head": "Alternaria padwickii exposure", "relation": "is_a", "tail": "Alternaria spp. exposure"}, {"head": "Alternaria spp. exposure", "relation": "is_a", "tail": "Ascomycota exposure"}, {"head": "Ammannia spp. exposure", "relation": "is_a", "tail": "Eudicotyledon exposure"}, {"head": "Aphelenchoides besseyi exposure", "relation": "is_a", "tail": "Nematoda exposure"}, {"head": "Ascomycota exposure", "relation": "is_a", "tail": "fungal plant exposure"}, {"head": "Athelia rolfsii exposure", "relation": "is_a", "tail": "Basidiomycota exposure"}, {"head": "Aves exposure", "relation": "is_a", "tail": "metazoan plant exposure"}, {"head": "Bacopa spp. exposure", "relation": "is_a", "tail": "Eudicotyledon exposure"}, {"head": "Balansia oryzae-sativae exposure", "relation": "is_a", "tail": "Ascomycota exposure"}, {"head": "Basidiomycota exposure", "relation": "is_a", "tail": "fungal plant exposure"}, {"head": "Bevatron irradiation exposure", "relation": "is_a", "tail": "radiation quality exposure"}, {"head": "Bovinae exposure", "relation": "is_a", "tail": "Mammalia exposure"}, {"head": "Ceratobasidium oryzae-sativae exposure", "relation": "is_a", "tail": "Basidiomycota exposure"}, {"head": "Chilo exposure", "relation": "is_a", "tail": "Lepidoptera exposure"}, {"head": "Chilo polychrysus exposure", "relation": "is_a", "tail": "Chilo exposure"}, {"head": "Chilo suppressalis exposure", "relation": "is_a", "tail": "Chilo exposure"}, {"head": "Cnaphalocrocis medinalis exposure", "relation": "is_a", "tail": "Lepidoptera exposure"}, {"head": "Cochliobolus lunatus exposure", "relation": "is_a", "tail": "Cochliobolus spp. exposure"}, {"head": "Cochliobolus miyabeanus exposure", "relation": "is_a", "tail": "Cochliobolus spp. exposure"}, {"head": "Cochliobolus spp. exposure", "relation": "is_a", "tail": "Ascomycota exposure"}, {"head": "Coleoptera exposure", "relation": "is_a", "tail": "insect plant exposure"}, {"head": "Cylindrocladium scoparium exposure", "relation": "is_a", "tail": "Ascomycota exposure"}, {"head": "Cyperus difformis exposure", "relation": "is_a", "tail": "Cyperus spp. exposure"}, {"head": "Cyperus iria exposure", "relation": "is_a", "tail": "Cyperus spp. exposure"}, {"head": "Cyperus spp. exposure", "relation": "is_a", "tail": "Liliopsida exposure"}, {"head": "DNA exposure", "relation": "is_a", "tail": "chemical mutagen exposure"}, {"head": "Dicladispa armigera exposure", "relation": "is_a", "tail": "Coleoptera exposure"}, {"head": "Diopsis macrophthalma exposure", "relation": "is_a", "tail": "Dipteran insect plant exposure"}, {"head": "Dipteran insect plant exposure", "relation": "is_a", "tail": "insect plant exposure"}, {"head": "Ditylenchus angustus exposure", "relation": "is_a", "tail": "Nematoda exposure"}, {"head": "Drechslera gigantea exposure", "relation": "is_a", "tail": "Ascomycota exposure"}, {"head": "Echinochloa crus-galli exposure", "relation": "is_a", "tail": "Echinochloa spp. exposure"}, {"head": "Echinochloa glabrescens exposure", "relation": "is_a", "tail": "Echinochloa spp. exposure"}, {"head": "Echinochloa spp. exposure", "relation": "is_a", "tail": "Liliopsida exposure"}, {"head": "Echinodorus berteroi exposure", "relation": "is_a", "tail": "Echinodorus spp. exposure"}, {"head": "Echinodorus cordifolius exposure", "relation": "is_a", "tail": "Echinodorus spp. exposure"}, {"head": "Echinodorus spp. exposure", "relation": "is_a", "tail": "Liliopsida exposure"}, {"head": "Entyloma oryzae exposure", "relation": "is_a", "tail": "Basidiomycota exposure"}, {"head": "Erwinia chrysanthemi exposure", "relation": "is_a", "tail": "Erwinia plant exposure"}, {"head": "Erwinia herbicola exposure", "relation": "is_a", "tail": "Erwinia plant exposure"}, {"head": "Erwinia plant exposure", "relation": "is_a", "tail": "bacterial plant exposure"}, {"head": "Eudicotyledon exposure", "relation": "is_a", "tail": "Viridiplantae plant exposure"}, {"head": "Eysarcoris trimaculatus exposure", "relation": "is_a", "tail": "Hemiptera insect plant exposure"}, {"head": "Fusarium exposure", "relation": "is_a", "tail": "Gibberella spp. exposure"}, {"head": "Gaeumannomyces graminis exposure", "relation": "is_a", "tail": "Ascomycota exposure"}, {"head": "Gerlachia oryzae exposure", "relation": "is_a", "tail": "Ascomycota exposure"}, {"head": "Gibberella fujikuroi exposure", "relation": "is_a", "tail": "Fusarium exposure"}, {"head": "Gibberella spp. exposure", "relation": "is_a", "tail": "Ascomycota exposure"}, {"head": "Gibberella zeae exposure", "relation": "is_a", "tail": "Fusarium exposure"}, {"head": "Glomeromycota exposure", "relation": "is_a", "tail": "fungal plant exposure"}, {"head": "Hemiptera insect plant exposure", "relation": "is_a", "tail": "insect plant exposure"}, {"head": "Heteranthera limosa exposure", "relation": "is_a", "tail": "Liliopsida exposure"}, {"head": "Hirschmaniella caudacrena exposure", "relation": "is_a", "tail": "Hirschmaniella spp. exposure"}, {"head": "Hirschmaniella imamuri exposure", "relation": "is_a", "tail": "Hirschmaniella spp. exposure"}, {"head": "Hirschmaniella mucronata exposure", "relation": "is_a", "tail": "Hirschmaniella spp. exposure"}, {"head": "Hirschmaniella oryzae exposure", "relation": "is_a", "tail": "Hirschmaniella spp. exposure"}, {"head": "Hirschmaniella spinicaudata exposure", "relation": "is_a", "tail": "Hirschmaniella spp. exposure"}, {"head": "Hirschmaniella spp. exposure", "relation": "is_a", "tail": "Nematoda exposure"}, {"head": "Hoagland solution exposure", "relation": "is_a", "tail": "hydroponic plant culture media exposure"}, {"head": "Hydrellia philippina exposure", "relation": "is_a", "tail": "Dipteran insect plant exposure"}, {"head": "Hymenoptera insect plant exposure", "relation": "is_a", "tail": "insect plant exposure"}, {"head": "ICR 100 exposure", "relation": "is_a", "tail": "chemical mutagen exposure"}, {"head": "ICR 170 exposure", "relation": "is_a", "tail": "chemical mutagen exposure"}, {"head": "IR light exposure", "relation": "is_a", "tail": "light exposure"}, {"head": "Janus green B exposure", "relation": "is_a", "tail": "chemical mutagen exposure"}, {"head": "Janus green B exposure", "relation": "is_a", "tail": "salt exposure"}, {"head": "Lepidoptera exposure", "relation": "is_a", "tail": "insect plant exposure"}, {"head": "Leptochloa fascicularis exposure", "relation": "is_a", "tail": "Liliopsida exposure"}, {"head": "Leptocorisa oratorius exposure", "relation": "is_a", "tail": "Hemiptera insect plant exposure"}, {"head": "Liliopsida exposure", "relation": "is_a", "tail": "Viridiplantae plant exposure"}, {"head": "MTA nitrogen exposure", "relation": "is_a", "tail": "nitrogen macronutrient exposure"}, {"head": "Magnaporthe grisea exposure", "relation": "is_a", "tail": "Magnaporthe spp. exposure"}, {"head": "Magnaporthe salvinii exposure", "relation": "is_a", "tail": "Magnaporthe spp. exposure"}, {"head": "Magnaporthe spp. exposure", "relation": "is_a", "tail": "Ascomycota exposure"}, {"head": "Maliarpha separatella exposure", "relation": "is_a", "tail": "Lepidoptera exposure"}, {"head": "Mammalia exposure", "relation": "is_a", "tail": "metazoan plant exposure"}, {"head": "Marasmia patnalis exposure", "relation": "is_a", "tail": "Lepidoptera exposure"}, {"head": "Meloidogyne arenaria exposure", "relation": "is_a", "tail": "Meloidogyne spp. exposure"}, {"head": "Meloidogyne graminicola exposure", "relation": "is_a", "tail": "Meloidogyne spp. exposure"}, {"head": "Meloidogyne incognita exposure", "relation": "is_a", "tail": "Meloidogyne spp. exposure"}, {"head": "Meloidogyne javanica exposure", "relation": "is_a", "tail": "Meloidogyne spp. exposure"}, {"head": "Meloidogyne oryzae exposure", "relation": "is_a", "tail": "Meloidogyne spp. exposure"}, {"head": "Meloidogyne salasi exposure", "relation": "is_a", "tail": "Meloidogyne spp. exposure"}, {"head": "Meloidogyne spp. exposure", "relation": "is_a", "tail": "Nematoda exposure"}, {"head": "Microdochium oryzae exposure", "relation": "is_a", "tail": "Ascomycota exposure"}, {"head": "Mollusca exposure", "relation": "is_a", "tail": "metazoan plant exposure"}, {"head": "Monochoria vaginalis exposure", "relation": "is_a", "tail": "Liliopsida exposure"}, {"head": "Mycoplasma exposure", "relation": "is_a", "tail": "biotic plant exposure"}, {"head": "Mycovellosiella oryzae exposure", "relation": "is_a", "tail": "Ascomycota exposure"}, {"head": "N-methyl-N'-nitro-N-nitrosoguanidine exposure", "relation": "is_a", "tail": "chemical mutagen exposure"}, {"head": "N-nitrosodimethylamine exposure", "relation": "is_a", "tail": "chemical mutagen exposure"}, {"head": "NPK fertilizer exposure", "relation": "is_a", "tail": "nitrogen fertilizer exposure"}, {"head": "NPK fertilizer exposure", "relation": "is_a", "tail": "phosphate fertilizer exposure"}, {"head": "Nematoda exposure", "relation": "is_a", "tail": "metazoan plant exposure"}, {"head": "Nephotettix spp exposure", "relation": "is_a", "tail": "Hemiptera insect plant exposure"}, {"head": "Nilaparvata lugens exposure", "relation": "is_a", "tail": "Hemiptera insect plant exposure"}, {"head": "Nymphula depunctalis exposure", "relation": "is_a", "tail": "Lepidoptera exposure"}, {"head": "Oebalus pugnax exposure", "relation": "is_a", "tail": "Hemiptera insect plant exposure"}, {"head": "Orseolia oryzae exposure", "relation": "is_a", "tail": "Dipteran insect plant exposure"}, {"head": "Pelopidas mathias exposure", "relation": "is_a", "tail": "Lepidoptera exposure"}, {"head": "Phoma sorghina exposure", "relation": "is_a", "tail": "Ascomycota exposure"}, {"head": "Phomopsis oryzae-sativae exposure", "relation": "is_a", "tail": "Ascomycota exposure"}, {"head": "Pomacea canaliculata exposure", "relation": "is_a", "tail": "Mollusca exposure"}, {"head": "Pseudaletia separata exposure", "relation": "is_a", "tail": "Pseudaletia spp. exposure"}, {"head": "Pseudaletia spp. exposure", "relation": "is_a", "tail": "Lepidoptera exposure"}, {"head": "Pseudaletia unipuncta exposure", "relation": "is_a", "tail": "Pseudaletia spp. exposure"}, {"head": "Pseudomonas avenae exposure", "relation": "is_a", "tail": "Pseudomonas plant exposure"}, {"head": "Pseudomonas fluorescens exposure", "relation": "is_a", "tail": "Pseudomonas plant exposure"}, {"head": "Pseudomonas fuscovaginae exposure", "relation": "is_a", "tail": "Pseudomonas plant exposure"}, {"head": "Pseudomonas glumae exposure", "relation": "is_a", "tail": "Pseudomonas plant exposure"}, {"head": "Pseudomonas plant exposure", "relation": "is_a", "tail": "bacterial plant exposure"}, {"head": "Pseudomonas plantarii exposure", "relation": "is_a", "tail": "Pseudomonas plant exposure"}, {"head": "Pseudomonas syringae plant exposure", "relation": "is_a", "tail": "Pseudomonas plant exposure"}, {"head": "Pseudomonas syringae pv. panici exposure", "relation": "is_a", "tail": "Pseudomonas syringae plant exposure"}, {"head": "Pyrenochaeta oryzae exposure", "relation": "is_a", "tail": "Ascomycota exposure"}, {"head": "Pythium arrhenomanes exposure", "relation": "is_a", "tail": "Pythium spp. exposure"}, {"head": "Pythium catenulatum exposure", "relation": "is_a", "tail": "Pythium spp. exposure"}, {"head": "Pythium dissotocum exposure", "relation": "is_a", "tail": "Pythium spp. exposure"}, {"head": "Pythium graminicola exposure", "relation": "is_a", "tail": "Pythium spp. exposure"}, {"head": "Pythium irregulare exposure", "relation": "is_a", "tail": "Pythium spp. exposure"}, {"head": "Pythium myriotylum exposure", "relation": "is_a", "tail": "Pythium spp. exposure"}, {"head": "Pythium spinosum exposure", "relation": "is_a", "tail": "Pythium spp. exposure"}, {"head": "Pythium spp. exposure", "relation": "is_a", "tail": "Stramenopiles exposure"}, {"head": "Recilia dorsalis exposure", "relation": "is_a", "tail": "Hemiptera insect plant exposure"}, {"head": "Rhizoctonia oryzae exposure", "relation": "is_a", "tail": "Basidiomycota exposure"}, {"head": "Rodentia exposure", "relation": "is_a", "tail": "Mammalia exposure"}, {"head": "Rupela albinella exposure", "relation": "is_a", "tail": "Lepidoptera exposure"}, {"head": "S-2-chloroethylcysteine exposure", "relation": "is_a", "tail": "chemical mutagen exposure"}, {"head": "Sagittaria longiloba exposure", "relation": "is_a", "tail": "Sagittaria spp. exposure"}, {"head": "Sagittaria montevidensis exposure", "relation": "is_a", "tail": "Sagittaria spp. exposure"}, {"head": "Sagittaria spp. exposure", "relation": "is_a", "tail": "Liliopsida exposure"}, {"head": "Sarocladium oryzae exposure", "relation": "is_a", "tail": "Ascomycota exposure"}, {"head": "Scirpophaga incertulas exposure", "relation": "is_a", "tail": "Scirpophaga spp. exposure"}, {"head": "Scirpophaga innotata exposure", "relation": "is_a", "tail": "Scirpophaga spp. exposure"}, {"head": "Scirpophaga spp. exposure", "relation": "is_a", "tail": "Lepidoptera exposure"}, {"head": "Scirpus fluviatilis exposure", "relation": "is_a", "tail": "Scirpus spp. exposure"}, {"head": "Scirpus mucronatus exposure", "relation": "is_a", "tail": "Scirpus spp. exposure"}, {"head": "Scirpus spp. exposure", "relation": "is_a", "tail": "Liliopsida exposure"}, {"head": "Sclerospora graminicola exposure", "relation": "is_a", "tail": "Sclerospora spp. exposure"}, {"head": "Sclerospora macrospora exposure", "relation": "is_a", "tail": "Sclerospora spp. exposure"}, {"head": "Sclerospora spp. exposure", "relation": "is_a", "tail": "Stramenopiles exposure"}, {"head": "Sesamia inferens exposure", "relation": "is_a", "tail": "Lepidoptera exposure"}, {"head": "Sogatella furcifera exposure", "relation": "is_a", "tail": "Hemiptera insect plant exposure"}, {"head": "Sogatodes oryzicola exposure", "relation": "is_a", "tail": "Hemiptera insect plant exposure"}, {"head": "Sphaerulina oryzina exposure", "relation": "is_a", "tail": "Ascomycota exposure"}, {"head": "Spodoptera litura exposure", "relation": "is_a", "tail": "Spodoptera spp. exposure"}, {"head": "Spodoptera mauritia exposure", "relation": "is_a", "tail": "Spodoptera spp. exposure"}, {"head": "Spodoptera praefica exposure", "relation": "is_a", "tail": "Spodoptera spp. exposure"}, {"head": "Spodoptera spp. exposure", "relation": "is_a", "tail": "Lepidoptera exposure"}, {"head": "Stenchaetothrips biformis exposure", "relation": "is_a", "tail": "Thysanoptera exposure"}, {"head": "Stramenopiles exposure", "relation": "is_a", "tail": "biotic plant exposure"}, {"head": "T-DNA insert exposure", "relation": "is_a", "tail": "DNA exposure"}, {"head": "Thanatephorus cucumeris exposure", "relation": "is_a", "tail": "Basidiomycota exposure"}, {"head": "Thysanoptera exposure", "relation": "is_a", "tail": "insect plant exposure"}, {"head": "Tilletia barclayana exposure", "relation": "is_a", "tail": "Basidiomycota exposure"}, {"head": "Tos-17 transposable element exposure", "relation": "is_a", "tail": "transposable element insert exposure"}, {"head": "Typha spp. exposure", "relation": "is_a", "tail": "Liliopsida exposure"}, {"head": "UV light exposure", "relation": "is_a", "tail": "light exposure"}, {"head": "UV-A light exposure", "relation": "is_a", "tail": "UV light exposure"}, {"head": "UV-B light exposure", "relation": "is_a", "tail": "UV light exposure"}, {"head": "UV-C light exposure", "relation": "is_a", "tail": "UV light exposure"}, {"head": "Ustilaginoidea virens exposure", "relation": "is_a", "tail": "Ascomycota exposure"}, {"head": "Viridiplantae plant exposure", "relation": "is_a", "tail": "biotic plant exposure"}, {"head": "X-ray exposure", "relation": "is_a", "tail": "radiation quality exposure"}, {"head": "Xanthomonas oryzae exposure", "relation": "is_a", "tail": "Xanthomonas plant exposure"}, {"head": "Xanthomonas oryzae pv. oryzae exposure", "relation": "is_a", "tail": "Xanthomonas oryzae exposure"}, {"head": "Xanthomonas oryzae pv. oryzicola exposure", "relation": "is_a", "tail": "Xanthomonas oryzae exposure"}, {"head": "Xanthomonas plant exposure", "relation": "is_a", "tail": "bacterial plant exposure"}, {"head": "abiotic plant exposure", "relation": "is_a", "tail": "plant exposure"}, {"head": "abnormal stratification exposure", "relation": "is_a", "tail": "stratification exposure"}, {"head": "abscisic acid exposure", "relation": "is_a", "tail": "growth hormone exposure"}, {"head": "acidic pH growth media environment exposure", "relation": "is_a", "tail": "pH exposure"}, {"head": "acidic pH soil environment exposure", "relation": "is_a", "tail": "acidic pH growth media environment exposure"}, {"head": "acidic pH soil environment exposure", "relation": "is_a", "tail": "soil pH environment exposure"}, {"head": "actinomycin D exposure", "relation": "is_a", "tail": "antibiotic exposure"}, {"head": "actinomycin D exposure", "relation": "is_a", "tail": "chemical mutagen exposure"}, {"head": "aerobic environment exposure", "relation": "is_a", "tail": "gaseous exposure"}, {"head": "agar growth medium exposure", "relation": "is_a", "tail": "in vitro solid growth medium exposure"}, {"head": "agr ray exposure", "relation": "is_a", "tail": "radiation quality exposure"}, {"head": "air temperature exposure", "relation": "is_a", "tail": "temperature environment exposure"}, {"head": "air temperature exposure", "relation": "is_a", "tail": "wind environment exposure"}, {"head": "alanine nitrogen exposure", "relation": "is_a", "tail": "nitrogen macronutrient exposure"}, {"head": "altitude exposure", "relation": "is_a", "tail": "ecological environment exposure"}, {"head": "aluminum nutrient exposure", "relation": "is_a", "tail": "other nutrient exposure"}, {"head": "aminopterin exposure", "relation": "is_a", "tail": "chemical mutagen exposure"}, {"head": "ammonium exposure", "relation": "is_a", "tail": "inorganic cation exposure"}, {"head": "ammonium nitrate exposure", "relation": "is_a", "tail": "nitrate exposure"}, {"head": "ammonium nitrate exposure", "relation": "is_a", "tail": "salt exposure"}, {"head": "ammonium sulfate exposure", "relation": "is_a", "tail": "nitrogen fertilizer exposure"}, {"head": "ammonium sulfate exposure", "relation": "is_a", "tail": "salt exposure"}, {"head": "ammonium sulfate exposure", "relation": "is_a", "tail": "sulfate fertilizer exposure"}, {"head": "anaerobic environment exposure", "relation": "is_a", "tail": "gaseous exposure"}, {"head": "antibiotic exposure", "relation": "is_a", "tail": "chemical exposure"}, {"head": "arbuscular mycorrhizal fungal exposure", "relation": "is_a", "tail": "Glomeromycota exposure"}, {"head": "arginine nitrogen exposure", "relation": "is_a", "tail": "nitrogen macronutrient exposure"}, {"head": "arid region exposure", "relation": "is_a", "tail": "desert like region exposure"}, {"head": "atmospheric pressure exposure", "relation": "is_a", "tail": "ecological environment exposure"}, {"head": "autumn season exposure", "relation": "is_a", "tail": "seasonal environment exposure"}, {"head": "auxin exposure", "relation": "is_a", "tail": "growth hormone exposure"}, {"head": "bacterial plant exposure", "relation": "is_a", "tail": "biotic plant exposure"}, {"head": "barley yellow dwarf virus exposure", "relation": "is_a", "tail": "ssRNA positive-strand virus with no DNA stage exposure"}, {"head": "basic pH growth media environment exposure", "relation": "is_a", "tail": "pH exposure"}, {"head": "basic pH soil environment exposure", "relation": "is_a", "tail": "basic pH growth media environment exposure"}, {"head": "basic pH soil environment exposure", "relation": "is_a", "tail": "soil pH environment exposure"}, {"head": "benzo (or agr)pyrene exposure", "relation": "is_a", "tail": "chemical mutagen exposure"}, {"head": "benzothiadiazole exposure", "relation": "is_a", "tail": "fungicide exposure"}, {"head": "benzyladenine exposure", "relation": "is_a", "tail": "cytokinin exposure"}, {"head": "biotic plant exposure", "relation": "is_a", "tail": "plant exposure"}, {"head": "blue light exposure", "relation": "is_a", "tail": "visible light exposure"}, {"head": "bone meal exposure", "relation": "is_a", "tail": "natural fertilizer exposure"}, {"head": "boric acid exposure", "relation": "is_a", "tail": "chemical mutagen exposure"}, {"head": "boron nutrient exposure", "relation": "is_a", "tail": "micronutrient exposure"}, {"head": "brassinosteroid exposure", "relation": "is_a", "tail": "growth hormone exposure"}, {"head": "cadmium chloride exposure", "relation": "is_a", "tail": "cadmium exposure"}, {"head": "cadmium exposure", "relation": "is_a", "tail": "inorganic cation exposure"}, {"head": "cadmium exposure", "relation": "is_a", "tail": "mineral exposure"}, {"head": "caffeine exposure", "relation": "is_a", "tail": "chemical mutagen exposure"}, {"head": "calcium carbonate exposure", "relation": "is_a", "tail": "salt exposure"}, {"head": "calcium nitrate exposure", "relation": "is_a", "tail": "nitrate exposure"}, {"head": "calcium nitrate exposure", "relation": "is_a", "tail": "salt exposure"}, {"head": "calcium nutrient exposure", "relation": "is_a", "tail": "secondary macronutrient exposure"}, {"head": "carbohydrate exposure", "relation": "is_a", "tail": "organic chemical exposure"}, {"head": "carbon dioxide exposure", "relation": "is_a", "tail": "inorganic gas exposure"}, {"head": "carbon nutrient exposure", "relation": "is_a", "tail": "non-mineral nutrient exposure"}, {"head": "castor meal exposure", "relation": "is_a", "tail": "natural fertilizer exposure"}, {"head": "cerebroside elicitor exposure", "relation": "is_a", "tail": "fungal elicitor exposure"}, {"head": "chemical exposure", "relation": "is_a", "tail": "abiotic plant exposure"}, {"head": "chemical fertilizer exposure", "relation": "is_a", "tail": "fertilizer exposure"}, {"head": "chemical mutagen exposure", "relation": "is_a", "tail": "chemical exposure"}, {"head": "chemical stress exposure", "relation": "is_a", "tail": "chemical exposure"}, {"head": "chlorine nutrient exposure", "relation": "is_a", "tail": "micronutrient exposure"}, {"head": "chromium nutrient exposure", "relation": "is_a", "tail": "other nutrient exposure"}, {"head": "cisplatin exposure", "relation": "is_a", "tail": "chemical mutagen exposure"}, {"head": "clay content exposure", "relation": "is_a", "tail": "soil texture exposure"}, {"head": "clay soil exposure", "relation": "is_a", "tail": "soil type exposure"}, {"head": "cobalt nutrient exposure", "relation": "is_a", "tail": "other nutrient exposure"}, {"head": "colchicine exposure", "relation": "is_a", "tail": "chemical mutagen exposure"}, {"head": "cold air temperature exposure", "relation": "is_a", "tail": "air temperature exposure"}, {"head": "cold air temperature exposure", "relation": "is_a", "tail": "cold temperature exposure"}, {"head": "cold temperature exposure", "relation": "is_a", "tail": "temperature environment exposure"}, {"head": "cold water temperature exposure", "relation": "is_a", "tail": "cold temperature exposure"}, {"head": "cold water temperature exposure", "relation": "is_a", "tail": "water temperature exposure"}, {"head": "continuous dark (no light) exposure", "relation": "is_a", "tail": "light quantity exposure"}, {"head": "continuous light exposure", "relation": "is_a", "tail": "light quantity exposure"}, {"head": "control exposure", "relation": "is_a", "tail": "plant exposure"}, {"head": "copper nutrient exposure", "relation": "is_a", "tail": "micronutrient exposure"}, {"head": "cupric sulfate exposure", "relation": "is_a", "tail": "chemical mutagen exposure"}, {"head": "cupric sulfate exposure", "relation": "is_a", "tail": "fertilizer exposure"}, {"head": "cupric sulfate exposure", "relation": "is_a", "tail": "salt exposure"}, {"head": "cytokinin exposure", "relation": "is_a", "tail": "growth hormone exposure"}, {"head": "day light exposure", "relation": "is_a", "tail": "intermittent light exposure"}, {"head": "day light intensity exposure", "relation": "is_a", "tail": "light intensity exposure"}, {"head": "desert like region exposure", "relation": "is_a", "tail": "ecological environment exposure"}, {"head": "deuteron irradiation exposure", "relation": "is_a", "tail": "radiation quality exposure"}, {"head": "dibromothymoquinone exposure", "relation": "is_a", "tail": "herbicide exposure"}, {"head": "diepoxybutane exposure", "relation": "is_a", "tail": "chemical mutagen exposure"}, {"head": "diepoxyoctane exposure", "relation": "is_a", "tail": "chemical mutagen exposure"}, {"head": "diethyl sulfate exposure", "relation": "is_a", "tail": "chemical mutagen exposure"}, {"head": "dimethyl sulfoxide exposure", "relation": "is_a", "tail": "chemical mutagen exposure"}, {"head": "disaccharide exposure", "relation": "is_a", "tail": "carbohydrate exposure"}, {"head": "diuron exposure", "relation": "is_a", "tail": "herbicide exposure"}, {"head": "drought environment exposure", "relation": "is_a", "tail": "water environment exposure"}, {"head": "dry season exposure", "relation": "is_a", "tail": "seasonal environment exposure"}, {"head": "dsRNA virus exposure", "relation": "is_a", "tail": "virus plant exposure"}, {"head": "ecological environment exposure", "relation": "is_a", "tail": "plant exposure"}, {"head": "elevated carbon dioxide exposure", "relation": "is_a", "tail": "carbon dioxide exposure"}, {"head": "ethyl ether exposure", "relation": "is_a", "tail": "chemical mutagen exposure"}, {"head": "ethyl methanesulfonate exposure", "relation": "is_a", "tail": "chemical mutagen exposure"}, {"head": "ethyl nitrosourea exposure", "relation": "is_a", "tail": "chemical mutagen exposure"}, {"head": "ethylene exposure", "relation": "is_a", "tail": "growth hormone exposure"}, {"head": "ethylene exposure", "relation": "is_a", "tail": "organic gas exposure"}, {"head": "ethylene oxide exposure", "relation": "is_a", "tail": "chemical mutagen exposure"}, {"head": "ethylenimine exposure", "relation": "is_a", "tail": "chemical mutagen exposure"}, {"head": "ethylphosphine exposure", "relation": "is_a", "tail": "herbicide exposure"}, {"head": "fagaronine exposure", "relation": "is_a", "tail": "chemical mutagen exposure"}, {"head": "far infra-red light exposure", "relation": "is_a", "tail": "IR light exposure"}, {"head": "far red light exposure", "relation": "is_a", "tail": "light exposure"}, {"head": "ferrous sulfate exposure", "relation": "is_a", "tail": "salt exposure"}, {"head": "ferrous sulfate exposure", "relation": "is_a", "tail": "sulfate fertilizer exposure"}, {"head": "fertilizer exposure", "relation": "is_a", "tail": "plant nutrient exposure"}, {"head": "field study", "relation": "is_a", "tail": "study type"}, {"head": "fish meal exposure", "relation": "is_a", "tail": "natural fertilizer exposure"}, {"head": "flood prone region exposure", "relation": "is_a", "tail": "ecological environment exposure"}, {"head": "flood water exposure", "relation": "is_a", "tail": "standing water exposure"}, {"head": "fluorine nutrient exposure", "relation": "is_a", "tail": "other nutrient exposure"}, {"head": "formaldehyde exposure", "relation": "is_a", "tail": "antibiotic exposure"}, {"head": "formaldehyde exposure", "relation": "is_a", "tail": "chemical mutagen exposure"}, {"head": "freezing air temperature exposure", "relation": "is_a", "tail": "cold air temperature exposure"}, {"head": "freezing water temperature exposure", "relation": "is_a", "tail": "cold water temperature exposure"}, {"head": "fungal elicitor exposure", "relation": "is_a", "tail": "chemical exposure"}, {"head": "fungal plant exposure", "relation": "is_a", "tail": "biotic plant exposure"}, {"head": "fungicide exposure", "relation": "is_a", "tail": "antibiotic exposure"}, {"head": "fungicide exposure", "relation": "is_a", "tail": "pesticide exposure"}, {"head": "gamma radiation exposure", "relation": "is_a", "tail": "radiation quality exposure"}, {"head": "gaseous exposure", "relation": "is_a", "tail": "physical plant exposure"}, {"head": "ggr ray exposure", "relation": "is_a", "tail": "radiation quality exposure"}, {"head": "gibberellic acid exposure", "relation": "is_a", "tail": "growth hormone exposure"}, {"head": "glucose exposure", "relation": "is_a", "tail": "hexose exposure"}, {"head": "glutamate nitrogen exposure", "relation": "is_a", "tail": "nitrogen macronutrient exposure"}, {"head": "glutamine nitrogen exposure", "relation": "is_a", "tail": "nitrogen macronutrient exposure"}, {"head": "gravity exposure", "relation": "is_a", "tail": "physical plant exposure"}, {"head": "green light exposure", "relation": "is_a", "tail": "visible light exposure"}, {"head": "green manure exposure", "relation": "is_a", "tail": "natural fertilizer exposure"}, {"head": "greenhouse study", "relation": "is_a", "tail": "study type"}, {"head": "growth chamber study", "relation": "is_a", "tail": "study type"}, {"head": "growth hormone exposure", "relation": "is_a", "tail": "chemical exposure"}, {"head": "herbicide exposure", "relation": "is_a", "tail": "pesticide exposure"}, {"head": "hesperidine exposure", "relation": "is_a", "tail": "chemical mutagen exposure"}, {"head": "hexamethylmelamine exposure", "relation": "is_a", "tail": "chemical mutagen exposure"}, {"head": "hexamethylphosphoramide exposure", "relation": "is_a", "tail": "chemical mutagen exposure"}, {"head": "hexamethylphosphoramide exposure", "relation": "is_a", "tail": "insecticide exposure"}, {"head": "hexose exposure", "relation": "is_a", "tail": "monosaccharide exposure"}, {"head": "high light intensity exposure", "relation": "is_a", "tail": "light intensity exposure"}, {"head": "humidity exposure", "relation": "is_a", "tail": "water environment exposure"}, {"head": "hycanthon methanesulfonate exposure", "relation": "is_a", "tail": "chemical mutagen exposure"}, {"head": "hydrogen exposure", "relation": "is_a", "tail": "non-mineral nutrient exposure"}, {"head": "hydrogen peroxide exposure", "relation": "is_a", "tail": "antibiotic exposure"}, {"head": "hydrogen peroxide exposure", "relation": "is_a", "tail": "peroxide exposure"}, {"head": "hydroponic plant culture media exposure", "relation": "is_a", "tail": "plant growth medium exposure"}, {"head": "hygromycin exposure", "relation": "is_a", "tail": "antibiotic exposure"}, {"head": "imidazolinone exposure", "relation": "is_a", "tail": "herbicide exposure"}, {"head": "in vitro growth medium exposure", "relation": "is_a", "tail": "plant growth medium exposure"}, {"head": "in vitro liquid growth medium exposure", "relation": "is_a", "tail": "in vitro growth medium exposure"}, {"head": "in vitro solid growth medium exposure", "relation": "is_a", "tail": "in vitro growth medium exposure"}, {"head": "indigo light exposure", "relation": "is_a", "tail": "visible light exposure"}, {"head": "indole acetic acid exposure", "relation": "is_a", "tail": "auxin exposure"}, {"head": "inorganic anion exposure", "relation": "is_a", "tail": "inorganic chemical exposure"}, {"head": "inorganic cation exposure", "relation": "is_a", "tail": "inorganic chemical exposure"}, {"head": "inorganic chemical exposure", "relation": "is_a", "tail": "chemical exposure"}, {"head": "inorganic gas exposure", "relation": "is_a", "tail": "inorganic chemical exposure"}, {"head": "insect plant exposure", "relation": "is_a", "tail": "metazoan plant exposure"}, {"head": "insecticide exposure", "relation": "is_a", "tail": "pesticide exposure"}, {"head": "intermittent light exposure", "relation": "is_a", "tail": "light quantity exposure"}, {"head": "iodine exposure", "relation": "is_a", "tail": "chemical mutagen exposure"}, {"head": "iodine nutrient exposure", "relation": "is_a", "tail": "other nutrient exposure"}, {"head": "iron nutrient exposure", "relation": "is_a", "tail": "micronutrient exposure"}, {"head": "irrigated land region exposure", "relation": "is_a", "tail": "ecological environment exposure"}, {"head": "jasmonic acid exposure", "relation": "is_a", "tail": "growth hormone exposure"}, {"head": "kharif season exposure", "relation": "is_a", "tail": "seasonal environment exposure"}, {"head": "kinetin exposure", "relation": "is_a", "tail": "cytokinin exposure"}, {"head": "laboratory study", "relation": "is_a", "tail": "study type"}, {"head": "light exposure", "relation": "is_a", "tail": "radiation quality exposure"}, {"head": "light intensity exposure", "relation": "is_a", "tail": "radiation intensity exposure"}, {"head": "light quantity exposure", "relation": "is_a", "tail": "radiation quantity exposure"}, {"head": "light-induced photooxidative stress exposure", "relation": "is_a", "tail": "light intensity exposure"}, {"head": "limited boron exposure", "relation": "is_a", "tail": "boron nutrient exposure"}, {"head": "limited carbon exposure", "relation": "is_a", "tail": "carbon nutrient exposure"}, {"head": "limited glucose exposure", "relation": "is_a", "tail": "glucose exposure"}, {"head": "limited iron exposure", "relation": "is_a", "tail": "iron nutrient exposure"}, {"head": "limited magnesium exposure", "relation": "is_a", "tail": "magnesium nutrient exposure"}, {"head": "limited manganese exposure", "relation": "is_a", "tail": "manganese nutrient exposure"}, {"head": "limited molybdenum exposure", "relation": "is_a", "tail": "molybdenum nutrient exposure"}, {"head": "limited nitrate exposure", "relation": "is_a", "tail": "nitrate exposure"}, {"head": "limited nitrogen exposure", "relation": "is_a", "tail": "nitrogen macronutrient exposure"}, {"head": "limited phosphate exposure", "relation": "is_a", "tail": "phosphate exposure"}, {"head": "limited potassium exposure", "relation": "is_a", "tail": "potassium nutrient exposure"}, {"head": "limited sulfate exposure", "relation": "is_a", "tail": "sulfate exposure"}, {"head": "limited sulfur exposure", "relation": "is_a", "tail": "sulfur nutrient exposure"}, {"head": "limited zinc exposure", "relation": "is_a", "tail": "zinc nutrient exposure"}, {"head": "loam content exposure", "relation": "is_a", "tail": "soil texture exposure"}, {"head": "loam soil exposure", "relation": "is_a", "tail": "soil type exposure"}, {"head": "long day length exposure", "relation": "is_a", "tail": "intermittent light exposure"}, {"head": "low light intensity exposure", "relation": "is_a", "tail": "light intensity exposure"}, {"head": "lowland region exposure", "relation": "is_a", "tail": "ecological environment exposure"}, {"head": "magnesium nutrient exposure", "relation": "is_a", "tail": "secondary macronutrient exposure"}, {"head": "magnetic field exposure", "relation": "is_a", "tail": "radiation quality exposure"}, {"head": "manganese nutrient exposure", "relation": "is_a", "tail": "micronutrient exposure"}, {"head": "manganese sulfate exposure", "relation": "is_a", "tail": "manganese nutrient exposure"}, {"head": "manganese sulfate exposure", "relation": "is_a", "tail": "salt exposure"}, {"head": "mechanical damage exposure", "relation": "is_a", "tail": "physical plant exposure"}, {"head": "metazoan plant exposure", "relation": "is_a", "tail": "biotic plant exposure"}, {"head": "methoxy diethylnitrosamine exposure", "relation": "is_a", "tail": "chemical mutagen exposure"}, {"head": "methyl jasmonate exposure", "relation": "is_a", "tail": "organic chemical exposure"}, {"head": "methyl methanesulfonate exposure", "relation": "is_a", "tail": "chemical mutagen exposure"}, {"head": "micronutrient exposure", "relation": "is_a", "tail": "plant nutrient exposure"}, {"head": "middle infra-red light exposure", "relation": "is_a", "tail": "IR light exposure"}, {"head": "mineral exposure", "relation": "is_a", "tail": "inorganic chemical exposure"}, {"head": "mineral salt exposure", "relation": "is_a", "tail": "mineral exposure"}, {"head": "mitomycin C exposure", "relation": "is_a", "tail": "antibiotic exposure"}, {"head": "mitomycin C exposure", "relation": "is_a", "tail": "chemical mutagen exposure"}, {"head": "moderate light intensity exposure", "relation": "is_a", "tail": "light intensity exposure"}, {"head": "molybdenum nutrient exposure", "relation": "is_a", "tail": "micronutrient exposure"}, {"head": "monosaccharide exposure", "relation": "is_a", "tail": "carbohydrate exposure"}, {"head": "mustard gas exposure", "relation": "is_a", "tail": "chemical mutagen exposure"}, {"head": "mycoplasma like organism exposure", "relation": "is_a", "tail": "Mycoplasma exposure"}, {"head": "natural fertilizer exposure", "relation": "is_a", "tail": "fertilizer exposure"}, {"head": "natural gas exposure", "relation": "is_a", "tail": "chemical mutagen exposure"}, {"head": "near infra-red light exposure", "relation": "is_a", "tail": "IR light exposure"}, {"head": "nematicide exposure", "relation": "is_a", "tail": "pesticide exposure"}, {"head": "neutrons exposure", "relation": "is_a", "tail": "radiation quality exposure"}, {"head": "nickel exposure", "relation": "is_a", "tail": "inorganic cation exposure"}, {"head": "nickel exposure", "relation": "is_a", "tail": "mineral exposure"}, {"head": "nitrate exposure", "relation": "is_a", "tail": "inorganic anion exposure"}, {"head": "nitrate exposure", "relation": "is_a", "tail": "nitrogen fertilizer exposure"}, {"head": "nitrogen fertilizer exposure", "relation": "is_a", "tail": "chemical fertilizer exposure"}, {"head": "nitrogen macronutrient exposure", "relation": "is_a", "tail": "primary plant macronutrient exposure"}, {"head": "nitrogen mustard exposure", "relation": "is_a", "tail": "chemical mutagen exposure"}, {"head": "nitrosomethyl urea exposure", "relation": "is_a", "tail": "chemical mutagen exposure"}, {"head": "non-mineral nutrient exposure", "relation": "is_a", "tail": "plant nutrient exposure"}, {"head": "orange light exposure", "relation": "is_a", "tail": "visible light exposure"}, {"head": "organic chemical exposure", "relation": "is_a", "tail": "chemical exposure"}, {"head": "organic gas exposure", "relation": "is_a", "tail": "organic chemical exposure"}, {"head": "organic matter content exposure", "relation": "is_a", "tail": "soil texture exposure"}, {"head": "ornithine nitrogen exposure", "relation": "is_a", "tail": "nitrogen macronutrient exposure"}, {"head": "osmotic stress exposure", "relation": "is_a", "tail": "chemical stress exposure"}, {"head": "other animals exposure", "relation": "is_a", "tail": "metazoan plant exposure"}, {"head": "other nutrient exposure", "relation": "is_a", "tail": "plant nutrient exposure"}, {"head": "oxidative stress exposure", "relation": "is_a", "tail": "chemical stress exposure"}, {"head": "oxygen exposure", "relation": "is_a", "tail": "non-mineral nutrient exposure"}, {"head": "ozone exposure", "relation": "is_a", "tail": "antibiotic exposure"}, {"head": "ozone exposure", "relation": "is_a", "tail": "inorganic anion exposure"}, {"head": "p-N,N-di(2-chloroethyl)aminophenylvaleric acid exposure", "relation": "is_a", "tail": "chemical mutagen exposure"}, {"head": "p-N,N-di-(2-chloroethyl)amino-D-phenylalanine exposure", "relation": "is_a", "tail": "chemical mutagen exposure"}, {"head": "p-N,N-di-(2-chloroethyl)amino-DL-phenylalanine exposure", "relation": "is_a", "tail": "nitrogen mustard exposure"}, {"head": "p-N,N-di-(2-chloroethyl)amino-L-phenylalanine exposure", "relation": "is_a", "tail": "chemical mutagen exposure"}, {"head": "p-N,N-di-(2-chloroethyl)aminophenylbutyric acid exposure", "relation": "is_a", "tail": "nitrogen mustard exposure"}, {"head": "p-N,N-di-(2-chloroethyl)aminophenylethylamine exposure", "relation": "is_a", "tail": "chemical mutagen exposure"}, {"head": "p-p'-N,N-di(2-chloroethyl)aminophenoxyphenylalanine exposure", "relation": "is_a", "tail": "chemical mutagen exposure"}, {"head": "pH exposure", "relation": "is_a", "tail": "chemical exposure"}, {"head": "paper towel growth medium", "relation": "is_a", "tail": "in vitro solid growth medium exposure"}, {"head": "parasitic wasp insect plant exposure", "relation": "is_a", "tail": "Hymenoptera insect plant exposure"}, {"head": "peroxide exposure", "relation": "is_a", "tail": "chemical exposure"}, {"head": "pesticide exposure", "relation": "is_a", "tail": "chemical exposure"}, {"head": "phosphate exposure", "relation": "is_a", "tail": "inorganic anion exposure"}, {"head": "phosphate fertilizer exposure", "relation": "is_a", "tail": "chemical fertilizer exposure"}, {"head": "phosphorus nutrient exposure", "relation": "is_a", "tail": "primary plant macronutrient exposure"}, {"head": "physical plant exposure", "relation": "is_a", "tail": "abiotic plant exposure"}, {"head": "plant exposure", "relation": "is_a", "tail": "plant experimental condition"}, {"head": "plant growth medium exposure", "relation": "is_a", "tail": "abiotic plant exposure"}, {"head": "plant macronutrient exposure", "relation": "is_a", "tail": "plant nutrient exposure"}, {"head": "plant nutrient exposure", "relation": "is_a", "tail": "chemical exposure"}, {"head": "polyethylene glycol exposure", "relation": "is_a", "tail": "organic chemical exposure"}, {"head": "potassium chloride exposure", "relation": "is_a", "tail": "potassium fertilizer exposure"}, {"head": "potassium fertilizer exposure", "relation": "is_a", "tail": "chemical fertilizer exposure"}, {"head": "potassium nitrate exposure", "relation": "is_a", "tail": "nitrate exposure"}, {"head": "potassium nitrate exposure", "relation": "is_a", "tail": "salt exposure"}, {"head": "potassium nutrient exposure", "relation": "is_a", "tail": "primary plant macronutrient exposure"}, {"head": "potassium sulfate exposure", "relation": "is_a", "tail": "salt exposure"}, {"head": "potassium sulfate exposure", "relation": "is_a", "tail": "sulfate fertilizer exposure"}, {"head": "primary plant macronutrient exposure", "relation": "is_a", "tail": "plant macronutrient exposure"}, {"head": "quinhydrone exposure", "relation": "is_a", "tail": "chemical mutagen exposure"}, {"head": "rabi season exposure", "relation": "is_a", "tail": "seasonal environment exposure"}, {"head": "radiation exposure", "relation": "is_a", "tail": "physical plant exposure"}, {"head": "radiation intensity exposure", "relation": "is_a", "tail": "radiation exposure"}, {"head": "radiation mutagen exposure", "relation": "is_a", "tail": "radiation exposure"}, {"head": "radiation quality exposure", "relation": "is_a", "tail": "radiation exposure"}, {"head": "radiation quantity exposure", "relation": "is_a", "tail": "radiation exposure"}, {"head": "radio wave exposure", "relation": "is_a", "tail": "radiation quality exposure"}, {"head": "rainfall exposure", "relation": "is_a", "tail": "ecological environment exposure"}, {"head": "rainfall exposure", "relation": "is_a", "tail": "water environment exposure"}, {"head": "rainy season exposure", "relation": "is_a", "tail": "seasonal environment exposure"}, {"head": "rapeseed meal exposure", "relation": "is_a", "tail": "natural fertilizer exposure"}, {"head": "red light exposure", "relation": "is_a", "tail": "visible light exposure"}, {"head": "retroid virus exposure", "relation": "is_a", "tail": "virus plant exposure"}, {"head": "rice black streak dwarf virus exposure", "relation": "is_a", "tail": "dsRNA virus exposure"}, {"head": "rice dwarf virus exposure", "relation": "is_a", "tail": "dsRNA virus exposure"}, {"head": "rice gall dwarf virus exposure", "relation": "is_a", "tail": "dsRNA virus exposure"}, {"head": "rice grassy stunt 1 virus exposure", "relation": "is_a", "tail": "rice grassy stunt virus exposure"}, {"head": "rice grassy stunt 2 virus exposure", "relation": "is_a", "tail": "rice grassy stunt virus exposure"}, {"head": "rice grassy stunt virus exposure", "relation": "is_a", "tail": "ssRNA negative-strand virus exposure"}, {"head": "rice hoja blanca virus exposure", "relation": "is_a", "tail": "ssRNA negative-strand virus exposure"}, {"head": "rice necrosis mosaic virus exposure", "relation": "is_a", "tail": "ssRNA positive-strand virus with no DNA stage exposure"}, {"head": "rice ragged stunt virus exposure", "relation": "is_a", "tail": "dsRNA virus exposure"}, {"head": "rice stripe necrosis virus exposure", "relation": "is_a", "tail": "ssRNA positive-strand virus with no DNA stage exposure"}, {"head": "rice stripe virus exposure", "relation": "is_a", "tail": "ssRNA negative-strand virus exposure"}, {"head": "rice tungro bacilliform virus exposure", "relation": "is_a", "tail": "retroid virus exposure"}, {"head": "rice tungro spherical virus exposure", "relation": "is_a", "tail": "ssRNA positive-strand virus with no DNA stage exposure"}, {"head": "rice yellow mottle virus exposure", "relation": "is_a", "tail": "ssRNA positive-strand virus with no DNA stage exposure"}, {"head": "rice yellow stunt virus exposure", "relation": "is_a", "tail": "ssRNA negative-strand virus exposure"}, {"head": "river bank region exposure", "relation": "is_a", "tail": "flood prone region exposure"}, {"head": "river delta region exposure", "relation": "is_a", "tail": "flood prone region exposure"}, {"head": "salicylic acid exposure", "relation": "is_a", "tail": "antibiotic exposure"}, {"head": "salicylic acid exposure", "relation": "is_a", "tail": "organic chemical exposure"}, {"head": "salt exposure", "relation": "is_a", "tail": "chemical exposure"}, {"head": "sand content exposure", "relation": "is_a", "tail": "soil texture exposure"}, {"head": "sandy loam soil exposure", "relation": "is_a", "tail": "soil type exposure"}, {"head": "sandy soil exposure", "relation": "is_a", "tail": "soil type exposure"}, {"head": "sea coast region exposure", "relation": "is_a", "tail": "flood prone region exposure"}, {"head": "seasonal environment exposure", "relation": "is_a", "tail": "plant exposure"}, {"head": "seaweed extract exposure", "relation": "is_a", "tail": "natural fertilizer exposure"}, {"head": "secondary macronutrient exposure", "relation": "is_a", "tail": "plant macronutrient exposure"}, {"head": "selenium nutrient exposure", "relation": "is_a", "tail": "other nutrient exposure"}, {"head": "semiarid region exposure", "relation": "is_a", "tail": "ecological environment exposure"}, {"head": "short day length exposure", "relation": "is_a", "tail": "intermittent light exposure"}, {"head": "silicon nutrient exposure", "relation": "is_a", "tail": "other nutrient exposure"}, {"head": "silt content exposure", "relation": "is_a", "tail": "soil texture exposure"}, {"head": "sodium bisulfite exposure", "relation": "is_a", "tail": "chemical mutagen exposure"}, {"head": "sodium bisulfite exposure", "relation": "is_a", "tail": "salt exposure"}, {"head": "sodium chloride exposure", "relation": "is_a", "tail": "salt exposure"}, {"head": "sodium fluoride exposure", "relation": "is_a", "tail": "chemical mutagen exposure"}, {"head": "sodium fluoride exposure", "relation": "is_a", "tail": "salt exposure"}, {"head": "sodium hydroxide exposure", "relation": "is_a", "tail": "inorganic anion exposure"}, {"head": "sodium nitrate exposure", "relation": "is_a", "tail": "nitrate exposure"}, {"head": "sodium nitrate exposure", "relation": "is_a", "tail": "salt exposure"}, {"head": "soil environment exposure", "relation": "is_a", "tail": "plant growth medium exposure"}, {"head": "soil pH environment exposure", "relation": "is_a", "tail": "soil environment exposure"}, {"head": "soil texture exposure", "relation": "is_a", "tail": "soil environment exposure"}, {"head": "soil type exposure", "relation": "is_a", "tail": "soil environment exposure"}, {"head": "soil water content exposure", "relation": "is_a", "tail": "soil environment exposure"}, {"head": "soil water content exposure", "relation": "is_a", "tail": "water environment exposure"}, {"head": "spring season exposure", "relation": "is_a", "tail": "seasonal environment exposure"}, {"head": "ssRNA negative-strand virus exposure", "relation": "is_a", "tail": "virus plant exposure"}, {"head": "ssRNA positive-strand virus with no DNA stage exposure", "relation": "is_a", "tail": "virus plant exposure"}, {"head": "standing deep water exposure", "relation": "is_a", "tail": "standing water exposure"}, {"head": "standing water exposure", "relation": "is_a", "tail": "water environment exposure"}, {"head": "stratification exposure", "relation": "is_a", "tail": "physical plant exposure"}, {"head": "stratosphere exposure", "relation": "is_a", "tail": "radiation quality exposure"}, {"head": "study type", "relation": "is_a", "tail": "plant experimental condition"}, {"head": "styryl quinoline exposure", "relation": "is_a", "tail": "chemical mutagen exposure"}, {"head": "sub-tropical region exposure", "relation": "is_a", "tail": "ecological environment exposure"}, {"head": "sucrose exposure", "relation": "is_a", "tail": "disaccharide exposure"}, {"head": "sulfate exposure", "relation": "is_a", "tail": "inorganic anion exposure"}, {"head": "sulfate fertilizer exposure", "relation": "is_a", "tail": "chemical fertilizer exposure"}, {"head": "sulfur mustard exposure", "relation": "is_a", "tail": "chemical mutagen exposure"}, {"head": "sulfur nutrient exposure", "relation": "is_a", "tail": "secondary macronutrient exposure"}, {"head": "summer season exposure", "relation": "is_a", "tail": "seasonal environment exposure"}, {"head": "superphosphate exposure", "relation": "is_a", "tail": "phosphate fertilizer exposure"}, {"head": "supersonic exposure", "relation": "is_a", "tail": "radiation quality exposure"}, {"head": "suspension cell culture medium exposure", "relation": "is_a", "tail": "in vitro liquid growth medium exposure"}, {"head": "temperate region exposure", "relation": "is_a", "tail": "ecological environment exposure"}, {"head": "temperature environment exposure", "relation": "is_a", "tail": "physical plant exposure"}, {"head": "transposable element insert exposure", "relation": "is_a", "tail": "DNA exposure"}, {"head": "triaziquone exposure", "relation": "is_a", "tail": "chemical mutagen exposure"}, {"head": "triethylenemelamine exposure", "relation": "is_a", "tail": "chemical mutagen exposure"}, {"head": "triethylenemelamine exposure", "relation": "is_a", "tail": "insecticide exposure"}, {"head": "tropical region exposure", "relation": "is_a", "tail": "ecological environment exposure"}, {"head": "unknown exposure", "relation": "is_a", "tail": "plant exposure"}, {"head": "unknown study type", "relation": "is_a", "tail": "study type"}, {"head": "upland region exposure", "relation": "is_a", "tail": "ecological environment exposure"}, {"head": "urea exposure", "relation": "is_a", "tail": "nitrogen fertilizer exposure"}, {"head": "urea nitrogen exposure", "relation": "is_a", "tail": "nitrogen macronutrient exposure"}, {"head": "urethane exposure", "relation": "is_a", "tail": "chemical mutagen exposure"}, {"head": "vertical agar growth medium exposure", "relation": "is_a", "tail": "agar growth medium exposure"}, {"head": "vinyl carbamate exposure", "relation": "is_a", "tail": "chemical mutagen exposure"}, {"head": "violet light exposure", "relation": "is_a", "tail": "visible light exposure"}, {"head": "virus plant exposure", "relation": "is_a", "tail": "biotic plant exposure"}, {"head": "visible light exposure", "relation": "is_a", "tail": "light exposure"}, {"head": "warm/hot air temperature exposure", "relation": "is_a", "tail": "air temperature exposure"}, {"head": "warm/hot air temperature exposure", "relation": "is_a", "tail": "warm/hot temperature exposure"}, {"head": "warm/hot temperature exposure", "relation": "is_a", "tail": "temperature environment exposure"}, {"head": "warm/hot water temperature exposure", "relation": "is_a", "tail": "warm/hot temperature exposure"}, {"head": "warm/hot water temperature exposure", "relation": "is_a", "tail": "water temperature exposure"}, {"head": "water environment exposure", "relation": "is_a", "tail": "physical plant exposure"}, {"head": "water temperature exposure", "relation": "is_a", "tail": "temperature environment exposure"}, {"head": "water temperature exposure", "relation": "is_a", "tail": "water environment exposure"}, {"head": "watering exposure", "relation": "is_a", "tail": "water environment exposure"}, {"head": "wind environment exposure", "relation": "is_a", "tail": "ecological environment exposure"}, {"head": "wind environment exposure", "relation": "is_a", "tail": "physical plant exposure"}, {"head": "winter season exposure", "relation": "is_a", "tail": "seasonal environment exposure"}, {"head": "wood ash exposure", "relation": "is_a", "tail": "natural fertilizer exposure"}, {"head": "yellow light exposure", "relation": "is_a", "tail": "visible light exposure"}, {"head": "zero gravity exposure", "relation": "is_a", "tail": "gravity exposure"}, {"head": "zinc nutrient exposure", "relation": "is_a", "tail": "micronutrient exposure"}, {"head": "zinc sulphate exposure", "relation": "is_a", "tail": "fertilizer exposure"}, {"head": "zinc sulphate exposure", "relation": "is_a", "tail": "salt exposure"}, {"head": "zinc sulphate exposure", "relation": "is_a", "tail": "zinc nutrient exposure"}]