[{"head": "0.9% sodium chloride solution", "relation": "is_a", "tail": "sodium chloride solution"}, {"head": "1,2-dimethylhydrazine", "relation": "is_a", "tail": "mutation inducing chemical"}, {"head": "1,2-dimethylhydrazine", "relation": "is_a", "tail": "neoplasm inducing chemical"}, {"head": "1-methyl-4-phenyl-1,2,3,6-tetrahydropyridine", "relation": "is_a", "tail": "Parkinson disease inducing chemical"}, {"head": "1-methyl-4-phenyl-1,2,3,6-tetrahydropyridine", "relation": "is_a", "tail": "neurotoxic substance"}, {"head": "17 beta-estradiol", "relation": "is_a", "tail": "estrogen/estrogen analog"}, {"head": "1H-pyrazole", "relation": "is_a", "tail": "antioxidant"}, {"head": "2,3,7,8-tetrachlorodibenzo-p-dioxin (TCDD)", "relation": "is_a", "tail": "receptor agonist"}, {"head": "2-acetamidofluorene", "relation": "is_a", "tail": "mutation inducing chemical"}, {"head": "2-acetamidofluorene", "relation": "is_a", "tail": "neoplasm inducing chemical"}, {"head": "3-methyl-4'-dimethylaminoazobenzene", "relation": "is_a", "tail": "neoplasm inducing chemical"}, {"head": "4-alpha-phorbol 12,13-didecanoate", "relation": "is_a", "tail": "cation channel activator"}, {"head": "4-methyl-2-(piperidin-1-yl) quinoline", "relation": "is_a", "tail": "cation channel inhibitor"}, {"head": "4-methyl-2-oxopentanoic acid", "relation": "is_a", "tail": "enzyme substrate"}, {"head": "4-nitroquinoline N-oxide", "relation": "is_a", "tail": "mutation inducing chemical"}, {"head": "4-nitroquinoline N-oxide", "relation": "is_a", "tail": "neoplasm inducing chemical"}, {"head": "5-bromo-2'-deoxyuridine", "relation": "is_a", "tail": "antimetabolite"}, {"head": "5-bromo-2'-deoxyuridine", "relation": "is_a", "tail": "antineoplastic agent"}, {"head": "5-bromo-2'-deoxyuridine", "relation": "is_a", "tail": "nucleoside/nucleotide"}, {"head": "7,12-dimethyltetraphene (DMBA)", "relation": "is_a", "tail": "polycyclic arene"}, {"head": "99mTc-sestamibi", "relation": "is_a", "tail": "radioactively labeled chemical"}, {"head": "AMG-8718", "relation": "is_a", "tail": "enzyme inhibitor"}, {"head": "Adenosine triphosphate", "relation": "is_a", "tail": "nucleoside/nucleotide"}, {"head": "Aldosterone", "relation": "is_a", "tail": "steroid hormone"}, {"head": "Allyl isothiocyanate", "relation": "is_a", "tail": "antimicrobial agent"}, {"head": "Aprotinin", "relation": "is_a", "tail": "enzyme inhibitor"}, {"head": "Atorvastatin", "relation": "is_a", "tail": "enzyme inhibitor"}, {"head": "Azoxymethane", "relation": "is_a", "tail": "neoplasm inducing chemical"}, {"head": "Capsazepine", "relation": "is_a", "tail": "receptor antagonist"}, {"head": "E4177", "relation": "is_a", "tail": "angiotensin II receptor antagonist"}, {"head": "Embolism injection at middle cerebral artery", "relation": "is_a", "tail": "blood vessel occlusion"}, {"head": "Endothelin-1", "relation": "is_a", "tail": "peptide/protein"}, {"head": "FAPGG", "relation": "is_a", "tail": "enzyme substrate"}, {"head": "Freund's adjuvant", "relation": "is_a", "tail": "antigen"}, {"head": "Freund's complete adjuvant", "relation": "is_a", "tail": "Freund's adjuvant"}, {"head": "Freund's incomplete adjuvant", "relation": "is_a", "tail": "Freund's adjuvant"}, {"head": "Gnai2 antisense oligonucleotide", "relation": "is_a", "tail": "deoxyribonucleic acid"}, {"head": "Haemophilus influenzae", "relation": "is_a", "tail": "bacterial pathogen"}, {"head": "Haemophilus influenzae 86-028NP", "relation": "is_a", "tail": "nontypeable Haemophilus influenzae"}, {"head": "Haemophilus influenzae 86-028NP C5 mutant", "relation": "is_a", "tail": "Haemophilus influenzae 86-028NP"}, {"head": "Haemophilus influenzae 86-028NP H2 mutant", "relation": "is_a", "tail": "Haemophilus influenzae 86-028NP"}, {"head": "Herpes simplex virus type 1", "relation": "is_a", "tail": "viral pathogen"}, {"head": "Kilham rat virus", "relation": "is_a", "tail": "viral pathogen"}, {"head": "Kreb's solution perfusate", "relation": "is_a", "tail": "perfusate"}, {"head": "Moexipril", "relation": "is_a", "tail": "angiotensin converting enzyme inhibitor"}, {"head": "Myocardial reperfusion", "relation": "is_a", "tail": "controlled in situ myocardial condition"}, {"head": "N-ethyl-N-nitrosourea", "relation": "is_a", "tail": "mutation inducing chemical"}, {"head": "N-ethyl-N-nitrosourea", "relation": "is_a", "tail": "nitrosourea"}, {"head": "N-methyl-N'-nitro-N-nitrosoguanidine", "relation": "is_a", "tail": "mutation inducing chemical"}, {"head": "N-methyl-N'-nitro-N-nitrosoguanidine", "relation": "is_a", "tail": "neoplasm inducing chemical"}, {"head": "N-methyl-N-nitrosourea", "relation": "is_a", "tail": "mutation inducing chemical"}, {"head": "N-methyl-N-nitrosourea", "relation": "is_a", "tail": "neoplasm inducing chemical"}, {"head": "N-methyl-N-nitrosourea", "relation": "is_a", "tail": "nitrosourea"}, {"head": "N-nitrosodiethylamine", "relation": "is_a", "tail": "mutation inducing chemical"}, {"head": "N-nitrosodiethylamine", "relation": "is_a", "tail": "neoplasm inducing chemical"}, {"head": "N-propyl-N-nitrosourea", "relation": "is_a", "tail": "mutation inducing chemical"}, {"head": "N-propyl-N-nitrosourea", "relation": "is_a", "tail": "neoplasm inducing chemical"}, {"head": "N-propyl-N-nitrosourea", "relation": "is_a", "tail": "nitrosourea"}, {"head": "NG-nitroarginine methyl ester", "relation": "is_a", "tail": "amino acid"}, {"head": "NG-nitroarginine methyl ester", "relation": "is_a", "tail": "enzyme inhibitor"}, {"head": "Omacor", "relation": "is_a", "tail": "ester"}, {"head": "Pair-fed diet", "relation": "is_a", "tail": "restricted feeding"}, {"head": "Parkinson disease inducing chemical", "relation": "is_a", "tail": "disease inducing chemical"}, {"head": "Perindopril", "relation": "is_a", "tail": "angiotensin converting enzyme inhibitor"}, {"head": "Poly I:C", "relation": "is_a", "tail": "ribonucleic acid"}, {"head": "RU28362", "relation": "is_a", "tail": "receptor agonist"}, {"head": "Saxagliptin", "relation": "is_a", "tail": "enzyme inhibitor"}, {"head": "Streptococcus pneumoniae", "relation": "is_a", "tail": "bacterial pathogen"}, {"head": "Streptococcus pneumoniae D39", "relation": "is_a", "tail": "Streptococcus pneumoniae"}, {"head": "Streptococcus pneumoniae TIGR4", "relation": "is_a", "tail": "Streptococcus pneumoniae"}, {"head": "Streptococcus pneumoniae TIGR4 LuxS mutant", "relation": "is_a", "tail": "Streptococcus pneumoniae TIGR4"}, {"head": "Toxoplasma gondii", "relation": "is_a", "tail": "eukaryotic pathogen"}, {"head": "Toxoplasma gondii cysts", "relation": "is_a", "tail": "Toxoplasma gondii"}, {"head": "Trichinella spiralis", "relation": "is_a", "tail": "eukaryotic pathogen"}, {"head": "Trichinella spiralis larvae", "relation": "is_a", "tail": "Trichinella spiralis"}, {"head": "V1-Cal", "relation": "is_a", "tail": "peptide/protein"}, {"head": "X-ray exposure", "relation": "is_a", "tail": "electromagnetic radiation exposure"}, {"head": "X-ray exposure", "relation": "is_a", "tail": "ionizing radiation exposure"}, {"head": "abdominal aorta coarctation", "relation": "is_a", "tail": "blood vessel coarctation"}, {"head": "acepromazine", "relation": "is_a", "tail": "anesthetic/analgesic"}, {"head": "acetaminophen", "relation": "is_a", "tail": "anesthetic/analgesic"}, {"head": "acetaminophen", "relation": "is_a", "tail": "non-steroidal anti-inflammatory drug"}, {"head": "acetic acid", "relation": "is_a", "tail": "chemical"}, {"head": "acetylcholine", "relation": "is_a", "tail": "neurotransmitter"}, {"head": "acetylcholine", "relation": "is_a", "tail": "vasodilator"}, {"head": "activator", "relation": "is_a", "tail": "chemical with specified function"}, {"head": "activity", "relation": "is_a", "tail": "experimental condition"}, {"head": "adrenalectomy", "relation": "is_a", "tail": "surgical removal"}, {"head": "adrenergic antagonist", "relation": "is_a", "tail": "receptor antagonist"}, {"head": "adrenergic receptor agonist", "relation": "is_a", "tail": "receptor agonist"}, {"head": "adrenomedulin", "relation": "is_a", "tail": "peptide hormone"}, {"head": "adrenomedulin", "relation": "is_a", "tail": "vasodilator"}, {"head": "aflatoxin B1", "relation": "is_a", "tail": "toxin"}, {"head": "air temperature", "relation": "is_a", "tail": "temperature exposure"}, {"head": "air-jet exposure", "relation": "is_a", "tail": "tactile stimulus"}, {"head": "alcohol", "relation": "is_a", "tail": "chemical with specified structure"}, {"head": "alcoholic drink", "relation": "is_a", "tail": "drink"}, {"head": "alendronate", "relation": "is_a", "tail": "inhibitor"}, {"head": "alloxan", "relation": "is_a", "tail": "toxic substance"}, {"head": "alpha-adrenergic agonist", "relation": "is_a", "tail": "adrenergic receptor agonist"}, {"head": "amino acid", "relation": "is_a", "tail": "chemical with specified structure"}, {"head": "amino monosaccharide", "relation": "is_a", "tail": "monosaccharide"}, {"head": "anesthetic/analgesic", "relation": "is_a", "tail": "chemical with specified function"}, {"head": "angiotensin", "relation": "is_a", "tail": "peptide hormone"}, {"head": "angiotensin", "relation": "is_a", "tail": "vasoconstrictor"}, {"head": "angiotensin I", "relation": "is_a", "tail": "angiotensin"}, {"head": "angiotensin II", "relation": "is_a", "tail": "angiotensin"}, {"head": "angiotensin II receptor antagonist", "relation": "is_a", "tail": "receptor antagonist"}, {"head": "angiotensin converting enzyme inhibitor", "relation": "is_a", "tail": "enzyme inhibitor"}, {"head": "anion channel agonist", "relation": "is_a", "tail": "ion channel activator"}, {"head": "anion channel inhibitor", "relation": "is_a", "tail": "ion channel inhibitor"}, {"head": "anti-RT6.1 antibody", "relation": "is_a", "tail": "antibody"}, {"head": "anti-Shiga toxin 1 beta antibody", "relation": "is_a", "tail": "antibody"}, {"head": "anti-Shiga toxin 1 beta monoclonal antibody 13C4", "relation": "is_a", "tail": "anti-Shiga toxin 1 beta antibody"}, {"head": "anti-T cell receptor antibody", "relation": "is_a", "tail": "antibody"}, {"head": "anti-Thy1 antibody", "relation": "is_a", "tail": "antibody"}, {"head": "anti-glomerular basement membrane antibody", "relation": "is_a", "tail": "antibody"}, {"head": "anti-inflammatory agent", "relation": "is_a", "tail": "chemical with specified function"}, {"head": "anti-transforming growth factor beta antibody", "relation": "is_a", "tail": "antibody"}, {"head": "antibacterial agent", "relation": "is_a", "tail": "antimicrobial agent"}, {"head": "antibody", "relation": "is_a", "tail": "peptide/protein"}, {"head": "antidepressant", "relation": "is_a", "tail": "chemical with specified function"}, {"head": "antidiuretic", "relation": "is_a", "tail": "chemical with specified function"}, {"head": "antigen", "relation": "is_a", "tail": "chemical with specified function"}, {"head": "antimetabolite", "relation": "is_a", "tail": "chemical with specified function"}, {"head": "antimicrobial agent", "relation": "is_a", "tail": "chemical with specified function"}, {"head": "antineoplastic agent", "relation": "is_a", "tail": "chemical with specified function"}, {"head": "antioxidant", "relation": "is_a", "tail": "chemical with specified function"}, {"head": "antiviral agent", "relation": "is_a", "tail": "antimicrobial agent"}, {"head": "apamin", "relation": "is_a", "tail": "potassium channel inhibitor"}, {"head": "arginine", "relation": "is_a", "tail": "amino acid"}, {"head": "arterial catheter implantation", "relation": "is_a", "tail": "surgical implantation"}, {"head": "arterial catheter implantation", "relation": "is_a", "tail": "surgical manipulation of blood vessels"}, {"head": "arterial catheter implantation and controlled hemorrhage", "relation": "is_a", "tail": "arterial catheter implantation"}, {"head": "arthritis inducing chemical", "relation": "is_a", "tail": "arthritis-inducing agent"}, {"head": "arthritis inducing chemical", "relation": "is_a", "tail": "disease inducing chemical"}, {"head": "arthritis-inducing agent", "relation": "is_a", "tail": "disease inducing agent"}, {"head": "artificial aortocaval fistula", "relation": "is_a", "tail": "surgical construction"}, {"head": "atropine", "relation": "is_a", "tail": "cholinergic antagonist"}, {"head": "audible tone stimulus", "relation": "is_a", "tail": "auditory stimulus"}, {"head": "auditory stimulus", "relation": "is_a", "tail": "sensory stimulus"}, {"head": "aurothiopropanol sulfonate", "relation": "is_a", "tail": "autoimmune disease-inducing chemical"}, {"head": "autoimmune disease-inducing chemical", "relation": "is_a", "tail": "disease inducing chemical"}, {"head": "axotomy", "relation": "is_a", "tail": "surgical denervation"}, {"head": "bacterial pathogen", "relation": "is_a", "tail": "pathogen"}, {"head": "balloon angioplasty", "relation": "is_a", "tail": "surgical manipulation of blood vessels"}, {"head": "beer", "relation": "is_a", "tail": "alcoholic drink"}, {"head": "benazepril", "relation": "is_a", "tail": "angiotensin converting enzyme inhibitor"}, {"head": "benfotiamine", "relation": "is_a", "tail": "antioxidant"}, {"head": "beta-adrenergic agonist", "relation": "is_a", "tail": "adrenergic receptor agonist"}, {"head": "bilateral adrenalectomy", "relation": "is_a", "tail": "adrenalectomy"}, {"head": "bilateral nephrectomy", "relation": "is_a", "tail": "nephrectomy"}, {"head": "bilateral orchiectomy", "relation": "is_a", "tail": "orchiectomy"}, {"head": "bilateral ovariectomy", "relation": "is_a", "tail": "ovariectomy"}, {"head": "birth", "relation": "is_a", "tail": "reproduction condition"}, {"head": "bisphenol A", "relation": "is_a", "tail": "phenolic/phenol derivative"}, {"head": "blood vessel coarctation", "relation": "is_a", "tail": "surgical manipulation of blood vessels"}, {"head": "blood vessel occlusion", "relation": "is_a", "tail": "surgical manipulation of blood vessels"}, {"head": "body part position change", "relation": "is_a", "tail": "body position change"}, {"head": "body position", "relation": "is_a", "tail": "experimental condition"}, {"head": "body position change", "relation": "is_a", "tail": "body position"}, {"head": "body position change, seated to standing", "relation": "is_a", "tail": "body position change"}, {"head": "body position change, supine to standing", "relation": "is_a", "tail": "body position change"}, {"head": "bosentan", "relation": "is_a", "tail": "receptor antagonist"}, {"head": "bronchodilator agent", "relation": "is_a", "tail": "chemical with specified function"}, {"head": "buffer", "relation": "is_a", "tail": "chemical with specified function"}, {"head": "buffer solution", "relation": "is_a", "tail": "buffer"}, {"head": "buffer solution", "relation": "is_a", "tail": "solution"}, {"head": "buffered calcium ion solution", "relation": "is_a", "tail": "buffer solution"}, {"head": "buffered calcium ion solution", "relation": "is_a", "tail": "calcium ion solution"}, {"head": "caffeinated drink", "relation": "is_a", "tail": "drink"}, {"head": "calcium channel inhibitor", "relation": "is_a", "tail": "cation channel inhibitor"}, {"head": "calcium ion", "relation": "is_a", "tail": "ion/salt"}, {"head": "calcium ion solution", "relation": "is_a", "tail": "ion/salt solution"}, {"head": "calcium-free buffer solution", "relation": "is_a", "tail": "buffer solution"}, {"head": "candesartan", "relation": "is_a", "tail": "angiotensin II receptor antagonist"}, {"head": "candesartan", "relation": "is_a", "tail": "vasodilator"}, {"head": "captopril", "relation": "is_a", "tail": "angiotensin converting enzyme inhibitor"}, {"head": "captopril", "relation": "is_a", "tail": "vasodilator"}, {"head": "carbenoxolone", "relation": "is_a", "tail": "terpene"}, {"head": "carbohydrate", "relation": "is_a", "tail": "chemical with specified structure"}, {"head": "carprofen", "relation": "is_a", "tail": "anesthetic/analgesic"}, {"head": "carprofen", "relation": "is_a", "tail": "non-steroidal anti-inflammatory drug"}, {"head": "carrageenan", "relation": "is_a", "tail": "polysaccharide"}, {"head": "cation channel activator", "relation": "is_a", "tail": "ion channel activator"}, {"head": "cation channel inhibitor", "relation": "is_a", "tail": "ion channel inhibitor"}, {"head": "ceftriaxone", "relation": "is_a", "tail": "antibacterial agent"}, {"head": "central nervous system myelin", "relation": "is_a", "tail": "myelin"}, {"head": "charybdotoxin", "relation": "is_a", "tail": "potassium channel inhibitor"}, {"head": "chemical", "relation": "is_a", "tail": "experimental condition"}, {"head": "chemical nanoparticle", "relation": "is_a", "tail": "chemical with specified structure"}, {"head": "chemical time series", "relation": "is_a", "tail": "chemical"}, {"head": "chemical with specified function", "relation": "is_a", "tail": "chemical"}, {"head": "chemical with specified structure", "relation": "is_a", "tail": "chemical"}, {"head": "cholinergic antagonist", "relation": "is_a", "tail": "receptor antagonist"}, {"head": "chrysin", "relation": "is_a", "tail": "flavonoid"}, {"head": "cigar smoking", "relation": "is_a", "tail": "tobacco use"}, {"head": "cigarette smoking", "relation": "is_a", "tail": "tobacco use"}, {"head": "cilazapril", "relation": "is_a", "tail": "angiotensin converting enzyme inhibitor"}, {"head": "cisplatin", "relation": "is_a", "tail": "antineoplastic agent"}, {"head": "cisplatin", "relation": "is_a", "tail": "complex ion"}, {"head": "cisplatin", "relation": "is_a", "tail": "mutation inducing chemical"}, {"head": "clenbuterol", "relation": "is_a", "tail": "beta-adrenergic agonist"}, {"head": "clenbuterol", "relation": "is_a", "tail": "bronchodilator agent"}, {"head": "clodronic acid", "relation": "is_a", "tail": "antineoplastic agent"}, {"head": "clonidine", "relation": "is_a", "tail": "alpha-adrenergic agonist"}, {"head": "coffee", "relation": "is_a", "tail": "caffeinated drink"}, {"head": "cold ambient air exposure", "relation": "is_a", "tail": "air temperature"}, {"head": "cold ambient air exposure", "relation": "is_a", "tail": "cold exposure"}, {"head": "cold exposure", "relation": "is_a", "tail": "temperature exposure"}, {"head": "collagen", "relation": "is_a", "tail": "arthritis inducing chemical"}, {"head": "collagen", "relation": "is_a", "tail": "peptide/protein antigen"}, {"head": "collagenase-solubilized glomerular basement membrane", "relation": "is_a", "tail": "glomerulonephritis-inducing agent"}, {"head": "collagenase-solubilized rat glomerular basement membrane", "relation": "is_a", "tail": "collagenase-solubilized glomerular basement membrane"}, {"head": "common peroneal nerve direct electrical stimulation", "relation": "is_a", "tail": "direct electrical nerve stimulation"}, {"head": "complex ion", "relation": "is_a", "tail": "ion/salt"}, {"head": "control condition", "relation": "is_a", "tail": "experimental condition"}, {"head": "controlled 2-acetamidofluorene content diet", "relation": "is_a", "tail": "controlled content diet"}, {"head": "controlled 2-acetamidofluorene content drinking water", "relation": "is_a", "tail": "controlled content drinking water"}, {"head": "controlled 3-methyl-4'-dimethylaminoazobenzene content diet", "relation": "is_a", "tail": "controlled content diet"}, {"head": "controlled 3-methyl-4'-dimethylaminoazobenzene content drinking water", "relation": "is_a", "tail": "controlled content drinking water"}, {"head": "controlled 4-nitroquinoline N-oxide content drinking water", "relation": "is_a", "tail": "controlled content drinking water"}, {"head": "controlled E4177 content drinking water", "relation": "is_a", "tail": "E4177"}, {"head": "controlled N-methyl-N'-nitro-N-nitrosoguanidine content drinking water", "relation": "is_a", "tail": "controlled content drinking water"}, {"head": "controlled N-propyl-N-nitrosourea content diet", "relation": "is_a", "tail": "controlled content diet"}, {"head": "controlled N-propyl-N-nitrosourea content drinking water", "relation": "is_a", "tail": "controlled content drinking water"}, {"head": "controlled NG-nitroarginine methyl ester content drinking water", "relation": "is_a", "tail": "controlled content drinking water"}, {"head": "controlled RU28362 content drinking water", "relation": "is_a", "tail": "controlled content drinking water"}, {"head": "controlled RU28362 content saline drink", "relation": "is_a", "tail": "controlled RU28362 content drinking water"}, {"head": "controlled RU28362 content saline drink", "relation": "is_a", "tail": "controlled sodium content drinking water"}, {"head": "controlled atmosphere composition", "relation": "is_a", "tail": "experimental condition"}, {"head": "controlled bile acid content diet", "relation": "is_a", "tail": "controlled content diet"}, {"head": "controlled bisphenol A content diet", "relation": "is_a", "tail": "controlled content diet"}, {"head": "controlled bisphenol A content drinking water", "relation": "is_a", "tail": "controlled content drinking water"}, {"head": "controlled butter content diet", "relation": "is_a", "tail": "controlled content diet"}, {"head": "controlled caffeine content drinking water", "relation": "is_a", "tail": "caffeinated drink"}, {"head": "controlled caffeine content drinking water", "relation": "is_a", "tail": "controlled content drinking water"}, {"head": "controlled calcium content diet", "relation": "is_a", "tail": "controlled content diet"}, {"head": "controlled calcium ion content physiological salt solution perfusate", "relation": "is_a", "tail": "physiological salt solution perfusate"}, {"head": "controlled calorie content diet", "relation": "is_a", "tail": "controlled content diet"}, {"head": "controlled captopril content drinking water", "relation": "is_a", "tail": "controlled content drinking water"}, {"head": "controlled carbohydrate content diet", "relation": "is_a", "tail": "carbohydrate"}, {"head": "controlled carbohydrate content diet", "relation": "is_a", "tail": "controlled content diet"}, {"head": "controlled casein content diet", "relation": "is_a", "tail": "controlled content diet"}, {"head": "controlled cecal material content oral gavage", "relation": "is_a", "tail": "controlled content oral gavage"}, {"head": "controlled cholesterol content diet", "relation": "is_a", "tail": "controlled content diet"}, {"head": "controlled cilazapril content drinking water", "relation": "is_a", "tail": "cilazapril"}, {"head": "controlled cilazapril content drinking water", "relation": "is_a", "tail": "controlled content drinking water"}, {"head": "controlled cisplatin content diet", "relation": "is_a", "tail": "controlled content diet"}, {"head": "controlled cisplatin content drinking water", "relation": "is_a", "tail": "controlled content drinking water"}, {"head": "controlled content diet", "relation": "is_a", "tail": "solid diet"}, {"head": "controlled content drinking water", "relation": "is_a", "tail": "water"}, {"head": "controlled content oral gavage", "relation": "is_a", "tail": "oral gavage"}, {"head": "controlled copper content diet", "relation": "is_a", "tail": "controlled content diet"}, {"head": "controlled corn oil content diet", "relation": "is_a", "tail": "controlled oil content diet"}, {"head": "controlled deoxycorticosterone content drinking water", "relation": "is_a", "tail": "controlled content drinking water"}, {"head": "controlled deoxycorticosterone content saline drink", "relation": "is_a", "tail": "controlled deoxycorticosterone content drinking water"}, {"head": "controlled deoxycorticosterone content saline drink", "relation": "is_a", "tail": "controlled sodium content drinking water"}, {"head": "controlled dexamethasone content diet", "relation": "is_a", "tail": "controlled content diet"}, {"head": "controlled dexamethasone content drinking water", "relation": "is_a", "tail": "controlled content drinking water"}, {"head": "controlled enalapril content drinking water", "relation": "is_a", "tail": "controlled content drinking water"}, {"head": "controlled enalapril content drinking water", "relation": "is_a", "tail": "enalapril"}, {"head": "controlled ethanol content drinking water", "relation": "is_a", "tail": "alcoholic drink"}, {"head": "controlled ethanol content drinking water", "relation": "is_a", "tail": "controlled content drinking water"}, {"head": "controlled ethanol content drinking water with no other optional drink source", "relation": "is_a", "tail": "controlled ethanol content drinking water"}, {"head": "controlled ethanol content drinking water with water as an optional drink source", "relation": "is_a", "tail": "controlled ethanol content drinking water"}, {"head": "controlled ex vivo artery condition", "relation": "is_a", "tail": "controlled ex vivo organ condition"}, {"head": "controlled ex vivo artery perfusion pressure", "relation": "is_a", "tail": "controlled ex vivo artery condition"}, {"head": "controlled ex vivo organ condition", "relation": "is_a", "tail": "experimental condition"}, {"head": "controlled exposure to a foster mother of a different strain within the same species.", "relation": "is_a", "tail": "controlled exposure to an organism of the same species"}, {"head": "controlled exposure to a juvenile of the same species", "relation": "is_a", "tail": "controlled exposure to an organism of the same species"}, {"head": "controlled exposure to ambient light", "relation": "is_a", "tail": "controlled visible light exposure"}, {"head": "controlled exposure to an adult of the same species", "relation": "is_a", "tail": "controlled exposure to an organism of the same species"}, {"head": "controlled exposure to an organism of the same species", "relation": "is_a", "tail": "temporary social environment condition"}, {"head": "controlled exposure to darkness", "relation": "is_a", "tail": "controlled visible light condition"}, {"head": "controlled fat content diet", "relation": "is_a", "tail": "controlled content diet"}, {"head": "controlled fructose content diet", "relation": "is_a", "tail": "controlled content diet"}, {"head": "controlled fructose content drinking water", "relation": "is_a", "tail": "controlled content drinking water"}, {"head": "controlled hydralazine hydrochloride content drinking water", "relation": "is_a", "tail": "controlled content drinking water"}, {"head": "controlled hydralazine hydrochloride content drinking water", "relation": "is_a", "tail": "hydralazine hydrochloride"}, {"head": "controlled hydrogen ion content drinking water", "relation": "is_a", "tail": "controlled content drinking water"}, {"head": "controlled in situ gastrointestinal condition", "relation": "is_a", "tail": "controlled in situ organ condition"}, {"head": "controlled in situ kidney condition", "relation": "is_a", "tail": "controlled in situ organ condition"}, {"head": "controlled in situ myocardial condition", "relation": "is_a", "tail": "controlled in situ organ condition"}, {"head": "controlled in situ organ condition", "relation": "is_a", "tail": "experimental condition"}, {"head": "controlled in situ renal perfusion pressure", "relation": "is_a", "tail": "controlled in situ kidney condition"}, {"head": "controlled in utero environment", "relation": "is_a", "tail": "in utero condition"}, {"head": "controlled ipragliflozin content diet", "relation": "is_a", "tail": "controlled content diet"}, {"head": "controlled ipragliflozin content diet", "relation": "is_a", "tail": "ipragliflozin"}, {"head": "controlled iron content diet", "relation": "is_a", "tail": "controlled content diet"}, {"head": "controlled light/dark cycle", "relation": "is_a", "tail": "controlled visible light exposure"}, {"head": "controlled lisinopril content drinking water", "relation": "is_a", "tail": "controlled content drinking water"}, {"head": "controlled lisinopril content drinking water", "relation": "is_a", "tail": "lisinopril"}, {"head": "controlled losartan content drinking water", "relation": "is_a", "tail": "controlled content drinking water"}, {"head": "controlled melatonin content diet", "relation": "is_a", "tail": "melatonin"}, {"head": "controlled meropenem content drinking water", "relation": "is_a", "tail": "controlled content drinking water"}, {"head": "controlled meropenem content drinking water", "relation": "is_a", "tail": "meropenem"}, {"head": "controlled metformin content diet", "relation": "is_a", "tail": "controlled content diet"}, {"head": "controlled metformin content drinking water", "relation": "is_a", "tail": "controlled content drinking water"}, {"head": "controlled nisoldipine content diet", "relation": "is_a", "tail": "controlled content diet"}, {"head": "controlled nisoldipine content diet", "relation": "is_a", "tail": "nisoldipine"}, {"head": "controlled nisoldipine content drinking water", "relation": "is_a", "tail": "controlled content drinking water"}, {"head": "controlled nisoldipine content drinking water", "relation": "is_a", "tail": "nisoldipine"}, {"head": "controlled oil content diet", "relation": "is_a", "tail": "controlled content diet"}, {"head": "controlled olive oil content diet", "relation": "is_a", "tail": "controlled oil content diet"}, {"head": "controlled omeprazole content  oral gavage", "relation": "is_a", "tail": "controlled content oral gavage"}, {"head": "controlled omeprazole content  oral gavage", "relation": "is_a", "tail": "omeprazole"}, {"head": "controlled oxygen content Kreb's solution perfusate", "relation": "is_a", "tail": "Kreb's solution perfusate"}, {"head": "controlled oxygen content physiological salt solution perfusate", "relation": "is_a", "tail": "physiological salt solution perfusate"}, {"head": "controlled phosphorus content diet", "relation": "is_a", "tail": "controlled content diet"}, {"head": "controlled phytoestrogen content diet", "relation": "is_a", "tail": "controlled content diet"}, {"head": "controlled potassium content diet", "relation": "is_a", "tail": "controlled content diet"}, {"head": "controlled protein content diet", "relation": "is_a", "tail": "controlled content diet"}, {"head": "controlled quinine content drinking water", "relation": "is_a", "tail": "controlled content drinking water"}, {"head": "controlled retinoid content diet", "relation": "is_a", "tail": "controlled content diet"}, {"head": "controlled retinyl palmitate content diet", "relation": "is_a", "tail": "controlled retinoid content diet"}, {"head": "controlled saccharin content drinking water", "relation": "is_a", "tail": "controlled content drinking water"}, {"head": "controlled sodium content diet", "relation": "is_a", "tail": "controlled content diet"}, {"head": "controlled sodium content drinking water", "relation": "is_a", "tail": "controlled content drinking water"}, {"head": "controlled sodium content drinking water", "relation": "is_a", "tail": "sodium ion solution"}, {"head": "controlled sucrose content diet", "relation": "is_a", "tail": "controlled content diet"}, {"head": "controlled sucrose content drinking water", "relation": "is_a", "tail": "controlled content drinking water"}, {"head": "controlled tempol content drinking water", "relation": "is_a", "tail": "controlled content drinking water"}, {"head": "controlled tolvaptan content diet", "relation": "is_a", "tail": "controlled content diet"}, {"head": "controlled tolvaptan content diet", "relation": "is_a", "tail": "tolvaptan"}, {"head": "controlled vancomycin content drinking water", "relation": "is_a", "tail": "controlled content drinking water"}, {"head": "controlled vancomycin content drinking water", "relation": "is_a", "tail": "vancomycin"}, {"head": "controlled visible light condition", "relation": "is_a", "tail": "experimental condition"}, {"head": "controlled visible light exposure", "relation": "is_a", "tail": "controlled visible light condition"}, {"head": "controlled visible light exposure", "relation": "is_a", "tail": "electromagnetic radiation exposure"}, {"head": "coronal plane rotational acceleration of the head", "relation": "is_a", "tail": "head position change"}, {"head": "coronal plane rotational velocity of the head", "relation": "is_a", "tail": "head position change"}, {"head": "cyclic hydrocarbon", "relation": "is_a", "tail": "hydrocarbon"}, {"head": "cycling", "relation": "is_a", "tail": "physical activity"}, {"head": "cycling, non-stationary", "relation": "is_a", "tail": "cycling"}, {"head": "cycling, stationary", "relation": "is_a", "tail": "cycling"}, {"head": "cyclosporine A", "relation": "is_a", "tail": "immunosuppressive agent"}, {"head": "cytisine", "relation": "is_a", "tail": "receptor agonist"}, {"head": "dark phase of controlled light/dark cycle", "relation": "is_a", "tail": "controlled light/dark cycle"}, {"head": "darodipine", "relation": "is_a", "tail": "calcium channel inhibitor"}, {"head": "darusentan", "relation": "is_a", "tail": "receptor antagonist"}, {"head": "delapril", "relation": "is_a", "tail": "angiotensin converting enzyme inhibitor"}, {"head": "deoxycorticosterone", "relation": "is_a", "tail": "steroid hormone"}, {"head": "deoxycorticosterone acetate", "relation": "is_a", "tail": "deoxycorticosterone"}, {"head": "deoxyribonucleic acid", "relation": "is_a", "tail": "nucleic acid"}, {"head": "dexamethasone", "relation": "is_a", "tail": "antineoplastic agent"}, {"head": "dexamethasone", "relation": "is_a", "tail": "immunosuppressive agent"}, {"head": "dexamethasone", "relation": "is_a", "tail": "steroid"}, {"head": "diagnostic agent", "relation": "is_a", "tail": "chemical with specified function"}, {"head": "diazoxide", "relation": "is_a", "tail": "hypoglycemic agent"}, {"head": "diazoxide", "relation": "is_a", "tail": "sodium channel inhibitor"}, {"head": "diazoxide", "relation": "is_a", "tail": "vasodilator"}, {"head": "dibutyl phthalate", "relation": "is_a", "tail": "ester"}, {"head": "dibutyl phthalate", "relation": "is_a", "tail": "teratogen"}, {"head": "diet", "relation": "is_a", "tail": "experimental condition"}, {"head": "diethylstilbestrol", "relation": "is_a", "tail": "antineoplastic agent"}, {"head": "diethylstilbestrol", "relation": "is_a", "tail": "estrogen/estrogen analog"}, {"head": "digoxin", "relation": "is_a", "tail": "vasoactive chemical"}, {"head": "dihydrocapsaicin", "relation": "is_a", "tail": "cation channel activator"}, {"head": "direct electrical nerve stimulation", "relation": "is_a", "tail": "neuromodulation"}, {"head": "disaccharide", "relation": "is_a", "tail": "carbohydrate"}, {"head": "disease inducing agent", "relation": "is_a", "tail": "experimental condition"}, {"head": "disease inducing chemical", "relation": "is_a", "tail": "chemical with specified function"}, {"head": "disease inducing chemical", "relation": "is_a", "tail": "disease inducing agent"}, {"head": "diuretic", "relation": "is_a", "tail": "chemical with specified function"}, {"head": "doxorubicin", "relation": "is_a", "tail": "antimicrobial agent"}, {"head": "doxorubicin", "relation": "is_a", "tail": "antineoplastic agent"}, {"head": "doxycycline", "relation": "is_a", "tail": "antibacterial agent"}, {"head": "doxycycline", "relation": "is_a", "tail": "tetracyclines"}, {"head": "drink", "relation": "is_a", "tail": "diet"}, {"head": "drug dose time series", "relation": "is_a", "tail": "chemical time series"}, {"head": "electromagnetic radiation exposure", "relation": "is_a", "tail": "radiation exposure"}, {"head": "enalapril", "relation": "is_a", "tail": "angiotensin converting enzyme inhibitor"}, {"head": "enzyme", "relation": "is_a", "tail": "peptide/protein"}, {"head": "enzyme inhibitor", "relation": "is_a", "tail": "inhibitor"}, {"head": "enzyme substrate", "relation": "is_a", "tail": "chemical with specified function"}, {"head": "ester", "relation": "is_a", "tail": "chemical with specified structure"}, {"head": "estrogen/estrogen analog", "relation": "is_a", "tail": "steroid hormone"}, {"head": "estrus cycle", "relation": "is_a", "tail": "reproduction condition"}, {"head": "ethanol", "relation": "is_a", "tail": "primary alcohol"}, {"head": "eukaryotic pathogen", "relation": "is_a", "tail": "pathogen"}, {"head": "everolimus", "relation": "is_a", "tail": "antineoplastic agent"}, {"head": "everolimus", "relation": "is_a", "tail": "enzyme inhibitor"}, {"head": "exercise training program", "relation": "is_a", "tail": "physical activity"}, {"head": "fasting", "relation": "is_a", "tail": "diet"}, {"head": "flavonoid", "relation": "is_a", "tail": "chemical with specified function"}, {"head": "fluid deprivation", "relation": "is_a", "tail": "diet"}, {"head": "fluorescently labeled chemical", "relation": "is_a", "tail": "labeled chemical"}, {"head": "forced feeding", "relation": "is_a", "tail": "diet"}, {"head": "fructose", "relation": "is_a", "tail": "monosaccharide"}, {"head": "furosemide", "relation": "is_a", "tail": "diuretic"}, {"head": "furosemide", "relation": "is_a", "tail": "sulfonamide"}, {"head": "gamma ray exposure", "relation": "is_a", "tail": "electromagnetic radiation exposure"}, {"head": "gamma ray exposure", "relation": "is_a", "tail": "ionizing radiation exposure"}, {"head": "ganciclovir", "relation": "is_a", "tail": "antiviral agent"}, {"head": "gene transfer", "relation": "is_a", "tail": "genetic manipulation"}, {"head": "gene transfer of the enhanced green fluorescent protein gene using an adenovirus vector", "relation": "is_a", "tail": "gene transfer using adenovirus vector"}, {"head": "gene transfer of the murine angiotensin I converting enzyme 2 gene using an adenovirus vector", "relation": "is_a", "tail": "gene transfer using adenovirus vector"}, {"head": "gene transfer of the rat MER proto-oncogene, tyrosine kinase gene using an adenovirus vector", "relation": "is_a", "tail": "gene transfer using adenovirus vector"}, {"head": "gene transfer of the rat erb-b2 receptor tyrosine kinase 2 gene using a retrovirus vector", "relation": "is_a", "tail": "gene transfer using retrovirus vector"}, {"head": "gene transfer of the rat natriuretic peptide B gene using an adenovirus vector", "relation": "is_a", "tail": "gene transfer using adenovirus vector"}, {"head": "gene transfer using adenovirus vector", "relation": "is_a", "tail": "gene transfer"}, {"head": "gene transfer using retrovirus vector", "relation": "is_a", "tail": "gene transfer"}, {"head": "genetic manipulation", "relation": "is_a", "tail": "experimental condition"}, {"head": "gestation", "relation": "is_a", "tail": "reproduction condition"}, {"head": "glomerulonephritis-inducing agent", "relation": "is_a", "tail": "disease inducing agent"}, {"head": "glucosamine", "relation": "is_a", "tail": "amino monosaccharide"}, {"head": "glucose", "relation": "is_a", "tail": "monosaccharide"}, {"head": "glucose solution, 2.8M", "relation": "is_a", "tail": "glucose solution"}, {"head": "glybenclamide", "relation": "is_a", "tail": "potassium channel inhibitor"}, {"head": "guanethidine", "relation": "is_a", "tail": "inhibitor"}, {"head": "habituation to experimental apparatus", "relation": "is_a", "tail": "experimental condition"}, {"head": "hand dynamometer activity", "relation": "is_a", "tail": "physical activity"}, {"head": "head position change", "relation": "is_a", "tail": "body part position change"}, {"head": "heat exposure", "relation": "is_a", "tail": "temperature exposure"}, {"head": "heated ambient air exposure", "relation": "is_a", "tail": "air temperature"}, {"head": "heated ambient air exposure", "relation": "is_a", "tail": "heat exposure"}, {"head": "hepatectomy", "relation": "is_a", "tail": "surgical removal"}, {"head": "hesperetin", "relation": "is_a", "tail": "flavonoid"}, {"head": "hexamethonium", "relation": "is_a", "tail": "receptor antagonist"}, {"head": "hexamethonium bromide", "relation": "is_a", "tail": "hexamethonium"}, {"head": "hexamethonium chloride", "relation": "is_a", "tail": "hexamethonium"}, {"head": "hormone", "relation": "is_a", "tail": "chemical with specified function"}, {"head": "housing condition", "relation": "is_a", "tail": "experimental condition"}, {"head": "housing in pairs", "relation": "is_a", "tail": "housing condition"}, {"head": "housing with socially dominant partner", "relation": "is_a", "tail": "housing in pairs"}, {"head": "housing with socially dominant partner", "relation": "is_a", "tail": "ongoing social environment condition"}, {"head": "housing with socially subordinate partner", "relation": "is_a", "tail": "housing in pairs"}, {"head": "housing with socially subordinate partner", "relation": "is_a", "tail": "ongoing social environment condition"}, {"head": "hydralazine", "relation": "is_a", "tail": "vasodilator"}, {"head": "hydralazine hydrochloride", "relation": "is_a", "tail": "antioxidant"}, {"head": "hydralazine hydrochloride", "relation": "is_a", "tail": "vasodilator"}, {"head": "hydrocarbon", "relation": "is_a", "tail": "chemical with specified structure"}, {"head": "hydrochlorothiazide", "relation": "is_a", "tail": "diuretic"}, {"head": "hydrocortisone", "relation": "is_a", "tail": "steroid hormone"}, {"head": "hypoglycemic agent", "relation": "is_a", "tail": "chemical with specified function"}, {"head": "icatibant", "relation": "is_a", "tail": "receptor antagonist"}, {"head": "immunosuppressive agent", "relation": "is_a", "tail": "chemical with specified function"}, {"head": "in utero condition", "relation": "is_a", "tail": "experimental condition"}, {"head": "indicator", "relation": "is_a", "tail": "chemical with specified function"}, {"head": "individual housing", "relation": "is_a", "tail": "housing condition"}, {"head": "infrared radiation exposure", "relation": "is_a", "tail": "electromagnetic radiation exposure"}, {"head": "infrared radiation exposure", "relation": "is_a", "tail": "non-ionizing radiation exposure"}, {"head": "inhibitor", "relation": "is_a", "tail": "chemical with specified function"}, {"head": "insulin", "relation": "is_a", "tail": "peptide hormone"}, {"head": "interphotoreceptor retinoid-binding protein", "relation": "is_a", "tail": "peptide/protein antigen"}, {"head": "intracerebroventricular cannula implantation", "relation": "is_a", "tail": "surgical implantation"}, {"head": "inulin", "relation": "is_a", "tail": "polysaccharide"}, {"head": "ion channel activator", "relation": "is_a", "tail": "activator"}, {"head": "ion channel inhibitor", "relation": "is_a", "tail": "inhibitor"}, {"head": "ion/salt", "relation": "is_a", "tail": "chemical with specified structure"}, {"head": "ion/salt solution", "relation": "is_a", "tail": "solution"}, {"head": "ionizing radiation exposure", "relation": "is_a", "tail": "radiation exposure"}, {"head": "ionizing ultraviolet radiation exposure", "relation": "is_a", "tail": "ionizing radiation exposure"}, {"head": "ionizing ultraviolet radiation exposure", "relation": "is_a", "tail": "ultraviolet ray exposure"}, {"head": "ionotropic glutamate receptor antagonist", "relation": "is_a", "tail": "receptor antagonist"}, {"head": "ipragliflozin", "relation": "is_a", "tail": "hypoglycemic agent"}, {"head": "isoflurane", "relation": "is_a", "tail": "anesthetic/analgesic"}, {"head": "isoproterenol", "relation": "is_a", "tail": "receptor agonist"}, {"head": "isotretinoin", "relation": "is_a", "tail": "retinoid"}, {"head": "ketamine", "relation": "is_a", "tail": "anesthetic/analgesic"}, {"head": "kidney transplant", "relation": "is_a", "tail": "surgical implantation"}, {"head": "kynurenate", "relation": "is_a", "tail": "ionotropic glutamate receptor antagonist"}, {"head": "labeled chemical", "relation": "is_a", "tail": "chemical with specified structure"}, {"head": "lactation", "relation": "is_a", "tail": "reproduction condition"}, {"head": "lactotransferrin", "relation": "is_a", "tail": "peptide/protein"}, {"head": "left L3-L5 ventral root avulsion", "relation": "is_a", "tail": "surgical removal"}, {"head": "left adrenalectomy", "relation": "is_a", "tail": "unilateral adrenalectomy"}, {"head": "left anterior descending coronary artery occlusion", "relation": "is_a", "tail": "blood vessel occlusion"}, {"head": "left kidney transplant", "relation": "is_a", "tail": "kidney transplant"}, {"head": "left nephrectomy", "relation": "is_a", "tail": "unilateral nephrectomy"}, {"head": "left ovariectomy", "relation": "is_a", "tail": "unilateral ovariectomy"}, {"head": "light phase of controlled light/dark cycle", "relation": "is_a", "tail": "controlled light/dark cycle"}, {"head": "liquor", "relation": "is_a", "tail": "alcoholic drink"}, {"head": "lisinopril", "relation": "is_a", "tail": "angiotensin converting enzyme inhibitor"}, {"head": "lithium chloride solution", "relation": "is_a", "tail": "lithium ion solution"}, {"head": "lithium ion", "relation": "is_a", "tail": "ion/salt"}, {"head": "lithium ion solution", "relation": "is_a", "tail": "ion/salt solution"}, {"head": "losartan", "relation": "is_a", "tail": "angiotensin II receptor antagonist"}, {"head": "losartan", "relation": "is_a", "tail": "vasodilator"}, {"head": "lycopene", "relation": "is_a", "tail": "antioxidant"}, {"head": "lycopene", "relation": "is_a", "tail": "terpene"}, {"head": "maternal milk", "relation": "is_a", "tail": "milk"}, {"head": "meclofenamate", "relation": "is_a", "tail": "non-steroidal anti-inflammatory drug"}, {"head": "melatonin", "relation": "is_a", "tail": "antioxidant"}, {"head": "melatonin", "relation": "is_a", "tail": "hormone"}, {"head": "mental activity", "relation": "is_a", "tail": "activity"}, {"head": "meropenem", "relation": "is_a", "tail": "antibacterial agent"}, {"head": "metformin", "relation": "is_a", "tail": "hypoglycemic agent"}, {"head": "methacholine", "relation": "is_a", "tail": "receptor agonist"}, {"head": "methylene blue", "relation": "is_a", "tail": "enzyme inhibitor"}, {"head": "methylene blue", "relation": "is_a", "tail": "oxidation-reduction indicator"}, {"head": "metoprolol", "relation": "is_a", "tail": "adrenergic antagonist"}, {"head": "metoprolol", "relation": "is_a", "tail": "phenolic/phenol derivative"}, {"head": "metoprolol succinate", "relation": "is_a", "tail": "metoprolol"}, {"head": "metoprolol tartrate", "relation": "is_a", "tail": "metoprolol"}, {"head": "middle cerebral artery occlusion", "relation": "is_a", "tail": "blood vessel occlusion"}, {"head": "milk", "relation": "is_a", "tail": "drink"}, {"head": "monoamine hormone", "relation": "is_a", "tail": "hormone"}, {"head": "monocrotaline", "relation": "is_a", "tail": "toxic substance"}, {"head": "monosaccharide", "relation": "is_a", "tail": "carbohydrate"}, {"head": "morphine", "relation": "is_a", "tail": "anesthetic/analgesic"}, {"head": "mutation inducing chemical", "relation": "is_a", "tail": "chemical with specified function"}, {"head": "myelin", "relation": "is_a", "tail": "antigen"}, {"head": "myelin oligodendrocyte glycoprotein", "relation": "is_a", "tail": "peptide/protein"}, {"head": "naive control condition", "relation": "is_a", "tail": "control condition"}, {"head": "naringenin", "relation": "is_a", "tail": "flavonoid"}, {"head": "neoplasm inducing chemical", "relation": "is_a", "tail": "chemical with specified function"}, {"head": "nephrectomy", "relation": "is_a", "tail": "surgical removal"}, {"head": "nerve root avulsion", "relation": "is_a", "tail": "surgical avulsion"}, {"head": "nerve root avulsion", "relation": "is_a", "tail": "surgical denervation"}, {"head": "neuromodulation", "relation": "is_a", "tail": "experimental condition"}, {"head": "neurotoxic substance", "relation": "is_a", "tail": "toxic substance"}, {"head": "neurotoxin", "relation": "is_a", "tail": "neurotoxic substance"}, {"head": "neurotoxin", "relation": "is_a", "tail": "toxin"}, {"head": "neurotransmitter", "relation": "is_a", "tail": "chemical with specified function"}, {"head": "nifedipine", "relation": "is_a", "tail": "calcium channel inhibitor"}, {"head": "nisoldipine", "relation": "is_a", "tail": "calcium channel inhibitor"}, {"head": "nisoldipine", "relation": "is_a", "tail": "vasodilator"}, {"head": "nitrosourea", "relation": "is_a", "tail": "chemical with specified structure"}, {"head": "non-ionizing radiation exposure", "relation": "is_a", "tail": "radiation exposure"}, {"head": "non-ionizing ultraviolet radiation exposure", "relation": "is_a", "tail": "non-ionizing radiation exposure"}, {"head": "non-ionizing ultraviolet radiation exposure", "relation": "is_a", "tail": "ultraviolet ray exposure"}, {"head": "non-steroidal anti-inflammatory drug", "relation": "is_a", "tail": "anti-inflammatory agent"}, {"head": "nontypeable Haemophilus influenzae", "relation": "is_a", "tail": "Haemophilus influenzae"}, {"head": "norepinephrine", "relation": "is_a", "tail": "monoamine hormone"}, {"head": "norepinephrine", "relation": "is_a", "tail": "neurotransmitter"}, {"head": "norepinephrine", "relation": "is_a", "tail": "vasoconstrictor"}, {"head": "nucleic acid", "relation": "is_a", "tail": "chemical with specified structure"}, {"head": "nucleoside/nucleotide", "relation": "is_a", "tail": "chemical with specified structure"}, {"head": "octylphenol", "relation": "is_a", "tail": "phenolic/phenol derivative"}, {"head": "octylphenol", "relation": "is_a", "tail": "toxic substance"}, {"head": "olfactory stimulus", "relation": "is_a", "tail": "sensory stimulus"}, {"head": "olmesartan medoxomil", "relation": "is_a", "tail": "angiotensin II receptor antagonist"}, {"head": "omeprazole", "relation": "is_a", "tail": "proton pump inhibitor"}, {"head": "one-kidney, one-clip occlusion", "relation": "is_a", "tail": "blood vessel occlusion"}, {"head": "ongoing social environment condition", "relation": "is_a", "tail": "social environment condition"}, {"head": "oral gavage", "relation": "is_a", "tail": "forced feeding"}, {"head": "orchiectomy", "relation": "is_a", "tail": "surgical removal"}, {"head": "ovariectomy", "relation": "is_a", "tail": "surgical removal"}, {"head": "oxidation-reduction indicator", "relation": "is_a", "tail": "indicator"}, {"head": "oxidopamine", "relation": "is_a", "tail": "Parkinson disease inducing chemical"}, {"head": "oxidopamine", "relation": "is_a", "tail": "neurotoxic substance"}, {"head": "pH indicator", "relation": "is_a", "tail": "indicator"}, {"head": "pancreatectomy", "relation": "is_a", "tail": "surgical removal"}, {"head": "paraquat", "relation": "is_a", "tail": "Parkinson disease inducing chemical"}, {"head": "paraquat", "relation": "is_a", "tail": "neurotoxic substance"}, {"head": "paricalcitol", "relation": "is_a", "tail": "vitamin analog"}, {"head": "partial hepatectomy", "relation": "is_a", "tail": "hepatectomy"}, {"head": "partial pancreatectomy", "relation": "is_a", "tail": "pancreatectomy"}, {"head": "pathogen", "relation": "is_a", "tail": "disease inducing agent"}, {"head": "pentobarbital", "relation": "is_a", "tail": "anesthetic/analgesic"}, {"head": "pentobarbital, sodium", "relation": "is_a", "tail": "pentobarbital"}, {"head": "pentolinium", "relation": "is_a", "tail": "receptor antagonist"}, {"head": "pentolinium", "relation": "is_a", "tail": "vasodilator"}, {"head": "peptide hormone", "relation": "is_a", "tail": "hormone"}, {"head": "peptide hormone", "relation": "is_a", "tail": "peptide/protein"}, {"head": "peptide/protein", "relation": "is_a", "tail": "chemical with specified structure"}, {"head": "peptide/protein antigen", "relation": "is_a", "tail": "antigen"}, {"head": "peptide/protein antigen", "relation": "is_a", "tail": "peptide/protein"}, {"head": "peptidoglycan-polysaccharide", "relation": "is_a", "tail": "antigen"}, {"head": "peptidoglycan-polysaccharide", "relation": "is_a", "tail": "arthritis inducing chemical"}, {"head": "peptidoglycan-polysaccharide", "relation": "is_a", "tail": "polysaccharide"}, {"head": "perfusate", "relation": "is_a", "tail": "solution"}, {"head": "perfusate suspended", "relation": "is_a", "tail": "perfusate"}, {"head": "peripheral myelin protein 2", "relation": "is_a", "tail": "peptide/protein antigen"}, {"head": "peripheral nerve myelin", "relation": "is_a", "tail": "myelin"}, {"head": "phenolic/phenol derivative", "relation": "is_a", "tail": "chemical with specified structure"}, {"head": "phenylephrine", "relation": "is_a", "tail": "receptor agonist"}, {"head": "phenylephrine", "relation": "is_a", "tail": "vasoconstrictor"}, {"head": "phosphate buffered saline", "relation": "is_a", "tail": "buffer solution"}, {"head": "phosphate buffered saline", "relation": "is_a", "tail": "sodium chloride solution"}, {"head": "physical activity", "relation": "is_a", "tail": "activity"}, {"head": "physical restraint", "relation": "is_a", "tail": "activity"}, {"head": "physical restraint in mechanical restrainer", "relation": "is_a", "tail": "physical restraint"}, {"head": "physical restraint in plastic bag", "relation": "is_a", "tail": "physical restraint in mechanical restrainer"}, {"head": "physical restraint in tube type rodent restrainer", "relation": "is_a", "tail": "physical restraint in mechanical restrainer"}, {"head": "physical restraint on immobilization board", "relation": "is_a", "tail": "physical restraint in mechanical restrainer"}, {"head": "physiological salt solution perfusate", "relation": "is_a", "tail": "saline solution perfusate"}, {"head": "phytoestrogen-free diet", "relation": "is_a", "tail": "soy-free diet"}, {"head": "phytyl side chain of alpha-tocopherol", "relation": "is_a", "tail": "hydrocarbon"}, {"head": "polycyclic arene", "relation": "is_a", "tail": "neoplasm inducing chemical"}, {"head": "polycyclic arene", "relation": "is_a", "tail": "polycyclic hydrocarbon"}, {"head": "polycyclic hydrocarbon", "relation": "is_a", "tail": "cyclic hydrocarbon"}, {"head": "polyfructosan", "relation": "is_a", "tail": "antidiuretic"}, {"head": "polysaccharide", "relation": "is_a", "tail": "carbohydrate"}, {"head": "postmenopause", "relation": "is_a", "tail": "reproduction condition"}, {"head": "potassium channel inhibitor", "relation": "is_a", "tail": "cation channel inhibitor"}, {"head": "potassium chloride solution", "relation": "is_a", "tail": "potassium ion solution"}, {"head": "potassium ion", "relation": "is_a", "tail": "ion/salt"}, {"head": "potassium ion solution", "relation": "is_a", "tail": "ion/salt solution"}, {"head": "primary alcohol", "relation": "is_a", "tail": "alcohol"}, {"head": "prion", "relation": "is_a", "tail": "pathogen"}, {"head": "pristane", "relation": "is_a", "tail": "antigen"}, {"head": "pristane", "relation": "is_a", "tail": "arthritis inducing chemical"}, {"head": "progesterone", "relation": "is_a", "tail": "steroid hormone"}, {"head": "prone position", "relation": "is_a", "tail": "body position"}, {"head": "propofol", "relation": "is_a", "tail": "anesthetic/analgesic"}, {"head": "protein synthesis inhibitor", "relation": "is_a", "tail": "inhibitor"}, {"head": "proton pump inhibitor", "relation": "is_a", "tail": "enzyme inhibitor"}, {"head": "puromycin", "relation": "is_a", "tail": "antimicrobial agent"}, {"head": "puromycin", "relation": "is_a", "tail": "antineoplastic agent"}, {"head": "puromycin", "relation": "is_a", "tail": "protein synthesis inhibitor"}, {"head": "puromycin aminonucleoside", "relation": "is_a", "tail": "nucleoside/nucleotide"}, {"head": "quercetin", "relation": "is_a", "tail": "flavonoid"}, {"head": "quinapril", "relation": "is_a", "tail": "angiotensin converting enzyme inhibitor"}, {"head": "quinidine", "relation": "is_a", "tail": "sodium channel inhibitor"}, {"head": "quinone", "relation": "is_a", "tail": "chemical with specified structure"}, {"head": "radiation exposure", "relation": "is_a", "tail": "experimental condition"}, {"head": "radioactively labeled chemical", "relation": "is_a", "tail": "labeled chemical"}, {"head": "radon exposure", "relation": "is_a", "tail": "ionizing radiation exposure"}, {"head": "ramipril", "relation": "is_a", "tail": "angiotensin converting enzyme inhibitor"}, {"head": "receptor agonist", "relation": "is_a", "tail": "activator"}, {"head": "receptor antagonist", "relation": "is_a", "tail": "inhibitor"}, {"head": "removal of maxillary molar crown", "relation": "is_a", "tail": "surgical removal"}, {"head": "reproduction condition", "relation": "is_a", "tail": "experimental condition"}, {"head": "reserpine", "relation": "is_a", "tail": "inhibitor"}, {"head": "resting", "relation": "is_a", "tail": "physical activity"}, {"head": "resting on treadmill", "relation": "is_a", "tail": "resting"}, {"head": "restricted feeding", "relation": "is_a", "tail": "diet"}, {"head": "retinal S-antigen", "relation": "is_a", "tail": "peptide/protein antigen"}, {"head": "retinoid", "relation": "is_a", "tail": "chemical with specified structure"}, {"head": "retinyl palmitate", "relation": "is_a", "tail": "antioxidant"}, {"head": "ribonucleic acid", "relation": "is_a", "tail": "nucleic acid"}, {"head": "right adrenalectomy", "relation": "is_a", "tail": "unilateral adrenalectomy"}, {"head": "right kidney transplant", "relation": "is_a", "tail": "kidney transplant"}, {"head": "right nephrectomy", "relation": "is_a", "tail": "unilateral nephrectomy"}, {"head": "right ovariectomy", "relation": "is_a", "tail": "unilateral ovariectomy"}, {"head": "rolipram", "relation": "is_a", "tail": "enzyme inhibitor"}, {"head": "room temperature ambient air", "relation": "is_a", "tail": "air temperature"}, {"head": "rosiglitazone", "relation": "is_a", "tail": "hypoglycemic agent"}, {"head": "rosiglitazone", "relation": "is_a", "tail": "receptor agonist"}, {"head": "rotenone", "relation": "is_a", "tail": "Parkinson disease inducing chemical"}, {"head": "rotenone", "relation": "is_a", "tail": "neurotoxin"}, {"head": "running", "relation": "is_a", "tail": "physical activity"}, {"head": "running on inclined treadmill", "relation": "is_a", "tail": "running on treadmill"}, {"head": "running on treadmill", "relation": "is_a", "tail": "running"}, {"head": "ruthenium red", "relation": "is_a", "tail": "cation channel inhibitor"}, {"head": "salidroside", "relation": "is_a", "tail": "antidepressant"}, {"head": "saline solution perfusate", "relation": "is_a", "tail": "perfusate"}, {"head": "sample resting period", "relation": "is_a", "tail": "experimental condition"}, {"head": "saphenous nerve axotomy", "relation": "is_a", "tail": "axotomy"}, {"head": "saralasin", "relation": "is_a", "tail": "angiotensin II receptor antagonist"}, {"head": "sciatic nerve axotomy", "relation": "is_a", "tail": "axotomy"}, {"head": "scrambled control oligodeoxynucleotide", "relation": "is_a", "tail": "deoxyribonucleic acid"}, {"head": "secretagogue", "relation": "is_a", "tail": "activator"}, {"head": "sensory stimulus", "relation": "is_a", "tail": "experimental condition"}, {"head": "serial subtraction exercise", "relation": "is_a", "tail": "mental activity"}, {"head": "sham surgical control condition", "relation": "is_a", "tail": "control condition"}, {"head": "sham surgical device implantation", "relation": "is_a", "tail": "sham surgical control condition"}, {"head": "sham surgical device implantation", "relation": "is_a", "tail": "surgical implantation"}, {"head": "silymarin", "relation": "is_a", "tail": "antioxidant"}, {"head": "sitting position", "relation": "is_a", "tail": "body position"}, {"head": "social environment condition", "relation": "is_a", "tail": "experimental condition"}, {"head": "sodium channel inhibitor", "relation": "is_a", "tail": "cation channel inhibitor"}, {"head": "sodium chloride solution", "relation": "is_a", "tail": "sodium ion solution"}, {"head": "sodium ion", "relation": "is_a", "tail": "ion/salt"}, {"head": "sodium ion solution", "relation": "is_a", "tail": "ion/salt solution"}, {"head": "sodium nitroprusside", "relation": "is_a", "tail": "vasodilator"}, {"head": "sodium p-aminohippurate", "relation": "is_a", "tail": "diagnostic agent"}, {"head": "solid diet", "relation": "is_a", "tail": "diet"}, {"head": "solution", "relation": "is_a", "tail": "experimental condition"}, {"head": "soy-free diet", "relation": "is_a", "tail": "controlled phytoestrogen content diet"}, {"head": "specific pathogen-free conditions", "relation": "is_a", "tail": "control condition"}, {"head": "spinal cord homogenate", "relation": "is_a", "tail": "antigen"}, {"head": "spironolactone", "relation": "is_a", "tail": "diuretic"}, {"head": "squalene", "relation": "is_a", "tail": "terpene"}, {"head": "standard diet", "relation": "is_a", "tail": "control condition"}, {"head": "standard diet", "relation": "is_a", "tail": "solid diet"}, {"head": "standard rat chow", "relation": "is_a", "tail": "standard diet"}, {"head": "standing position", "relation": "is_a", "tail": "body position"}, {"head": "stationary bicycle dynamometer", "relation": "is_a", "tail": "cycling, stationary"}, {"head": "steroid", "relation": "is_a", "tail": "chemical with specified structure"}, {"head": "steroid hormone", "relation": "is_a", "tail": "hormone"}, {"head": "steroid hormone", "relation": "is_a", "tail": "steroid"}, {"head": "streptococcal cell wall", "relation": "is_a", "tail": "arthritis-inducing agent"}, {"head": "streptozotocin", "relation": "is_a", "tail": "toxic substance"}, {"head": "subcutaneous interscapular air pouch", "relation": "is_a", "tail": "surgical manipulation"}, {"head": "sucrose", "relation": "is_a", "tail": "disaccharide"}, {"head": "sulfonamide", "relation": "is_a", "tail": "chemical with specified structure"}, {"head": "sunitinib", "relation": "is_a", "tail": "antineoplastic agent"}, {"head": "sunitinib", "relation": "is_a", "tail": "enzyme inhibitor"}, {"head": "sunitinib", "relation": "is_a", "tail": "receptor antagonist"}, {"head": "supine position", "relation": "is_a", "tail": "body position"}, {"head": "surgical avulsion", "relation": "is_a", "tail": "surgical removal"}, {"head": "surgical construction", "relation": "is_a", "tail": "surgical manipulation"}, {"head": "surgical denervation", "relation": "is_a", "tail": "surgical removal"}, {"head": "surgical implantation", "relation": "is_a", "tail": "surgical manipulation"}, {"head": "surgical manipulation", "relation": "is_a", "tail": "experimental condition"}, {"head": "surgical manipulation of blood vessels", "relation": "is_a", "tail": "surgical manipulation"}, {"head": "surgical removal", "relation": "is_a", "tail": "surgical manipulation"}, {"head": "swimming", "relation": "is_a", "tail": "physical activity"}, {"head": "swimming with water weights", "relation": "is_a", "tail": "physical activity"}, {"head": "tactile electric shock exposure", "relation": "is_a", "tail": "tactile stimulus"}, {"head": "tactile stimulus", "relation": "is_a", "tail": "sensory stimulus"}, {"head": "targeted cold exposure", "relation": "is_a", "tail": "cold exposure"}, {"head": "targeted heat exposure", "relation": "is_a", "tail": "heat exposure"}, {"head": "taste stimulus", "relation": "is_a", "tail": "sensory stimulus"}, {"head": "taxifolin", "relation": "is_a", "tail": "non-steroidal anti-inflammatory drug"}, {"head": "tea", "relation": "is_a", "tail": "caffeinated drink"}, {"head": "temocapril", "relation": "is_a", "tail": "angiotensin converting enzyme inhibitor"}, {"head": "temperature exposure", "relation": "is_a", "tail": "experimental condition"}, {"head": "tempol", "relation": "is_a", "tail": "antioxidant"}, {"head": "temporary social environment condition", "relation": "is_a", "tail": "social environment condition"}, {"head": "teratogen", "relation": "is_a", "tail": "disease inducing chemical"}, {"head": "terpene", "relation": "is_a", "tail": "hydrocarbon"}, {"head": "testosterone", "relation": "is_a", "tail": "steroid hormone"}, {"head": "tetracyclines", "relation": "is_a", "tail": "chemical with specified structure"}, {"head": "thapsigargin", "relation": "is_a", "tail": "enzyme inhibitor"}, {"head": "thiobutabarbital", "relation": "is_a", "tail": "anesthetic/analgesic"}, {"head": "thoracic aorta coarctation", "relation": "is_a", "tail": "blood vessel coarctation"}, {"head": "thrombin", "relation": "is_a", "tail": "enzyme"}, {"head": "thymoquinone", "relation": "is_a", "tail": "antioxidant"}, {"head": "thymoquinone", "relation": "is_a", "tail": "quinone"}, {"head": "titanium dioxide nanoparticles", "relation": "is_a", "tail": "chemical nanoparticle"}, {"head": "tobacco chewing", "relation": "is_a", "tail": "tobacco use"}, {"head": "tobacco use", "relation": "is_a", "tail": "diet"}, {"head": "tolbutamide", "relation": "is_a", "tail": "potassium channel inhibitor"}, {"head": "tolbutamide", "relation": "is_a", "tail": "secretagogue"}, {"head": "tolvaptan", "relation": "is_a", "tail": "receptor antagonist"}, {"head": "toxic substance", "relation": "is_a", "tail": "chemical with specified function"}, {"head": "toxin", "relation": "is_a", "tail": "toxic substance"}, {"head": "trans-4-hydroxy-L-proline", "relation": "is_a", "tail": "disease inducing chemical"}, {"head": "trimethaphan camsylate", "relation": "is_a", "tail": "cholinergic antagonist"}, {"head": "tritiated digoxin", "relation": "is_a", "tail": "digoxin"}, {"head": "tritiated digoxin", "relation": "is_a", "tail": "radioactively labeled chemical"}, {"head": "tritiated inulin", "relation": "is_a", "tail": "inulin"}, {"head": "tritiated inulin", "relation": "is_a", "tail": "radioactively labeled chemical"}, {"head": "tritiated quinidine", "relation": "is_a", "tail": "quinidine"}, {"head": "tritiated quinidine", "relation": "is_a", "tail": "radioactively labeled chemical"}, {"head": "tritiated verapamil", "relation": "is_a", "tail": "radioactively labeled chemical"}, {"head": "tritiated verapamil", "relation": "is_a", "tail": "verapamil"}, {"head": "two-kidney, one-clip occlusion", "relation": "is_a", "tail": "blood vessel occlusion"}, {"head": "two-kidney, two-clip occlusion", "relation": "is_a", "tail": "blood vessel occlusion"}, {"head": "type II collagen", "relation": "is_a", "tail": "collagen"}, {"head": "ultrasonic stimulus", "relation": "is_a", "tail": "auditory stimulus"}, {"head": "ultraviolet ray exposure", "relation": "is_a", "tail": "electromagnetic radiation exposure"}, {"head": "unilateral adrenalectomy", "relation": "is_a", "tail": "adrenalectomy"}, {"head": "unilateral nephrectomy", "relation": "is_a", "tail": "nephrectomy"}, {"head": "unilateral orchiectomy", "relation": "is_a", "tail": "orchiectomy"}, {"head": "unilateral ovariectomy", "relation": "is_a", "tail": "ovariectomy"}, {"head": "urethane", "relation": "is_a", "tail": "anesthetic/analgesic"}, {"head": "urethane", "relation": "is_a", "tail": "antineoplastic agent"}, {"head": "vancomycin", "relation": "is_a", "tail": "antibacterial agent"}, {"head": "vasoactive chemical", "relation": "is_a", "tail": "chemical with specified function"}, {"head": "vasoconstrictor", "relation": "is_a", "tail": "vasoactive chemical"}, {"head": "vasodilator", "relation": "is_a", "tail": "vasoactive chemical"}, {"head": "vehicle control condition", "relation": "is_a", "tail": "control condition"}, {"head": "verapamil", "relation": "is_a", "tail": "calcium channel inhibitor"}, {"head": "vinblastine", "relation": "is_a", "tail": "antineoplastic agent"}, {"head": "viral pathogen", "relation": "is_a", "tail": "pathogen"}, {"head": "visible light stimulus", "relation": "is_a", "tail": "controlled visible light exposure"}, {"head": "visible light stimulus", "relation": "is_a", "tail": "visual stimulus"}, {"head": "visual stimulus", "relation": "is_a", "tail": "sensory stimulus"}, {"head": "vitamin", "relation": "is_a", "tail": "chemical with specified function"}, {"head": "vitamin A", "relation": "is_a", "tail": "retinoid"}, {"head": "vitamin A", "relation": "is_a", "tail": "vitamin"}, {"head": "vitamin D", "relation": "is_a", "tail": "vitamin"}, {"head": "vitamin D2", "relation": "is_a", "tail": "vitamin D"}, {"head": "vitamin D3", "relation": "is_a", "tail": "vitamin D"}, {"head": "vitamin E", "relation": "is_a", "tail": "antioxidant"}, {"head": "vitamin E", "relation": "is_a", "tail": "vitamin"}, {"head": "vitamin analog", "relation": "is_a", "tail": "vitamin"}, {"head": "walking", "relation": "is_a", "tail": "physical activity"}, {"head": "walking on inclined treadmill", "relation": "is_a", "tail": "walking on treadmill"}, {"head": "walking on treadmill", "relation": "is_a", "tail": "walking"}, {"head": "water", "relation": "is_a", "tail": "drink"}, {"head": "wine", "relation": "is_a", "tail": "alcoholic drink"}, {"head": "xylazine", "relation": "is_a", "tail": "anesthetic/analgesic"}]