[{"head": "2-D shape", "relation": "is_a", "tail": "shape"}, {"head": "Category 1 cell", "relation": "is_a", "tail": "material entity"}, {"head": "Category 1 cell", "relation": "is_a", "tail": "parenchymal cell"}, {"head": "Category 1 cell", "relation": "is_a", "tail": "somatic cell"}, {"head": "Category 2 cell", "relation": "is_a", "tail": "epidermal progenitor cell"}, {"head": "Category 2 cell", "relation": "is_a", "tail": "material entity"}, {"head": "Category 2 cell", "relation": "is_a", "tail": "somatic cell"}, {"head": "Category 3 cell", "relation": "is_a", "tail": "epidermal progenitor cell"}, {"head": "Category 3 cell", "relation": "is_a", "tail": "material entity"}, {"head": "Category 3 cell", "relation": "is_a", "tail": "somatic cell"}, {"head": "Category 4 cell", "relation": "is_a", "tail": "epidermal cell"}, {"head": "Category 4 cell", "relation": "is_a", "tail": "epidermal progenitor cell"}, {"head": "Category 4 cell", "relation": "is_a", "tail": "material entity"}, {"head": "Category 4 cell", "relation": "is_a", "tail": "non ciliated epithelial cell"}, {"head": "Category 5 cell", "relation": "is_a", "tail": "ciliated epithelial cell"}, {"head": "Category 5 cell", "relation": "is_a", "tail": "epidermal cell"}, {"head": "Category 5 cell", "relation": "is_a", "tail": "material entity"}, {"head": "ER membrane", "relation": "is_a", "tail": "bounding membrane of organelle"}, {"head": "FACS sorted cell population", "relation": "is_a", "tail": "derived cell population"}, {"head": "G1 phase", "relation": "is_a", "tail": "cell cycle phase"}, {"head": "G1 phase germ cell cyst", "relation": "is_a", "tail": "germ cell cyst"}, {"head": "G1 phase neoblast", "relation": "is_a", "tail": "neoblast"}, {"head": "G1 phase oogonial cell", "relation": "is_a", "tail": "oogonial cell"}, {"head": "G1 phase oogonial stem cell", "relation": "is_a", "tail": "oogonial stem cell"}, {"head": "G1 phase spermatogonial stem cell", "relation": "is_a", "tail": "spermatogonial stem cell"}, {"head": "G1 phase spermatogonium", "relation": "is_a", "tail": "spermatogonium"}, {"head": "G2 phase", "relation": "is_a", "tail": "cell cycle phase"}, {"head": "G2 phase  oogonial stem cell", "relation": "is_a", "tail": "oogonial stem cell"}, {"head": "G2 phase germ cell cyst", "relation": "is_a", "tail": "germ cell cyst"}, {"head": "G2 phase neoblast", "relation": "is_a", "tail": "neoblast"}, {"head": "G2 phase oogonial cell", "relation": "is_a", "tail": "oogonial cell"}, {"head": "G2 phase spermatogonial stem cell", "relation": "is_a", "tail": "spermatogonial stem cell"}, {"head": "G2 phase spermatogonium", "relation": "is_a", "tail": "spermatogonium"}, {"head": "GABAergic neuron", "relation": "is_a", "tail": "independent continuant"}, {"head": "GABAergic neuron", "relation": "is_a", "tail": "neurosecretory neuron"}, {"head": "Golgi apparatus", "relation": "is_a", "tail": "intracellular membrane-bounded organelle"}, {"head": "Hyman vesicle", "relation": "is_a", "tail": "independent continuant"}, {"head": "Hyman vesicle", "relation": "is_a", "tail": "intracellular granule"}, {"head": "M phase", "relation": "is_a", "tail": "cell cycle phase"}, {"head": "S phase", "relation": "is_a", "tail": "cell cycle phase"}, {"head": "S phase germ cell cyst", "relation": "is_a", "tail": "germ cell cyst"}, {"head": "S phase neoblast", "relation": "is_a", "tail": "neoblast"}, {"head": "S phase oogonial cell", "relation": "is_a", "tail": "oogonial cell"}, {"head": "S phase oogonial stem cell", "relation": "is_a", "tail": "oogonial stem cell"}, {"head": "S phase spermatogonial stem cell", "relation": "is_a", "tail": "spermatogonial stem cell"}, {"head": "S phase spermatogonium", "relation": "is_a", "tail": "spermatogonium"}, {"head": "Smed asexual biotype", "relation": "is_a", "tail": "biotype"}, {"head": "Smed sexual biotype", "relation": "is_a", "tail": "biotype"}, {"head": "Stage 1", "relation": "is_a", "tail": "embryo stage"}, {"head": "Stage 2", "relation": "is_a", "tail": "embryo stage"}, {"head": "Stage 3", "relation": "is_a", "tail": "embryo stage"}, {"head": "Stage 4", "relation": "is_a", "tail": "embryo stage"}, {"head": "Stage 5", "relation": "is_a", "tail": "embryo stage"}, {"head": "Stage 6", "relation": "is_a", "tail": "embryo stage"}, {"head": "Stage 7", "relation": "is_a", "tail": "embryo stage"}, {"head": "Stage 8", "relation": "is_a", "tail": "embryo stage"}, {"head": "TrpA+ central nervous system neuron", "relation": "is_a", "tail": "central nervous system neuron"}, {"head": "TrpA+ central nervous system neuron", "relation": "is_a", "tail": "material entity"}, {"head": "TrpA+ neural progenitor cell", "relation": "is_a", "tail": "neoblast"}, {"head": "TrpA+ neural progenitor cell", "relation": "is_a", "tail": "neural progenitor cell"}, {"head": "X1 cell", "relation": "is_a", "tail": "FACS sorted cell population"}, {"head": "X1 cell", "relation": "is_a", "tail": "cell"}, {"head": "X1(FS) cell", "relation": "is_a", "tail": "FACS sorted cell population"}, {"head": "X1(FS) cell", "relation": "is_a", "tail": "cell"}, {"head": "X2 cell", "relation": "is_a", "tail": "FACS sorted cell population"}, {"head": "X2 cell", "relation": "is_a", "tail": "cell"}, {"head": "Xins cell", "relation": "is_a", "tail": "FACS sorted cell population"}, {"head": "Xins cell", "relation": "is_a", "tail": "cell"}, {"head": "aboral hemisphere", "relation": "is_a", "tail": "embryonic subdivision"}, {"head": "aboral hemisphere", "relation": "is_a", "tail": "independent continuant"}, {"head": "acellular anatomical structure", "relation": "is_a", "tail": "anatomical structure"}, {"head": "acidophilic gland cell", "relation": "is_a", "tail": "gland cell"}, {"head": "actin-based cell projection", "relation": "is_a", "tail": "cell projection"}, {"head": "adenal rhabdite", "relation": "is_a", "tail": "independent continuant"}, {"head": "adenal rhabdite", "relation": "is_a", "tail": "rhabdite"}, {"head": "adherens junction", "relation": "is_a", "tail": "cell junction"}, {"head": "adhesion gland", "relation": "is_a", "tail": "material entity"}, {"head": "adhesion gland", "relation": "is_a", "tail": "tissue"}, {"head": "adhesive papilla", "relation": "is_a", "tail": "cell projection"}, {"head": "adhesive papilla", "relation": "is_a", "tail": "material entity"}, {"head": "adult hermaphrodite", "relation": "is_a", "tail": "life cycle stage"}, {"head": "afferent neuron", "relation": "is_a", "tail": "neuron"}, {"head": "amputation", "relation": "is_a", "tail": "cut"}, {"head": "anaphase", "relation": "is_a", "tail": "cell cycle phase"}, {"head": "anaphase germ cell cyst", "relation": "is_a", "tail": "germ cell cyst"}, {"head": "anaphase neoblast", "relation": "is_a", "tail": "neoblast"}, {"head": "anaphase oogonial cell", "relation": "is_a", "tail": "oogonial cell"}, {"head": "anaphase oogonial stem cell", "relation": "is_a", "tail": "oogonial stem cell"}, {"head": "anaphase spermatogonia", "relation": "is_a", "tail": "spermatogonium"}, {"head": "anaphase spermatogonial stem cell", "relation": "is_a", "tail": "spermatogonial stem cell"}, {"head": "anatomical axis", "relation": "is_a", "tail": "anatomical line"}, {"head": "anatomical boundary", "relation": "is_a", "tail": "immaterial anatomical entity"}, {"head": "anatomical cavity", "relation": "is_a", "tail": "anatomical entity"}, {"head": "anatomical compartment", "relation": "is_a", "tail": "anatomical structure"}, {"head": "anatomical compartment boundary", "relation": "is_a", "tail": "anatomical boundary"}, {"head": "anatomical entity", "relation": "is_a", "tail": "biological entity"}, {"head": "anatomical line", "relation": "is_a", "tail": "immaterial anatomical entity"}, {"head": "anatomical plane", "relation": "is_a", "tail": "anatomical boundary"}, {"head": "anatomical region", "relation": "is_a", "tail": "anatomical structure"}, {"head": "anatomical region", "relation": "is_a", "tail": "organism subdivision"}, {"head": "anatomical side", "relation": "is_a", "tail": "anatomical region"}, {"head": "anatomical structure", "relation": "is_a", "tail": "material anatomical entity"}, {"head": "anatomical structure development", "relation": "is_a", "tail": "developmental process"}, {"head": "anatomical surface", "relation": "is_a", "tail": "anatomical boundary"}, {"head": "anatomical system", "relation": "is_a", "tail": "multicellular anatomical structure"}, {"head": "anchor cell", "relation": "is_a", "tail": "acidophilic gland cell"}, {"head": "anchor cell", "relation": "is_a", "tail": "material entity"}, {"head": "anterior commissure", "relation": "is_a", "tail": "brain commissure"}, {"head": "anterior fragment", "relation": "is_a", "tail": "fragment"}, {"head": "anterior gut branch", "relation": "is_a", "tail": "gut branch"}, {"head": "anterior gut branch", "relation": "is_a", "tail": "material entity"}, {"head": "anterior muscle cell", "relation": "is_a", "tail": "material entity"}, {"head": "anterior muscle cell", "relation": "is_a", "tail": "muscle cell"}, {"head": "anterior photoreceptor neuron", "relation": "is_a", "tail": "photoreceptor neuron"}, {"head": "anterior pole", "relation": "is_a", "tail": "anatomical region"}, {"head": "anterior pole", "relation": "is_a", "tail": "material entity"}, {"head": "anterior pole progenitor cell", "relation": "is_a", "tail": "neoblast"}, {"head": "anterior primary gut branch", "relation": "is_a", "tail": "material entity"}, {"head": "anterior primary gut branch", "relation": "is_a", "tail": "primary gut branch"}, {"head": "anterior region", "relation": "is_a", "tail": "anatomical region"}, {"head": "anterior region of anterior fragment", "relation": "is_a", "tail": "material entity"}, {"head": "anterior region of head fragment", "relation": "is_a", "tail": "material entity"}, {"head": "anterior region of lateral fragment", "relation": "is_a", "tail": "material entity"}, {"head": "anterior region of longitudinal fragment", "relation": "is_a", "tail": "material entity"}, {"head": "anterior region of plug fragment", "relation": "is_a", "tail": "material entity"}, {"head": "anterior region of posterior fragment", "relation": "is_a", "tail": "material entity"}, {"head": "anterior region of postpharyngeal fragment", "relation": "is_a", "tail": "material entity"}, {"head": "anterior region of prepharyngeal fragment", "relation": "is_a", "tail": "material entity"}, {"head": "anterior region of tail fragment", "relation": "is_a", "tail": "material entity"}, {"head": "anterior region of the eye", "relation": "is_a", "tail": "material entity"}, {"head": "anterior region of the whole animal", "relation": "is_a", "tail": "material entity"}, {"head": "anterior region of trunk fragment", "relation": "is_a", "tail": "material entity"}, {"head": "anterior region of wedge fragment", "relation": "is_a", "tail": "material entity"}, {"head": "anterior side", "relation": "is_a", "tail": "anatomical side"}, {"head": "anterior surface", "relation": "is_a", "tail": "anatomical surface"}, {"head": "anterior tip", "relation": "is_a", "tail": "anatomical region"}, {"head": "anterior tip", "relation": "is_a", "tail": "material entity"}, {"head": "anterior-posterior axis", "relation": "is_a", "tail": "anatomical axis"}, {"head": "anterior-posterior axis of the whole animal", "relation": "is_a", "tail": "material entity"}, {"head": "antero-dorsal region", "relation": "is_a", "tail": "anterior region"}, {"head": "antero-dorsal region", "relation": "is_a", "tail": "dorsal region"}, {"head": "antero-lateral region", "relation": "is_a", "tail": "anterior region"}, {"head": "antero-lateral region", "relation": "is_a", "tail": "lateral region"}, {"head": "antero-ventral region", "relation": "is_a", "tail": "anterior region"}, {"head": "antero-ventral region", "relation": "is_a", "tail": "ventral region"}, {"head": "antrum", "relation": "is_a", "tail": "anatomical cavity"}, {"head": "apical region", "relation": "is_a", "tail": "anatomical region"}, {"head": "apical side", "relation": "is_a", "tail": "anatomical side"}, {"head": "apical surface", "relation": "is_a", "tail": "anatomical surface"}, {"head": "apical surface of the epidermis", "relation": "is_a", "tail": "material entity"}, {"head": "apical-basal axis relative to substrate", "relation": "is_a", "tail": "anatomical axis"}, {"head": "asexual adult", "relation": "is_a", "tail": "life cycle stage"}, {"head": "asexual organism", "relation": "is_a", "tail": "independent continuant"}, {"head": "asexual organism", "relation": "is_a", "tail": "whole organism"}, {"head": "auricle", "relation": "is_a", "tail": "material entity"}, {"head": "auricle", "relation": "is_a", "tail": "organ"}, {"head": "autonomic neuron", "relation": "is_a", "tail": "peripheral nervous system neuron"}, {"head": "axon", "relation": "is_a", "tail": "cell projection"}, {"head": "axon tract", "relation": "is_a", "tail": "tissue"}, {"head": "axoneme", "relation": "is_a", "tail": "independent continuant"}, {"head": "axoneme", "relation": "is_a", "tail": "intracellular non-membrane-bounded organelle"}, {"head": "basal body", "relation": "is_a", "tail": "independent continuant"}, {"head": "basal body", "relation": "is_a", "tail": "intracellular non-membrane-bounded organelle"}, {"head": "basal lamina of epidermis", "relation": "is_a", "tail": "acellular anatomical structure"}, {"head": "basal lamina of epidermis", "relation": "is_a", "tail": "independent continuant"}, {"head": "basal region", "relation": "is_a", "tail": "anatomical region"}, {"head": "basal side", "relation": "is_a", "tail": "anatomical side"}, {"head": "basal surface", "relation": "is_a", "tail": "anatomical surface"}, {"head": "basal surface of the epidermis", "relation": "is_a", "tail": "material entity"}, {"head": "basophilic gland cell", "relation": "is_a", "tail": "gland cell"}, {"head": "biological entity", "relation": "is_a", "tail": "independent continuant"}, {"head": "biological phase", "relation": "is_a", "tail": "biological_process"}, {"head": "biological_process", "relation": "is_a", "tail": "process"}, {"head": "bipolar neuron", "relation": "is_a", "tail": "interneuron"}, {"head": "blastema", "relation": "is_a", "tail": "regenerating anatomical structure"}, {"head": "blastomere", "relation": "is_a", "tail": "embryonic cell"}, {"head": "blastomere", "relation": "is_a", "tail": "material entity"}, {"head": "body wall musculature", "relation": "is_a", "tail": "material entity"}, {"head": "body wall musculature", "relation": "is_a", "tail": "organ"}, {"head": "bounding membrane of organelle", "relation": "is_a", "tail": "membrane"}, {"head": "brain commissure", "relation": "is_a", "tail": "commissure"}, {"head": "brain commissure", "relation": "is_a", "tail": "material entity"}, {"head": "brain visual center", "relation": "is_a", "tail": "material entity"}, {"head": "brain visual center", "relation": "is_a", "tail": "tissue"}, {"head": "bulbar cavity", "relation": "is_a", "tail": "anatomical cavity"}, {"head": "bulbar cavity", "relation": "is_a", "tail": "material entity"}, {"head": "bursal canal", "relation": "is_a", "tail": "material entity"}, {"head": "bursal canal", "relation": "is_a", "tail": "tissue"}, {"head": "catalytic activity", "relation": "is_a", "tail": "molecular_function"}, {"head": "cell", "relation": "is_a", "tail": "anatomical structure"}, {"head": "cell body", "relation": "is_a", "tail": "cellular_component"}, {"head": "cell cycle", "relation": "is_a", "tail": "cellular process"}, {"head": "cell cycle phase", "relation": "is_a", "tail": "biological phase"}, {"head": "cell cycle process", "relation": "is_a", "tail": "cellular process"}, {"head": "cell division", "relation": "is_a", "tail": "cellular process"}, {"head": "cell junction", "relation": "is_a", "tail": "cell-cell contact zone"}, {"head": "cell projection", "relation": "is_a", "tail": "cellular_component"}, {"head": "cell-cell adhesion", "relation": "is_a", "tail": "cell-cell contact zone"}, {"head": "cell-cell contact zone", "relation": "is_a", "tail": "cellular_component"}, {"head": "cell-cell junction", "relation": "is_a", "tail": "cell junction"}, {"head": "cellular component organization", "relation": "is_a", "tail": "cellular component organization or biogenesis"}, {"head": "cellular component organization or biogenesis", "relation": "is_a", "tail": "cellular process"}, {"head": "cellular process", "relation": "is_a", "tail": "biological_process"}, {"head": "cement gland", "relation": "is_a", "tail": "material entity"}, {"head": "cement gland", "relation": "is_a", "tail": "tissue"}, {"head": "central nervous system", "relation": "is_a", "tail": "nervous system"}, {"head": "central nervous system neuron", "relation": "is_a", "tail": "neuron"}, {"head": "centrally registered identifier", "relation": "is_a", "tail": "identifier"}, {"head": "centrally registered identifier registry", "relation": "is_a", "tail": "data set"}, {"head": "centrally registered identifier symbol", "relation": "is_a", "tail": "symbol"}, {"head": "cephalic ganglia", "relation": "is_a", "tail": "material entity"}, {"head": "cephalic ganglia", "relation": "is_a", "tail": "organ"}, {"head": "cephalic ganglia lobe", "relation": "is_a", "tail": "material entity"}, {"head": "cephalic ganglia lobe", "relation": "is_a", "tail": "tissue"}, {"head": "cephalic ganglia neuron", "relation": "is_a", "tail": "central nervous system neuron"}, {"head": "cephalic ganglia neuron", "relation": "is_a", "tail": "material entity"}, {"head": "cephalic ganglia primordium", "relation": "is_a", "tail": "anatomical entity"}, {"head": "cephalic ganglia primordium", "relation": "is_a", "tail": "primordium"}, {"head": "cephalic ganglia progenitor cell", "relation": "is_a", "tail": "anatomical entity"}, {"head": "cephalic ganglia progenitor cell", "relation": "is_a", "tail": "progenitor cell"}, {"head": "chemical amputation", "relation": "is_a", "tail": "wound"}, {"head": "chemical pharynx amputation", "relation": "is_a", "tail": "chemical amputation"}, {"head": "chemical wound", "relation": "is_a", "tail": "wound"}, {"head": "chemosensory neuron", "relation": "is_a", "tail": "sensory neuron"}, {"head": "cholinergic neuron", "relation": "is_a", "tail": "independent continuant"}, {"head": "cholinergic neuron", "relation": "is_a", "tail": "neurosecretory neuron"}, {"head": "chromatin", "relation": "is_a", "tail": "nuclear part"}, {"head": "chromatoid body", "relation": "is_a", "tail": "non-membrane-bounded organelle"}, {"head": "chromosomal_structural_element", "relation": "is_a", "tail": "chromosome part"}, {"head": "chromosome", "relation": "is_a", "tail": "non-membrane-bounded organelle"}, {"head": "chromosome", "relation": "is_a", "tail": "nuclear part"}, {"head": "chromosome arm", "relation": "is_a", "tail": "chromosome part"}, {"head": "chromosome part", "relation": "is_a", "tail": "nuclear part"}, {"head": "cilated neuron", "relation": "is_a", "tail": "neuron"}, {"head": "ciliated epithelial cell", "relation": "is_a", "tail": "epithelial cell"}, {"head": "ciliated epithelium", "relation": "is_a", "tail": "epithelium"}, {"head": "cilium", "relation": "is_a", "tail": "cell projection"}, {"head": "cintillo+ sensory neuron", "relation": "is_a", "tail": "material entity"}, {"head": "cintillo+ sensory neuron", "relation": "is_a", "tail": "sensory neuron"}, {"head": "circular muscle cell", "relation": "is_a", "tail": "material entity"}, {"head": "circular muscle cell", "relation": "is_a", "tail": "muscle cell"}, {"head": "circular muscle progenitor cell", "relation": "is_a", "tail": "muscle progenitor cell"}, {"head": "circular muscle progenitor cell", "relation": "is_a", "tail": "neoblast"}, {"head": "circular muscle progenitor cell", "relation": "is_a", "tail": "somatic cell"}, {"head": "clonogenic neoblast", "relation": "is_a", "tail": "neoblast"}, {"head": "clonogenic neoblast", "relation": "is_a", "tail": "somatic cell"}, {"head": "collecting duct", "relation": "is_a", "tail": "material entity"}, {"head": "collecting duct", "relation": "is_a", "tail": "tissue"}, {"head": "collecting duct epithelial cell", "relation": "is_a", "tail": "material entity"}, {"head": "collecting duct epithelial cell", "relation": "is_a", "tail": "non ciliated epithelial cell"}, {"head": "commissural neuron", "relation": "is_a", "tail": "neuron"}, {"head": "commissure", "relation": "is_a", "tail": "tissue"}, {"head": "continuant", "relation": "is_a", "tail": "entity"}, {"head": "copulatory apparatus", "relation": "is_a", "tail": "material entity"}, {"head": "copulatory apparatus", "relation": "is_a", "tail": "reproductive structure"}, {"head": "copulatory bursa", "relation": "is_a", "tail": "material entity"}, {"head": "copulatory bursa", "relation": "is_a", "tail": "reproductive organ"}, {"head": "copulatory region", "relation": "is_a", "tail": "anatomical region"}, {"head": "copulatory region", "relation": "is_a", "tail": "material entity"}, {"head": "cuneate", "relation": "is_a", "tail": "triangular"}, {"head": "curation status specification", "relation": "is_a", "tail": "data about an ontology part"}, {"head": "cut", "relation": "is_a", "tail": "surgical wound"}, {"head": "cytoplasm", "relation": "is_a", "tail": "intracellular part"}, {"head": "cytoplasmic part", "relation": "is_a", "tail": "intracellular part"}, {"head": "cytoplasmic vesicle part", "relation": "is_a", "tail": "cytoplasmic part"}, {"head": "data about an ontology part", "relation": "is_a", "tail": "data item"}, {"head": "data item", "relation": "is_a", "tail": "information content entity"}, {"head": "data set", "relation": "is_a", "tail": "data item"}, {"head": "definitive organism subdivision", "relation": "is_a", "tail": "organism subdivision"}, {"head": "dendrite", "relation": "is_a", "tail": "cell projection"}, {"head": "denotator type", "relation": "is_a", "tail": "data about an ontology part"}, {"head": "derived cell population", "relation": "is_a", "tail": "material anatomical entity"}, {"head": "developing anatomical structure", "relation": "is_a", "tail": "material anatomical entity"}, {"head": "developmental process", "relation": "is_a", "tail": "biological_process"}, {"head": "developmental process involved in reproduction", "relation": "is_a", "tail": "developmental process"}, {"head": "developmental process involved in reproduction", "relation": "is_a", "tail": "reproductive process"}, {"head": "diagonal muscle cell", "relation": "is_a", "tail": "material entity"}, {"head": "diagonal muscle cell", "relation": "is_a", "tail": "muscle cell"}, {"head": "diakinesis", "relation": "is_a", "tail": "meiosis I cell cycle phase"}, {"head": "diakinesis stage spermatocyte", "relation": "is_a", "tail": "spermatocyte"}, {"head": "digestive system", "relation": "is_a", "tail": "anatomical system"}, {"head": "digestive tract lumen", "relation": "is_a", "tail": "lumen"}, {"head": "digestive tract lumen", "relation": "is_a", "tail": "material entity"}, {"head": "diplotene", "relation": "is_a", "tail": "meiosis I cell cycle phase"}, {"head": "diplotene stage spermatocyte", "relation": "is_a", "tail": "spermatocyte"}, {"head": "distal tubule", "relation": "is_a", "tail": "material entity"}, {"head": "distal tubule", "relation": "is_a", "tail": "tissue"}, {"head": "distal tubule epithelial cell", "relation": "is_a", "tail": "material entity"}, {"head": "distal tubule epithelial cell", "relation": "is_a", "tail": "non ciliated epithelial cell"}, {"head": "dopaminergic neuron", "relation": "is_a", "tail": "independent continuant"}, {"head": "dopaminergic neuron", "relation": "is_a", "tail": "neurosecretory neuron"}, {"head": "dorsal epidermis progenitor cell", "relation": "is_a", "tail": "anatomical entity"}, {"head": "dorsal epidermis progenitor cell", "relation": "is_a", "tail": "progenitor cell"}, {"head": "dorsal midline", "relation": "is_a", "tail": "material entity"}, {"head": "dorsal region", "relation": "is_a", "tail": "anatomical region"}, {"head": "dorsal region of anterior fragment", "relation": "is_a", "tail": "material entity"}, {"head": "dorsal region of head fragment", "relation": "is_a", "tail": "material entity"}, {"head": "dorsal region of lateral fragment", "relation": "is_a", "tail": "material entity"}, {"head": "dorsal region of longitudinal fragment", "relation": "is_a", "tail": "material entity"}, {"head": "dorsal region of plug fragment", "relation": "is_a", "tail": "material entity"}, {"head": "dorsal region of posterior fragment", "relation": "is_a", "tail": "material entity"}, {"head": "dorsal region of postpharyngeal fragment", "relation": "is_a", "tail": "material entity"}, {"head": "dorsal region of prepharyngeal fragment", "relation": "is_a", "tail": "material entity"}, {"head": "dorsal region of tail", "relation": "is_a", "tail": "material entity"}, {"head": "dorsal region of tail fragment", "relation": "is_a", "tail": "material entity"}, {"head": "dorsal region of the epidermis", "relation": "is_a", "tail": "material entity"}, {"head": "dorsal region of the whole animal", "relation": "is_a", "tail": "material entity"}, {"head": "dorsal region of trunk fragment", "relation": "is_a", "tail": "material entity"}, {"head": "dorsal side", "relation": "is_a", "tail": "anatomical side"}, {"head": "dorsal stripe", "relation": "is_a", "tail": "ciliated epithelium"}, {"head": "dorsal stripe", "relation": "is_a", "tail": "material entity"}, {"head": "dorsal surface", "relation": "is_a", "tail": "anatomical surface"}, {"head": "dorsal ventral margin of the whole animal", "relation": "is_a", "tail": "material entity"}, {"head": "dorsal-ventral axis", "relation": "is_a", "tail": "anatomical axis"}, {"head": "dorsal-ventral axis of the whole animal", "relation": "is_a", "tail": "material entity"}, {"head": "dorsal-ventral muscle cell", "relation": "is_a", "tail": "material entity"}, {"head": "dorsal-ventral muscle cell", "relation": "is_a", "tail": "muscle cell"}, {"head": "dorsal/ventral compartment boundary", "relation": "is_a", "tail": "anatomical compartment boundary"}, {"head": "dorso-lateral region", "relation": "is_a", "tail": "dorsal region"}, {"head": "dorso-lateral region", "relation": "is_a", "tail": "lateral region"}, {"head": "early female germ cell", "relation": "is_a", "tail": "female germ cell"}, {"head": "early female germ cell", "relation": "is_a", "tail": "material entity"}, {"head": "early male germ cell", "relation": "is_a", "tail": "male germ cell"}, {"head": "early male germ cell", "relation": "is_a", "tail": "material entity"}, {"head": "ectolecithal embryo", "relation": "is_a", "tail": "embryo"}, {"head": "efferent neuron", "relation": "is_a", "tail": "neuron"}, {"head": "egg capsule", "relation": "is_a", "tail": "reproductive system product"}, {"head": "electrically responsive cell", "relation": "is_a", "tail": "terminally differentiated cell"}, {"head": "electrically signaling cell", "relation": "is_a", "tail": "terminally differentiated cell"}, {"head": "elongate spermatid", "relation": "is_a", "tail": "spermatid"}, {"head": "embryo", "relation": "is_a", "tail": "reproductive system product"}, {"head": "embryo", "relation": "is_a", "tail": "whole organism"}, {"head": "embryo stage", "relation": "is_a", "tail": "life cycle stage"}, {"head": "embryonic cell", "relation": "is_a", "tail": "cell"}, {"head": "embryonic digestive system", "relation": "is_a", "tail": "extraembryonic structure"}, {"head": "embryonic digestive system", "relation": "is_a", "tail": "independent continuant"}, {"head": "embryonic gut", "relation": "is_a", "tail": "extraembryonic organ"}, {"head": "embryonic gut", "relation": "is_a", "tail": "material entity"}, {"head": "embryonic gut cavity", "relation": "is_a", "tail": "anatomical cavity"}, {"head": "embryonic gut cavity", "relation": "is_a", "tail": "material entity"}, {"head": "embryonic gut cell", "relation": "is_a", "tail": "extraembryonic cell"}, {"head": "embryonic gut cell", "relation": "is_a", "tail": "material entity"}, {"head": "embryonic gut cell surface", "relation": "is_a", "tail": "anatomical surface"}, {"head": "embryonic pharynx", "relation": "is_a", "tail": "extraembryonic organ"}, {"head": "embryonic pharynx", "relation": "is_a", "tail": "material entity"}, {"head": "embryonic pharynx circular muscle cell", "relation": "is_a", "tail": "extraembryonic cell"}, {"head": "embryonic pharynx circular muscle cell", "relation": "is_a", "tail": "material entity"}, {"head": "embryonic pharynx circular muscle cell", "relation": "is_a", "tail": "muscle cell"}, {"head": "embryonic pharynx epithelial cell", "relation": "is_a", "tail": "epithelial cell"}, {"head": "embryonic pharynx epithelial cell", "relation": "is_a", "tail": "extraembryonic cell"}, {"head": "embryonic pharynx epithelial cell", "relation": "is_a", "tail": "material entity"}, {"head": "embryonic pharynx lumen", "relation": "is_a", "tail": "lumen"}, {"head": "embryonic pharynx lumen", "relation": "is_a", "tail": "material entity"}, {"head": "embryonic pharynx lumen epithelial surface", "relation": "is_a", "tail": "anatomical surface"}, {"head": "embryonic pharynx neuron", "relation": "is_a", "tail": "extraembryonic cell"}, {"head": "embryonic pharynx neuron", "relation": "is_a", "tail": "material entity"}, {"head": "embryonic pharynx neuron", "relation": "is_a", "tail": "neuron"}, {"head": "embryonic pharynx radial muscle cell", "relation": "is_a", "tail": "extraembryonic cell"}, {"head": "embryonic pharynx radial muscle cell", "relation": "is_a", "tail": "material entity"}, {"head": "embryonic pharynx radial muscle cell", "relation": "is_a", "tail": "muscle cell"}, {"head": "embryonic structure", "relation": "is_a", "tail": "developing anatomical structure"}, {"head": "embryonic subdivision", "relation": "is_a", "tail": "organism subdivision"}, {"head": "embryonic wall", "relation": "is_a", "tail": "embryonic subdivision"}, {"head": "embryonic wall", "relation": "is_a", "tail": "independent continuant"}, {"head": "endoplasmic reticulum", "relation": "is_a", "tail": "intracellular membrane-bounded organelle"}, {"head": "enteric muscle cell", "relation": "is_a", "tail": "independent continuant"}, {"head": "enteric musculature", "relation": "is_a", "tail": "material entity"}, {"head": "enteric musculature", "relation": "is_a", "tail": "visceral musculature"}, {"head": "enteric neuron", "relation": "is_a", "tail": "autonomic neuron"}, {"head": "epidermal cell", "relation": "is_a", "tail": "epithelial cell"}, {"head": "epidermal progenitor cell", "relation": "is_a", "tail": "anatomical entity"}, {"head": "epidermal progenitor cell", "relation": "is_a", "tail": "progenitor cell"}, {"head": "epidermal rhabdite", "relation": "is_a", "tail": "independent continuant"}, {"head": "epidermal rhabdite", "relation": "is_a", "tail": "rhabdite"}, {"head": "epidermis", "relation": "is_a", "tail": "material entity"}, {"head": "epidermis", "relation": "is_a", "tail": "organ"}, {"head": "epithelial cell", "relation": "is_a", "tail": "terminally differentiated cell"}, {"head": "epithelial cell component", "relation": "is_a", "tail": "cellular_component"}, {"head": "epithelium", "relation": "is_a", "tail": "tissue"}, {"head": "esophagus", "relation": "is_a", "tail": "material entity"}, {"head": "esophagus", "relation": "is_a", "tail": "tissue"}, {"head": "euchromatin", "relation": "is_a", "tail": "chromatin"}, {"head": "eumelanin", "relation": "is_a", "tail": "cellular_component"}, {"head": "eumelanin", "relation": "is_a", "tail": "independent continuant"}, {"head": "excitatory motor neuron", "relation": "is_a", "tail": "motor neuron"}, {"head": "excitatory motor neuron", "relation": "is_a", "tail": "peripheral nervous system neuron"}, {"head": "excretory cell", "relation": "is_a", "tail": "terminally differentiated cell"}, {"head": "extracellular matrix", "relation": "is_a", "tail": "acellular anatomical structure"}, {"head": "extracellular matrix", "relation": "is_a", "tail": "independent continuant"}, {"head": "extracellular organelle", "relation": "is_a", "tail": "organelle"}, {"head": "extracellular space", "relation": "is_a", "tail": "acellular anatomical structure"}, {"head": "extraembryonic cell", "relation": "is_a", "tail": "terminally differentiated cell"}, {"head": "extraembryonic organ", "relation": "is_a", "tail": "organ"}, {"head": "extraembryonic structure", "relation": "is_a", "tail": "developing anatomical structure"}, {"head": "eye", "relation": "is_a", "tail": "material entity"}, {"head": "eye", "relation": "is_a", "tail": "organ"}, {"head": "eye cell", "relation": "is_a", "tail": "independent continuant"}, {"head": "eye primordium", "relation": "is_a", "tail": "anatomical entity"}, {"head": "eye primordium", "relation": "is_a", "tail": "primordium"}, {"head": "female germ cell", "relation": "is_a", "tail": "germ cell"}, {"head": "female primordial germ cell", "relation": "is_a", "tail": "female germ cell"}, {"head": "female primordial germ cell", "relation": "is_a", "tail": "material entity"}, {"head": "female primordial germ cell", "relation": "is_a", "tail": "stem cell"}, {"head": "fission", "relation": "is_a", "tail": "wound"}, {"head": "fission fragment", "relation": "is_a", "tail": "fragment"}, {"head": "fission plane", "relation": "is_a", "tail": "anatomical plane"}, {"head": "flagellum", "relation": "is_a", "tail": "cell projection"}, {"head": "flagellum", "relation": "is_a", "tail": "independent continuant"}, {"head": "flame bulb", "relation": "is_a", "tail": "material entity"}, {"head": "flame bulb", "relation": "is_a", "tail": "tissue"}, {"head": "flame cell", "relation": "is_a", "tail": "material entity"}, {"head": "flame cell", "relation": "is_a", "tail": "terminally differentiated cell"}, {"head": "flame cell lumen", "relation": "is_a", "tail": "protonephridial lumen"}, {"head": "fragment", "relation": "is_a", "tail": "regenerating anatomical structure"}, {"head": "gamete", "relation": "is_a", "tail": "germ cell"}, {"head": "gamete", "relation": "is_a", "tail": "reproductive system product"}, {"head": "gamma neoblast", "relation": "is_a", "tail": "neoblast"}, {"head": "ganglion", "relation": "is_a", "tail": "tissue"}, {"head": "gap junction", "relation": "is_a", "tail": "cell-cell junction"}, {"head": "gastrodermal cell", "relation": "is_a", "tail": "independent continuant"}, {"head": "gastrodermal plexus", "relation": "is_a", "tail": "material entity"}, {"head": "gastrodermal plexus", "relation": "is_a", "tail": "nerve plexus"}, {"head": "gastrodermis", "relation": "is_a", "tail": "epithelium"}, {"head": "gastrodermis", "relation": "is_a", "tail": "material entity"}, {"head": "gastrodermis surface", "relation": "is_a", "tail": "anatomical surface"}, {"head": "generically dependent continuant", "relation": "is_a", "tail": "continuant"}, {"head": "genital atrium", "relation": "is_a", "tail": "anatomical cavity"}, {"head": "genital atrium", "relation": "is_a", "tail": "material entity"}, {"head": "germ cell", "relation": "is_a", "tail": "cell"}, {"head": "germ cell cyst", "relation": "is_a", "tail": "reproductive structure"}, {"head": "germ cell cyst", "relation": "is_a", "tail": "syncytium"}, {"head": "germline stem cell", "relation": "is_a", "tail": "independent continuant"}, {"head": "germline stem cell", "relation": "is_a", "tail": "stem cell"}, {"head": "gland cell", "relation": "is_a", "tail": "epithelial cell"}, {"head": "glial cell", "relation": "is_a", "tail": "material entity"}, {"head": "glial cell", "relation": "is_a", "tail": "neuron associated cell (sensu Nematoda and Protostomia)"}, {"head": "glutamatergic neuron", "relation": "is_a", "tail": "independent continuant"}, {"head": "glutamatergic neuron", "relation": "is_a", "tail": "neurosecretory neuron"}, {"head": "glycogen granule", "relation": "is_a", "tail": "intracellular granule"}, {"head": "goblet cell", "relation": "is_a", "tail": "material entity"}, {"head": "goblet cell", "relation": "is_a", "tail": "secretory cell"}, {"head": "gonad", "relation": "is_a", "tail": "reproductive organ"}, {"head": "gonad primoridium", "relation": "is_a", "tail": "anatomical entity"}, {"head": "gonad primoridium", "relation": "is_a", "tail": "primordium"}, {"head": "gonopore", "relation": "is_a", "tail": "material entity"}, {"head": "gonopore", "relation": "is_a", "tail": "pore"}, {"head": "gut", "relation": "is_a", "tail": "material entity"}, {"head": "gut", "relation": "is_a", "tail": "organ"}, {"head": "gut branch", "relation": "is_a", "tail": "independent continuant"}, {"head": "gut branch", "relation": "is_a", "tail": "tissue"}, {"head": "head blastema", "relation": "is_a", "tail": "anatomical entity"}, {"head": "head blastema", "relation": "is_a", "tail": "blastema"}, {"head": "head fragment", "relation": "is_a", "tail": "fragment"}, {"head": "head margin", "relation": "is_a", "tail": "dorsal ventral margin of the whole animal"}, {"head": "head region", "relation": "is_a", "tail": "anatomical region"}, {"head": "head region", "relation": "is_a", "tail": "independent continuant"}, {"head": "heterochromatin", "relation": "is_a", "tail": "chromatin"}, {"head": "horizontal plane", "relation": "is_a", "tail": "anatomical plane"}, {"head": "identifier", "relation": "is_a", "tail": "information content entity"}, {"head": "immaterial anatomical entity", "relation": "is_a", "tail": "anatomical entity"}, {"head": "immaterial anatomical entity", "relation": "is_a", "tail": "immaterial entity"}, {"head": "immaterial entity", "relation": "is_a", "tail": "independent continuant"}, {"head": "incision", "relation": "is_a", "tail": "cut"}, {"head": "independent continuant", "relation": "is_a", "tail": "continuant"}, {"head": "information content entity", "relation": "is_a", "tail": "generically dependent continuant"}, {"head": "inner longitudinal muscle cell", "relation": "is_a", "tail": "longitudinal muscle cell"}, {"head": "inner longitudinal muscle cell", "relation": "is_a", "tail": "material entity"}, {"head": "inner zone of gland cells", "relation": "is_a", "tail": "material entity"}, {"head": "inner zone of gland cells", "relation": "is_a", "tail": "tissue"}, {"head": "integumental system", "relation": "is_a", "tail": "anatomical system"}, {"head": "intercellular junction", "relation": "is_a", "tail": "cell-cell junction"}, {"head": "interneuron", "relation": "is_a", "tail": "neuron"}, {"head": "interphase", "relation": "is_a", "tail": "cell cycle phase"}, {"head": "intestinal phagocyte", "relation": "is_a", "tail": "material entity"}, {"head": "intestinal phagocyte", "relation": "is_a", "tail": "terminally differentiated cell"}, {"head": "intracellular granule", "relation": "is_a", "tail": "intracellular non-membrane-bounded organelle"}, {"head": "intracellular membrane-bounded organelle", "relation": "is_a", "tail": "intracellular organelle"}, {"head": "intracellular membrane-bounded organelle", "relation": "is_a", "tail": "membrane-bounded organelle"}, {"head": "intracellular non-membrane-bounded organelle", "relation": "is_a", "tail": "intracellular organelle"}, {"head": "intracellular non-membrane-bounded organelle", "relation": "is_a", "tail": "non-membrane-bounded organelle"}, {"head": "intracellular organelle", "relation": "is_a", "tail": "intracellular part"}, {"head": "intracellular part", "relation": "is_a", "tail": "cellular_component"}, {"head": "juvenile", "relation": "is_a", "tail": "life cycle stage"}, {"head": "juvenile", "relation": "is_a", "tail": "whole organism"}, {"head": "kinase activity", "relation": "is_a", "tail": "transferase activity, transferring phosphorus-containing groups"}, {"head": "klf+ sensory neuron progenitor cell", "relation": "is_a", "tail": "neoblast"}, {"head": "klf+ sensory neuron progenitor cell", "relation": "is_a", "tail": "neural progenitor cell"}, {"head": "lateral branch", "relation": "is_a", "tail": "material entity"}, {"head": "lateral branch", "relation": "is_a", "tail": "tissue"}, {"head": "lateral fragment", "relation": "is_a", "tail": "fragment"}, {"head": "lateral muscle cell", "relation": "is_a", "tail": "material entity"}, {"head": "lateral muscle cell", "relation": "is_a", "tail": "muscle cell"}, {"head": "lateral nerve", "relation": "is_a", "tail": "independent continuant"}, {"head": "lateral nerve", "relation": "is_a", "tail": "tissue"}, {"head": "lateral region", "relation": "is_a", "tail": "anatomical region"}, {"head": "lateral region of the whole animal", "relation": "is_a", "tail": "material entity"}, {"head": "lateral side", "relation": "is_a", "tail": "anatomical side"}, {"head": "lateral surface", "relation": "is_a", "tail": "anatomical surface"}, {"head": "left-right axis", "relation": "is_a", "tail": "anatomical axis"}, {"head": "left-right axis of the whole animal", "relation": "is_a", "tail": "material entity"}, {"head": "leptotene", "relation": "is_a", "tail": "meiosis I cell cycle phase"}, {"head": "leptotene stage spermatocyte", "relation": "is_a", "tail": "spermatocyte"}, {"head": "linear amputation", "relation": "is_a", "tail": "amputation"}, {"head": "linear incision", "relation": "is_a", "tail": "incision"}, {"head": "lipid droplet", "relation": "is_a", "tail": "intracellular non-membrane-bounded organelle"}, {"head": "longitudinal fragment", "relation": "is_a", "tail": "fragment"}, {"head": "longitudinal muscle cell", "relation": "is_a", "tail": "muscle cell"}, {"head": "longitudinal muscle progenitor cell", "relation": "is_a", "tail": "muscle progenitor cell"}, {"head": "longitudinal muscle progenitor cell", "relation": "is_a", "tail": "neoblast"}, {"head": "longitudinal orientation", "relation": "is_a", "tail": "orientation"}, {"head": "longitudinal region", "relation": "is_a", "tail": "anatomical region"}, {"head": "lumen", "relation": "is_a", "tail": "anatomical cavity"}, {"head": "lysosome", "relation": "is_a", "tail": "intracellular membrane-bounded organelle"}, {"head": "male germ cell", "relation": "is_a", "tail": "germ cell"}, {"head": "male primordial germ cell", "relation": "is_a", "tail": "male germ cell"}, {"head": "male primordial germ cell", "relation": "is_a", "tail": "material entity"}, {"head": "male primordial germ cell", "relation": "is_a", "tail": "stem cell"}, {"head": "marginal adhesive zone", "relation": "is_a", "tail": "anatomical compartment"}, {"head": "material anatomical entity", "relation": "is_a", "tail": "anatomical entity"}, {"head": "material anatomical entity", "relation": "is_a", "tail": "material entity"}, {"head": "material entity", "relation": "is_a", "tail": "independent continuant"}, {"head": "mechanoreceptor cell", "relation": "is_a", "tail": "sensory neuron"}, {"head": "mechanosensory neuron", "relation": "is_a", "tail": "sensory neuron"}, {"head": "medial muscle cell", "relation": "is_a", "tail": "material entity"}, {"head": "medial muscle cell", "relation": "is_a", "tail": "muscle cell"}, {"head": "medial-external axis", "relation": "is_a", "tail": "anatomical axis"}, {"head": "medial-lateral axis", "relation": "is_a", "tail": "medial-external axis"}, {"head": "medial-lateral axis of the whole animal", "relation": "is_a", "tail": "material entity"}, {"head": "meiosis I cell cycle phase", "relation": "is_a", "tail": "meiotic cell cycle phase"}, {"head": "meiosis II cell cycle phase", "relation": "is_a", "tail": "meiotic cell cycle phase"}, {"head": "meiosis II stage spermatocyte", "relation": "is_a", "tail": "spermatocyte"}, {"head": "meiotic G1 phase", "relation": "is_a", "tail": "G1 phase"}, {"head": "meiotic G1 phase spermatocyte", "relation": "is_a", "tail": "spermatocyte"}, {"head": "meiotic G2 phase", "relation": "is_a", "tail": "G2 phase"}, {"head": "meiotic G2 phase spermatocyte", "relation": "is_a", "tail": "spermatocyte"}, {"head": "meiotic M phase", "relation": "is_a", "tail": "M phase"}, {"head": "meiotic M phase", "relation": "is_a", "tail": "meiotic cell cycle phase"}, {"head": "meiotic S phase", "relation": "is_a", "tail": "S phase"}, {"head": "meiotic S phase spermatocyte", "relation": "is_a", "tail": "spermatocyte"}, {"head": "meiotic anaphase I", "relation": "is_a", "tail": "anaphase"}, {"head": "meiotic anaphase I", "relation": "is_a", "tail": "meiosis I cell cycle phase"}, {"head": "meiotic anaphase I stage spermatocyte", "relation": "is_a", "tail": "spermatocyte"}, {"head": "meiotic anaphase II", "relation": "is_a", "tail": "anaphase"}, {"head": "meiotic anaphase II", "relation": "is_a", "tail": "meiosis II cell cycle phase"}, {"head": "meiotic anaphase II spermatocyte", "relation": "is_a", "tail": "meiosis II stage spermatocyte"}, {"head": "meiotic cell cycle", "relation": "is_a", "tail": "cell cycle"}, {"head": "meiotic cell cycle", "relation": "is_a", "tail": "reproductive process"}, {"head": "meiotic cell cycle phase", "relation": "is_a", "tail": "cell cycle phase"}, {"head": "meiotic cell cycle process", "relation": "is_a", "tail": "cell cycle process"}, {"head": "meiotic cell cycle process", "relation": "is_a", "tail": "reproductive process"}, {"head": "meiotic germ cell", "relation": "is_a", "tail": "germ cell"}, {"head": "meiotic germ cell", "relation": "is_a", "tail": "independent continuant"}, {"head": "meiotic interphase", "relation": "is_a", "tail": "interphase"}, {"head": "meiotic interphase", "relation": "is_a", "tail": "meiotic cell cycle phase"}, {"head": "meiotic metaphase 1 stage spermatocyte", "relation": "is_a", "tail": "spermatocyte"}, {"head": "meiotic metaphase 2 spermatocyte", "relation": "is_a", "tail": "meiosis II stage spermatocyte"}, {"head": "meiotic metaphase I", "relation": "is_a", "tail": "meiosis I cell cycle phase"}, {"head": "meiotic metaphase I", "relation": "is_a", "tail": "metaphase"}, {"head": "meiotic metaphase II", "relation": "is_a", "tail": "meiosis II cell cycle phase"}, {"head": "meiotic metaphase II", "relation": "is_a", "tail": "metaphase"}, {"head": "meiotic nuclear division", "relation": "is_a", "tail": "meiotic cell cycle process"}, {"head": "meiotic nuclear division", "relation": "is_a", "tail": "nuclear division"}, {"head": "meiotic prophase I", "relation": "is_a", "tail": "meiosis I cell cycle phase"}, {"head": "meiotic prophase I", "relation": "is_a", "tail": "prophase"}, {"head": "meiotic prophase I spermatocyte", "relation": "is_a", "tail": "spermatocyte"}, {"head": "meiotic prophase II", "relation": "is_a", "tail": "meiosis II cell cycle phase"}, {"head": "meiotic prophase II", "relation": "is_a", "tail": "prophase"}, {"head": "meiotic prophase II spermatocyte", "relation": "is_a", "tail": "meiosis II stage spermatocyte"}, {"head": "meiotic telophase I", "relation": "is_a", "tail": "meiosis I cell cycle phase"}, {"head": "meiotic telophase I", "relation": "is_a", "tail": "telophase"}, {"head": "meiotic telophase I spermatocyte", "relation": "is_a", "tail": "spermatocyte"}, {"head": "meiotic telophase II", "relation": "is_a", "tail": "meiosis II cell cycle phase"}, {"head": "meiotic telophase II", "relation": "is_a", "tail": "telophase"}, {"head": "meiotic telophase II spermatocyte", "relation": "is_a", "tail": "meiosis II stage spermatocyte"}, {"head": "melanin pigment granule", "relation": "is_a", "tail": "independent continuant"}, {"head": "melanosome", "relation": "is_a", "tail": "intracellular membrane-bounded organelle"}, {"head": "melanosome", "relation": "is_a", "tail": "material entity"}, {"head": "membrane", "relation": "is_a", "tail": "cellular_component"}, {"head": "membrane part", "relation": "is_a", "tail": "cellular_component"}, {"head": "membrane-bounded organelle", "relation": "is_a", "tail": "organelle"}, {"head": "metaphase", "relation": "is_a", "tail": "cell cycle phase"}, {"head": "metaphase germ cell cyst", "relation": "is_a", "tail": "germ cell cyst"}, {"head": "metaphase neoblast", "relation": "is_a", "tail": "neoblast"}, {"head": "metaphase oogonial cell", "relation": "is_a", "tail": "oogonial cell"}, {"head": "metaphase oogonial stem cell", "relation": "is_a", "tail": "oogonial stem cell"}, {"head": "metaphase spermatogonia", "relation": "is_a", "tail": "spermatogonium"}, {"head": "metaphase spermatogonial stem cell", "relation": "is_a", "tail": "spermatogonial stem cell"}, {"head": "microvillus", "relation": "is_a", "tail": "actin-based cell projection"}, {"head": "midline", "relation": "is_a", "tail": "anatomical region"}, {"head": "midline", "relation": "is_a", "tail": "independent continuant"}, {"head": "mitochondrion", "relation": "is_a", "tail": "intracellular membrane-bounded organelle"}, {"head": "mitotic G1 phase", "relation": "is_a", "tail": "G1 phase"}, {"head": "mitotic G2 phase", "relation": "is_a", "tail": "G2 phase"}, {"head": "mitotic M phase", "relation": "is_a", "tail": "M phase"}, {"head": "mitotic M phase", "relation": "is_a", "tail": "mitotic cell cycle phase"}, {"head": "mitotic S phase", "relation": "is_a", "tail": "S phase"}, {"head": "mitotic anaphase", "relation": "is_a", "tail": "anaphase"}, {"head": "mitotic cell cycle", "relation": "is_a", "tail": "cell cycle"}, {"head": "mitotic cell cycle phase", "relation": "is_a", "tail": "cell cycle phase"}, {"head": "mitotic cell cycle process", "relation": "is_a", "tail": "cell cycle process"}, {"head": "mitotic interphase", "relation": "is_a", "tail": "interphase"}, {"head": "mitotic interphase", "relation": "is_a", "tail": "mitotic cell cycle phase"}, {"head": "mitotic metaphase", "relation": "is_a", "tail": "metaphase"}, {"head": "mitotic nuclear division", "relation": "is_a", "tail": "mitotic cell cycle process"}, {"head": "mitotic nuclear division", "relation": "is_a", "tail": "nuclear division"}, {"head": "mitotic prophase", "relation": "is_a", "tail": "prophase"}, {"head": "mitotic telophase", "relation": "is_a", "tail": "telophase"}, {"head": "molecular_function", "relation": "is_a", "tail": "process"}, {"head": "morphology", "relation": "is_a", "tail": "physical object quality"}, {"head": "morphology", "relation": "is_a", "tail": "quality"}, {"head": "motor neuron", "relation": "is_a", "tail": "efferent neuron"}, {"head": "mouth", "relation": "is_a", "tail": "material entity"}, {"head": "mouth", "relation": "is_a", "tail": "organ"}, {"head": "mucus", "relation": "is_a", "tail": "acellular anatomical structure"}, {"head": "mucus", "relation": "is_a", "tail": "material entity"}, {"head": "multicellular anatomical structure", "relation": "is_a", "tail": "anatomical structure"}, {"head": "multipolar neuron", "relation": "is_a", "tail": "neuron"}, {"head": "muscle cell", "relation": "is_a", "tail": "electrically responsive cell"}, {"head": "muscle progenitor cell", "relation": "is_a", "tail": "progenitor cell"}, {"head": "musculature system", "relation": "is_a", "tail": "anatomical system"}, {"head": "neoblast", "relation": "is_a", "tail": "material entity"}, {"head": "neoblast", "relation": "is_a", "tail": "progenitor cell"}, {"head": "neoblast", "relation": "is_a", "tail": "stem cell"}, {"head": "nephridiopore", "relation": "is_a", "tail": "independent continuant"}, {"head": "nephridiopore", "relation": "is_a", "tail": "pore"}, {"head": "nerve", "relation": "is_a", "tail": "tissue"}, {"head": "nerve plexus", "relation": "is_a", "tail": "tissue"}, {"head": "nervous system", "relation": "is_a", "tail": "anatomical system"}, {"head": "neural progenitor cell", "relation": "is_a", "tail": "anatomical entity"}, {"head": "neural progenitor cell", "relation": "is_a", "tail": "progenitor cell"}, {"head": "neurite", "relation": "is_a", "tail": "cell projection"}, {"head": "neuron", "relation": "is_a", "tail": "electrically signaling cell"}, {"head": "neuron associated cell (sensu Nematoda and Protostomia)", "relation": "is_a", "tail": "terminally differentiated cell"}, {"head": "neuron projection bundle", "relation": "is_a", "tail": "axon tract"}, {"head": "neuropeptidergic neuron", "relation": "is_a", "tail": "neuron"}, {"head": "neuropil", "relation": "is_a", "tail": "material entity"}, {"head": "neuropil", "relation": "is_a", "tail": "tissue"}, {"head": "neurosecretory neuron", "relation": "is_a", "tail": "neuron"}, {"head": "neurosecretory neuron", "relation": "is_a", "tail": "secretory cell"}, {"head": "non ciliated epithelial cell", "relation": "is_a", "tail": "epithelial cell"}, {"head": "non-ciliated epidermis", "relation": "is_a", "tail": "epidermis"}, {"head": "non-ciliated neuron", "relation": "is_a", "tail": "neuron"}, {"head": "non-membrane-bounded organelle", "relation": "is_a", "tail": "organelle"}, {"head": "nu neoblast", "relation": "is_a", "tail": "neoblast"}, {"head": "nu neoblast", "relation": "is_a", "tail": "neural progenitor cell"}, {"head": "nuclear division", "relation": "is_a", "tail": "organelle fission"}, {"head": "nuclear envelope", "relation": "is_a", "tail": "membrane"}, {"head": "nuclear inner membrane", "relation": "is_a", "tail": "membrane part"}, {"head": "nuclear lumen", "relation": "is_a", "tail": "nuclear part"}, {"head": "nuclear outer membrane", "relation": "is_a", "tail": "membrane part"}, {"head": "nuclear part", "relation": "is_a", "tail": "intracellular part"}, {"head": "nuclear periphery", "relation": "is_a", "tail": "nuclear part"}, {"head": "nuclear pore", "relation": "is_a", "tail": "nuclear part"}, {"head": "nuclear pore", "relation": "is_a", "tail": "pore"}, {"head": "nucleolus", "relation": "is_a", "tail": "nuclear part"}, {"head": "nucleus", "relation": "is_a", "tail": "intracellular membrane-bounded organelle"}, {"head": "obsolescence reason specification", "relation": "is_a", "tail": "data about an ontology part"}, {"head": "occurrent", "relation": "is_a", "tail": "entity"}, {"head": "octopaminergic neuron", "relation": "is_a", "tail": "independent continuant"}, {"head": "octopaminergic neuron", "relation": "is_a", "tail": "neurosecretory neuron"}, {"head": "ommochrome pigment cell", "relation": "is_a", "tail": "material entity"}, {"head": "ommochrome pigment cell", "relation": "is_a", "tail": "pigment cell"}, {"head": "oocyte", "relation": "is_a", "tail": "female germ cell"}, {"head": "oocyte", "relation": "is_a", "tail": "gamete"}, {"head": "oogonial cell", "relation": "is_a", "tail": "female germ cell"}, {"head": "oogonial cell", "relation": "is_a", "tail": "material entity"}, {"head": "oogonial cell", "relation": "is_a", "tail": "progenitor cell"}, {"head": "oogonial stem cell", "relation": "is_a", "tail": "female germ cell"}, {"head": "oogonial stem cell", "relation": "is_a", "tail": "material entity"}, {"head": "oogonial stem cell", "relation": "is_a", "tail": "stem cell"}, {"head": "optic chiasm", "relation": "is_a", "tail": "material entity"}, {"head": "optic chiasm", "relation": "is_a", "tail": "neuron projection bundle"}, {"head": "optic cup", "relation": "is_a", "tail": "material entity"}, {"head": "optic cup", "relation": "is_a", "tail": "tissue"}, {"head": "optic cup progenitor cell", "relation": "is_a", "tail": "anatomical entity"}, {"head": "optic cup progenitor cell", "relation": "is_a", "tail": "progenitor cell"}, {"head": "optic nerve", "relation": "is_a", "tail": "material entity"}, {"head": "optic nerve", "relation": "is_a", "tail": "nerve"}, {"head": "oral hemisphere", "relation": "is_a", "tail": "embryonic subdivision"}, {"head": "oral hemisphere", "relation": "is_a", "tail": "independent continuant"}, {"head": "oral opening", "relation": "is_a", "tail": "anatomical cavity"}, {"head": "oral opening", "relation": "is_a", "tail": "material entity"}, {"head": "oral-aboral axis", "relation": "is_a", "tail": "anatomical axis"}, {"head": "oral-aboral axis of the embryo", "relation": "is_a", "tail": "material entity"}, {"head": "organ", "relation": "is_a", "tail": "multicellular anatomical structure"}, {"head": "organelle", "relation": "is_a", "tail": "cellular_component"}, {"head": "organelle fission", "relation": "is_a", "tail": "organelle organization"}, {"head": "organelle membrane", "relation": "is_a", "tail": "membrane"}, {"head": "organelle organization", "relation": "is_a", "tail": "cellular component organization"}, {"head": "organism subdivision", "relation": "is_a", "tail": "anatomical structure"}, {"head": "orientation", "relation": "is_a", "tail": "position"}, {"head": "outer longitudinal muscle cell", "relation": "is_a", "tail": "longitudinal muscle cell"}, {"head": "outer longitudinal muscle cell", "relation": "is_a", "tail": "material entity"}, {"head": "ovarian somatic gonadal cell", "relation": "is_a", "tail": "material entity"}, {"head": "ovarian somatic gonadal cell", "relation": "is_a", "tail": "terminally differentiated cell"}, {"head": "ovary", "relation": "is_a", "tail": "gonad"}, {"head": "ovary", "relation": "is_a", "tail": "material entity"}, {"head": "ovary lumen", "relation": "is_a", "tail": "independent continuant"}, {"head": "ovary lumen", "relation": "is_a", "tail": "lumen"}, {"head": "ovary nerve plexus", "relation": "is_a", "tail": "material entity"}, {"head": "ovary nerve plexus", "relation": "is_a", "tail": "nerve plexus"}, {"head": "ovary primordium", "relation": "is_a", "tail": "gonad primoridium"}, {"head": "oviduct", "relation": "is_a", "tail": "material entity"}, {"head": "oviduct", "relation": "is_a", "tail": "reproductive organ"}, {"head": "oviduct epithelial cell", "relation": "is_a", "tail": "ciliated epithelial cell"}, {"head": "oviduct epithelial cell", "relation": "is_a", "tail": "material entity"}, {"head": "oviduct epithelium", "relation": "is_a", "tail": "ciliated epithelium"}, {"head": "oviduct epithelium", "relation": "is_a", "tail": "material entity"}, {"head": "oviduct lumen", "relation": "is_a", "tail": "lumen"}, {"head": "oviduct lumen", "relation": "is_a", "tail": "material entity"}, {"head": "pachytene", "relation": "is_a", "tail": "meiosis I cell cycle phase"}, {"head": "pachytene stage spermatocyte", "relation": "is_a", "tail": "spermatocyte"}, {"head": "parapharyngeal region", "relation": "is_a", "tail": "anatomical region"}, {"head": "parapharyngeal region", "relation": "is_a", "tail": "independent continuant"}, {"head": "parasagittal orientation", "relation": "is_a", "tail": "sagittal orientation"}, {"head": "parenchyma", "relation": "is_a", "tail": "material entity"}, {"head": "parenchyma", "relation": "is_a", "tail": "tissue"}, {"head": "parenchymal musculature", "relation": "is_a", "tail": "material entity"}, {"head": "parenchymal musculature", "relation": "is_a", "tail": "organ"}, {"head": "pax3/7+ neural progenitor cell", "relation": "is_a", "tail": "neoblast"}, {"head": "pax3/7+ neural progenitor cell", "relation": "is_a", "tail": "neural progenitor cell"}, {"head": "penis papilla", "relation": "is_a", "tail": "material entity"}, {"head": "penis papilla", "relation": "is_a", "tail": "reproductive organ"}, {"head": "peripheral nervous system", "relation": "is_a", "tail": "nervous system"}, {"head": "peripheral nervous system neuron", "relation": "is_a", "tail": "neuron"}, {"head": "phagocytic cell", "relation": "is_a", "tail": "terminally differentiated cell"}, {"head": "pharynx", "relation": "is_a", "tail": "material entity"}, {"head": "pharynx", "relation": "is_a", "tail": "organ"}, {"head": "pharynx circular muscle cell", "relation": "is_a", "tail": "material entity"}, {"head": "pharynx circular muscle cell", "relation": "is_a", "tail": "muscle cell"}, {"head": "pharynx epithelial cell", "relation": "is_a", "tail": "independent continuant"}, {"head": "pharynx epithelium", "relation": "is_a", "tail": "epithelium"}, {"head": "pharynx epithelium", "relation": "is_a", "tail": "material entity"}, {"head": "pharynx inner circular muscle cell", "relation": "is_a", "tail": "pharynx circular muscle cell"}, {"head": "pharynx inner epidermal cell", "relation": "is_a", "tail": "ciliated epithelial cell"}, {"head": "pharynx inner epidermal cell", "relation": "is_a", "tail": "epidermal cell"}, {"head": "pharynx inner epidermal cell", "relation": "is_a", "tail": "material entity"}, {"head": "pharynx inner epithelium", "relation": "is_a", "tail": "ciliated epithelium"}, {"head": "pharynx inner epithelium", "relation": "is_a", "tail": "material entity"}, {"head": "pharynx inner epithelium surface", "relation": "is_a", "tail": "anatomical surface"}, {"head": "pharynx inner longitudinal muscle cell", "relation": "is_a", "tail": "pharynx longitudinal muscle cell"}, {"head": "pharynx inner nerve plexus", "relation": "is_a", "tail": "pharynx nerve plexus"}, {"head": "pharynx longitudinal muscle cell", "relation": "is_a", "tail": "independent continuant"}, {"head": "pharynx longitudinal muscle cell", "relation": "is_a", "tail": "muscle cell"}, {"head": "pharynx lumen", "relation": "is_a", "tail": "lumen"}, {"head": "pharynx lumen", "relation": "is_a", "tail": "material entity"}, {"head": "pharynx muscle cell", "relation": "is_a", "tail": "independent continuant"}, {"head": "pharynx musculature", "relation": "is_a", "tail": "material entity"}, {"head": "pharynx musculature", "relation": "is_a", "tail": "tissue"}, {"head": "pharynx nerve plexus", "relation": "is_a", "tail": "material entity"}, {"head": "pharynx nerve plexus", "relation": "is_a", "tail": "nerve plexus"}, {"head": "pharynx neuron", "relation": "is_a", "tail": "independent continuant"}, {"head": "pharynx outer circular muscle cell", "relation": "is_a", "tail": "pharynx circular muscle cell"}, {"head": "pharynx outer epidermal cell", "relation": "is_a", "tail": "ciliated epithelial cell"}, {"head": "pharynx outer epidermal cell", "relation": "is_a", "tail": "epidermal cell"}, {"head": "pharynx outer epidermal cell", "relation": "is_a", "tail": "material entity"}, {"head": "pharynx outer epithelium", "relation": "is_a", "tail": "ciliated epithelium"}, {"head": "pharynx outer epithelium", "relation": "is_a", "tail": "material entity"}, {"head": "pharynx outer epithelium surface", "relation": "is_a", "tail": "anatomical surface"}, {"head": "pharynx outer longitudinal muscle cell", "relation": "is_a", "tail": "pharynx longitudinal muscle cell"}, {"head": "pharynx outer nerve plexus", "relation": "is_a", "tail": "pharynx nerve plexus"}, {"head": "pharynx pouch", "relation": "is_a", "tail": "material entity"}, {"head": "pharynx pouch", "relation": "is_a", "tail": "tissue"}, {"head": "pharynx pouch cavity", "relation": "is_a", "tail": "anatomical cavity"}, {"head": "pharynx pouch cavity", "relation": "is_a", "tail": "material entity"}, {"head": "pharynx pouch epithelial cell", "relation": "is_a", "tail": "independent continuant"}, {"head": "pharynx pouch epithelial surface", "relation": "is_a", "tail": "anatomical surface"}, {"head": "pharynx pouch epithelium", "relation": "is_a", "tail": "epithelium"}, {"head": "pharynx pouch epithelium", "relation": "is_a", "tail": "material entity"}, {"head": "pharynx primordium", "relation": "is_a", "tail": "anatomical entity"}, {"head": "pharynx primordium", "relation": "is_a", "tail": "primordium"}, {"head": "pharynx progenitor cell", "relation": "is_a", "tail": "anatomical entity"}, {"head": "pharynx progenitor cell", "relation": "is_a", "tail": "progenitor cell"}, {"head": "pharynx radial muscle cell", "relation": "is_a", "tail": "material entity"}, {"head": "pharynx radial muscle cell", "relation": "is_a", "tail": "muscle cell"}, {"head": "pharynx tip", "relation": "is_a", "tail": "independent continuant"}, {"head": "pharynx tip", "relation": "is_a", "tail": "tissue"}, {"head": "photoreceptor neuron", "relation": "is_a", "tail": "material entity"}, {"head": "photoreceptor neuron", "relation": "is_a", "tail": "neuron"}, {"head": "physical object quality", "relation": "is_a", "tail": "quality"}, {"head": "physical quality", "relation": "is_a", "tail": "physical object quality"}, {"head": "pigment cell", "relation": "is_a", "tail": "terminally differentiated cell"}, {"head": "pigment cup cell", "relation": "is_a", "tail": "material entity"}, {"head": "pigment cup cell", "relation": "is_a", "tail": "neuron associated cell (sensu Nematoda and Protostomia)"}, {"head": "pigment cup primordium", "relation": "is_a", "tail": "anatomical entity"}, {"head": "pigment cup primordium", "relation": "is_a", "tail": "primordium"}, {"head": "pigment granule", "relation": "is_a", "tail": "membrane-bounded organelle"}, {"head": "pigmentation", "relation": "is_a", "tail": "biological_process"}, {"head": "plasma membrane", "relation": "is_a", "tail": "membrane"}, {"head": "plasma membrane part", "relation": "is_a", "tail": "membrane part"}, {"head": "plug amputation", "relation": "is_a", "tail": "amputation"}, {"head": "plug fragment", "relation": "is_a", "tail": "fragment"}, {"head": "plug shaped", "relation": "is_a", "tail": "shape"}, {"head": "plug wound", "relation": "is_a", "tail": "wound"}, {"head": "point incision", "relation": "is_a", "tail": "incision"}, {"head": "pore", "relation": "is_a", "tail": "anatomical cavity"}, {"head": "position", "relation": "is_a", "tail": "physical quality"}, {"head": "post-blastema region", "relation": "is_a", "tail": "anatomical region"}, {"head": "post-meiotic germ cell", "relation": "is_a", "tail": "germ cell"}, {"head": "post-meiotic germ cell", "relation": "is_a", "tail": "independent continuant"}, {"head": "posterior fragment", "relation": "is_a", "tail": "fragment"}, {"head": "posterior muscle cell", "relation": "is_a", "tail": "material entity"}, {"head": "posterior muscle cell", "relation": "is_a", "tail": "muscle cell"}, {"head": "posterior photoreceptor neuron", "relation": "is_a", "tail": "photoreceptor neuron"}, {"head": "posterior pole", "relation": "is_a", "tail": "anatomical region"}, {"head": "posterior pole", "relation": "is_a", "tail": "material entity"}, {"head": "posterior primary gut branch", "relation": "is_a", "tail": "material entity"}, {"head": "posterior primary gut branch", "relation": "is_a", "tail": "primary gut branch"}, {"head": "posterior region", "relation": "is_a", "tail": "anatomical region"}, {"head": "posterior region of anterior fragment", "relation": "is_a", "tail": "material entity"}, {"head": "posterior region of head fragment", "relation": "is_a", "tail": "material entity"}, {"head": "posterior region of lateral fragment", "relation": "is_a", "tail": "material entity"}, {"head": "posterior region of longitudinal fragment", "relation": "is_a", "tail": "material entity"}, {"head": "posterior region of plug fragment", "relation": "is_a", "tail": "material entity"}, {"head": "posterior region of posterior fragment", "relation": "is_a", "tail": "material entity"}, {"head": "posterior region of postpharyngeal fragment", "relation": "is_a", "tail": "material entity"}, {"head": "posterior region of prepharyngeal fragment", "relation": "is_a", "tail": "material entity"}, {"head": "posterior region of tail fragment", "relation": "is_a", "tail": "material entity"}, {"head": "posterior region of the eye", "relation": "is_a", "tail": "material entity"}, {"head": "posterior region of the whole animal", "relation": "is_a", "tail": "material entity"}, {"head": "posterior region of trunk fragment", "relation": "is_a", "tail": "material entity"}, {"head": "posterior region of wedge fragment", "relation": "is_a", "tail": "material entity"}, {"head": "posterior side", "relation": "is_a", "tail": "anatomical side"}, {"head": "posterior surface", "relation": "is_a", "tail": "anatomical surface"}, {"head": "postero-dorsal region", "relation": "is_a", "tail": "dorsal region"}, {"head": "postero-dorsal region", "relation": "is_a", "tail": "posterior region"}, {"head": "postero-lateral region", "relation": "is_a", "tail": "lateral region"}, {"head": "postero-lateral region", "relation": "is_a", "tail": "posterior region"}, {"head": "postero-ventral region", "relation": "is_a", "tail": "posterior region"}, {"head": "postero-ventral region", "relation": "is_a", "tail": "ventral region"}, {"head": "postpharyngeal fragment", "relation": "is_a", "tail": "fragment"}, {"head": "postpharyngeal region", "relation": "is_a", "tail": "anatomical region"}, {"head": "postpharyngeal region", "relation": "is_a", "tail": "material entity"}, {"head": "postsynaptic cell", "relation": "is_a", "tail": "cell"}, {"head": "postsynaptic cell", "relation": "is_a", "tail": "independent continuant"}, {"head": "premeiotic germ cell", "relation": "is_a", "tail": "germ cell"}, {"head": "premeiotic germ cell", "relation": "is_a", "tail": "independent continuant"}, {"head": "prepharyngeal fragment", "relation": "is_a", "tail": "fragment"}, {"head": "prepharyngeal midline", "relation": "is_a", "tail": "material entity"}, {"head": "prepharyngeal region", "relation": "is_a", "tail": "anatomical region"}, {"head": "prepharyngeal region", "relation": "is_a", "tail": "material entity"}, {"head": "presynaptic cell", "relation": "is_a", "tail": "neuron"}, {"head": "presynaptic terminal", "relation": "is_a", "tail": "cellular_component"}, {"head": "presynaptic vesicle", "relation": "is_a", "tail": "membrane-bounded organelle"}, {"head": "primary gut branch", "relation": "is_a", "tail": "gut branch"}, {"head": "primitive ectoderm", "relation": "is_a", "tail": "extraembryonic organ"}, {"head": "primitive ectoderm", "relation": "is_a", "tail": "material entity"}, {"head": "primitive ectoderm cell", "relation": "is_a", "tail": "ciliated epithelial cell"}, {"head": "primitive ectoderm cell", "relation": "is_a", "tail": "extraembryonic cell"}, {"head": "primitive ectoderm cell", "relation": "is_a", "tail": "material entity"}, {"head": "primitive ectoderm surface", "relation": "is_a", "tail": "anatomical surface"}, {"head": "primitive gut", "relation": "is_a", "tail": "extraembryonic organ"}, {"head": "primitive gut", "relation": "is_a", "tail": "material entity"}, {"head": "primitive gut cell", "relation": "is_a", "tail": "extraembryonic cell"}, {"head": "primitive gut cell", "relation": "is_a", "tail": "material entity"}, {"head": "primordium", "relation": "is_a", "tail": "regenerating anatomical structure"}, {"head": "primtive gut cell surface", "relation": "is_a", "tail": "anatomical surface"}, {"head": "process", "relation": "is_a", "tail": "occurrent"}, {"head": "progenitor cell", "relation": "is_a", "tail": "cell"}, {"head": "progenitor cell", "relation": "is_a", "tail": "independent continuant"}, {"head": "prophase", "relation": "is_a", "tail": "cell cycle phase"}, {"head": "prophase  oogonial stem cell", "relation": "is_a", "tail": "oogonial stem cell"}, {"head": "prophase germ cell cyst", "relation": "is_a", "tail": "germ cell cyst"}, {"head": "prophase neoblast", "relation": "is_a", "tail": "neoblast"}, {"head": "prophase oogonial cell", "relation": "is_a", "tail": "oogonial cell"}, {"head": "prophase spermatogonial stem cell", "relation": "is_a", "tail": "spermatogonial stem cell"}, {"head": "prophase spermatogonium", "relation": "is_a", "tail": "spermatogonium"}, {"head": "protonephridia", "relation": "is_a", "tail": "material entity"}, {"head": "protonephridia", "relation": "is_a", "tail": "organ"}, {"head": "protonephridial lumen", "relation": "is_a", "tail": "independent continuant"}, {"head": "protonephridial lumen", "relation": "is_a", "tail": "lumen"}, {"head": "protonephridial progenitor cell", "relation": "is_a", "tail": "anatomical entity"}, {"head": "protonephridial progenitor cell", "relation": "is_a", "tail": "progenitor cell"}, {"head": "proximal tubule", "relation": "is_a", "tail": "material entity"}, {"head": "proximal tubule", "relation": "is_a", "tail": "tissue"}, {"head": "proximal tubule epithelial cell", "relation": "is_a", "tail": "ciliated epithelial cell"}, {"head": "proximal tubule epithelial cell", "relation": "is_a", "tail": "material entity"}, {"head": "proximal-distal axis", "relation": "is_a", "tail": "anatomical axis"}, {"head": "proximal-distal axis of the whole animal", "relation": "is_a", "tail": "material entity"}, {"head": "quality", "relation": "is_a", "tail": "specifically dependent continuant"}, {"head": "quarternary gut branch", "relation": "is_a", "tail": "gut branch"}, {"head": "regenerating anatomical structure", "relation": "is_a", "tail": "anatomical structure"}, {"head": "regenerating anterior fragment", "relation": "is_a", "tail": "anterior fragment"}, {"head": "regenerating anterior fragment", "relation": "is_a", "tail": "regenerating fragment"}, {"head": "regenerating fragment", "relation": "is_a", "tail": "fragment"}, {"head": "regenerating head fragment", "relation": "is_a", "tail": "head fragment"}, {"head": "regenerating head fragment", "relation": "is_a", "tail": "regenerating fragment"}, {"head": "regenerating lateral fragment", "relation": "is_a", "tail": "lateral fragment"}, {"head": "regenerating lateral fragment", "relation": "is_a", "tail": "regenerating fragment"}, {"head": "regenerating longitudinal fragment", "relation": "is_a", "tail": "longitudinal fragment"}, {"head": "regenerating longitudinal fragment", "relation": "is_a", "tail": "regenerating fragment"}, {"head": "regenerating plug fragment", "relation": "is_a", "tail": "plug fragment"}, {"head": "regenerating plug fragment", "relation": "is_a", "tail": "regenerating fragment"}, {"head": "regenerating posterior fragment", "relation": "is_a", "tail": "posterior fragment"}, {"head": "regenerating posterior fragment", "relation": "is_a", "tail": "regenerating fragment"}, {"head": "regenerating postpharyngeal fragment", "relation": "is_a", "tail": "postpharyngeal fragment"}, {"head": "regenerating postpharyngeal fragment", "relation": "is_a", "tail": "regenerating fragment"}, {"head": "regenerating prepharyngeal fragment", "relation": "is_a", "tail": "prepharyngeal fragment"}, {"head": "regenerating prepharyngeal fragment", "relation": "is_a", "tail": "regenerating fragment"}, {"head": "regenerating tail fragment", "relation": "is_a", "tail": "regenerating fragment"}, {"head": "regenerating tail fragment", "relation": "is_a", "tail": "tail fragment"}, {"head": "regenerating trunk fragment", "relation": "is_a", "tail": "regenerating fragment"}, {"head": "regenerating trunk fragment", "relation": "is_a", "tail": "trunk fragment"}, {"head": "regenerating wedge fragment", "relation": "is_a", "tail": "regenerating fragment"}, {"head": "regenerating wedge fragment", "relation": "is_a", "tail": "wedge fragment"}, {"head": "regeneration", "relation": "is_a", "tail": "anatomical structure development"}, {"head": "releasing gland cell", "relation": "is_a", "tail": "acidophilic gland cell"}, {"head": "releasing gland cell", "relation": "is_a", "tail": "material entity"}, {"head": "renal system", "relation": "is_a", "tail": "anatomical system"}, {"head": "reproduction", "relation": "is_a", "tail": "biological_process"}, {"head": "reproductive organ", "relation": "is_a", "tail": "independent continuant"}, {"head": "reproductive organ", "relation": "is_a", "tail": "organ"}, {"head": "reproductive process", "relation": "is_a", "tail": "biological_process"}, {"head": "reproductive structure", "relation": "is_a", "tail": "anatomical structure"}, {"head": "reproductive structure", "relation": "is_a", "tail": "independent continuant"}, {"head": "reproductive system", "relation": "is_a", "tail": "anatomical system"}, {"head": "reproductive system product", "relation": "is_a", "tail": "anatomical structure"}, {"head": "reproductive system product", "relation": "is_a", "tail": "material entity"}, {"head": "rhabdite", "relation": "is_a", "tail": "epithelial cell component"}, {"head": "rhabdome", "relation": "is_a", "tail": "material entity"}, {"head": "rhabdome", "relation": "is_a", "tail": "tissue"}, {"head": "rhabdomere", "relation": "is_a", "tail": "cell projection"}, {"head": "rhabdomere", "relation": "is_a", "tail": "material entity"}, {"head": "ribosome", "relation": "is_a", "tail": "intracellular non-membrane-bounded organelle"}, {"head": "rough endoplasmic reticulum", "relation": "is_a", "tail": "endoplasmic reticulum"}, {"head": "round spermatid", "relation": "is_a", "tail": "spermatid"}, {"head": "sagittal orientation", "relation": "is_a", "tail": "longitudinal orientation"}, {"head": "sagittal plane", "relation": "is_a", "tail": "anatomical axis"}, {"head": "sagittal plane", "relation": "is_a", "tail": "anatomical plane"}, {"head": "sagittal plane of the whole animal", "relation": "is_a", "tail": "material entity"}, {"head": "secondary gut branch", "relation": "is_a", "tail": "gut branch"}, {"head": "secretory cell", "relation": "is_a", "tail": "terminally differentiated cell"}, {"head": "secretory duct", "relation": "is_a", "tail": "independent continuant"}, {"head": "secretory duct", "relation": "is_a", "tail": "tissue"}, {"head": "secretory granule", "relation": "is_a", "tail": "membrane-bounded organelle"}, {"head": "secretory pore", "relation": "is_a", "tail": "independent continuant"}, {"head": "secretory pore", "relation": "is_a", "tail": "pore"}, {"head": "secretory system", "relation": "is_a", "tail": "anatomical system"}, {"head": "secretory vesicle", "relation": "is_a", "tail": "intracellular membrane-bounded organelle"}, {"head": "seminal vesicle", "relation": "is_a", "tail": "material entity"}, {"head": "seminal vesicle", "relation": "is_a", "tail": "reproductive organ"}, {"head": "sensory cell", "relation": "is_a", "tail": "terminally differentiated cell"}, {"head": "sensory neuron", "relation": "is_a", "tail": "afferent neuron"}, {"head": "sensory neuron", "relation": "is_a", "tail": "sensory cell"}, {"head": "sensory system", "relation": "is_a", "tail": "anatomical system"}, {"head": "septate junction", "relation": "is_a", "tail": "cell-cell junction"}, {"head": "serotonergic neural progenitor cell", "relation": "is_a", "tail": "neoblast"}, {"head": "serotonergic neural progenitor cell", "relation": "is_a", "tail": "neural progenitor cell"}, {"head": "serotonergic neuron", "relation": "is_a", "tail": "material entity"}, {"head": "serotonergic neuron", "relation": "is_a", "tail": "neurosecretory neuron"}, {"head": "sexual organism", "relation": "is_a", "tail": "independent continuant"}, {"head": "sexual organism", "relation": "is_a", "tail": "whole organism"}, {"head": "shape", "relation": "is_a", "tail": "morphology"}, {"head": "sigma neoblast", "relation": "is_a", "tail": "neoblast"}, {"head": "smooth endoplasmic reticulum", "relation": "is_a", "tail": "endoplasmic reticulum"}, {"head": "somatic cell", "relation": "is_a", "tail": "cell"}, {"head": "somatic gonadal cell", "relation": "is_a", "tail": "independent continuant"}, {"head": "somatic gonadal cell", "relation": "is_a", "tail": "terminally differentiated cell"}, {"head": "specialized neoblast", "relation": "is_a", "tail": "neoblast"}, {"head": "specifically dependent continuant", "relation": "is_a", "tail": "continuant"}, {"head": "sperm", "relation": "is_a", "tail": "gamete"}, {"head": "sperm", "relation": "is_a", "tail": "male germ cell"}, {"head": "sperm duct", "relation": "is_a", "tail": "material entity"}, {"head": "sperm duct", "relation": "is_a", "tail": "reproductive organ"}, {"head": "sperm duct epithelial cell", "relation": "is_a", "tail": "ciliated epithelial cell"}, {"head": "sperm duct epithelial cell", "relation": "is_a", "tail": "material entity"}, {"head": "sperm duct epithelial surface", "relation": "is_a", "tail": "anatomical surface"}, {"head": "sperm duct epithelium", "relation": "is_a", "tail": "ciliated epithelium"}, {"head": "sperm duct epithelium", "relation": "is_a", "tail": "material entity"}, {"head": "sperm duct lumen", "relation": "is_a", "tail": "lumen"}, {"head": "sperm duct lumen", "relation": "is_a", "tail": "material entity"}, {"head": "spermatid", "relation": "is_a", "tail": "male germ cell"}, {"head": "spermatid", "relation": "is_a", "tail": "material entity"}, {"head": "spermatocyte", "relation": "is_a", "tail": "male germ cell"}, {"head": "spermatocyte", "relation": "is_a", "tail": "material entity"}, {"head": "spermatogonial stem cell", "relation": "is_a", "tail": "male germ cell"}, {"head": "spermatogonial stem cell", "relation": "is_a", "tail": "material entity"}, {"head": "spermatogonial stem cell", "relation": "is_a", "tail": "stem cell"}, {"head": "spermatogonium", "relation": "is_a", "tail": "male germ cell"}, {"head": "spermatogonium", "relation": "is_a", "tail": "material entity"}, {"head": "spermatogonium", "relation": "is_a", "tail": "progenitor cell"}, {"head": "stalk", "relation": "is_a", "tail": "acellular anatomical structure"}, {"head": "stalk", "relation": "is_a", "tail": "material entity"}, {"head": "stem cell", "relation": "is_a", "tail": "cell"}, {"head": "subepidermal nerve plexus", "relation": "is_a", "tail": "material entity"}, {"head": "subepidermal nerve plexus", "relation": "is_a", "tail": "nerve plexus"}, {"head": "submuscular nerve plexus", "relation": "is_a", "tail": "material entity"}, {"head": "submuscular nerve plexus", "relation": "is_a", "tail": "nerve plexus"}, {"head": "surgical wound", "relation": "is_a", "tail": "wound"}, {"head": "symbol", "relation": "is_a", "tail": "information content entity"}, {"head": "sympathetic neuron", "relation": "is_a", "tail": "neuron"}, {"head": "synapse", "relation": "is_a", "tail": "cell-cell junction"}, {"head": "synaptic cleft", "relation": "is_a", "tail": "extracellular space"}, {"head": "synaptic vesicle", "relation": "is_a", "tail": "membrane-bounded organelle"}, {"head": "synaptonemal complex", "relation": "is_a", "tail": "chromosomal_structural_element"}, {"head": "syncytium", "relation": "is_a", "tail": "anatomical structure"}, {"head": "tail blastema", "relation": "is_a", "tail": "anatomical entity"}, {"head": "tail blastema", "relation": "is_a", "tail": "blastema"}, {"head": "tail fragment", "relation": "is_a", "tail": "fragment"}, {"head": "tail region", "relation": "is_a", "tail": "anatomical region"}, {"head": "tail region", "relation": "is_a", "tail": "material entity"}, {"head": "tail stripe", "relation": "is_a", "tail": "anatomical region"}, {"head": "tail stripe", "relation": "is_a", "tail": "independent continuant"}, {"head": "tail tip", "relation": "is_a", "tail": "anatomical region"}, {"head": "tail tip", "relation": "is_a", "tail": "material entity"}, {"head": "telomere", "relation": "is_a", "tail": "chromosome part"}, {"head": "telophase", "relation": "is_a", "tail": "cell cycle phase"}, {"head": "telophase  oogonial stem cell", "relation": "is_a", "tail": "oogonial stem cell"}, {"head": "telophase germ cell cyst", "relation": "is_a", "tail": "germ cell cyst"}, {"head": "telophase neoblast", "relation": "is_a", "tail": "neoblast"}, {"head": "telophase oogonial cell", "relation": "is_a", "tail": "oogonial cell"}, {"head": "telophase spermatogonial stem cell", "relation": "is_a", "tail": "spermatogonial stem cell"}, {"head": "telophase spermatogonium", "relation": "is_a", "tail": "spermatogonium"}, {"head": "terminally differentiated cell", "relation": "is_a", "tail": "somatic cell"}, {"head": "tertiary gut branch", "relation": "is_a", "tail": "gut branch"}, {"head": "testis", "relation": "is_a", "tail": "gonad"}, {"head": "testis", "relation": "is_a", "tail": "material entity"}, {"head": "testis cell", "relation": "is_a", "tail": "independent continuant"}, {"head": "testis lumen", "relation": "is_a", "tail": "independent continuant"}, {"head": "testis lumen", "relation": "is_a", "tail": "lumen"}, {"head": "testis nerve plexus", "relation": "is_a", "tail": "material entity"}, {"head": "testis nerve plexus", "relation": "is_a", "tail": "nerve plexus"}, {"head": "testis primordium", "relation": "is_a", "tail": "gonad primoridium"}, {"head": "testis somatic gonadal cell", "relation": "is_a", "tail": "material entity"}, {"head": "testis somatic gonadal cell", "relation": "is_a", "tail": "somatic gonadal cell"}, {"head": "testis somatic gonadal cell progenitor cell", "relation": "is_a", "tail": "anatomical entity"}, {"head": "testis somatic gonadal cell progenitor cell", "relation": "is_a", "tail": "progenitor cell"}, {"head": "thick fragment", "relation": "is_a", "tail": "longitudinal fragment"}, {"head": "thin fragment", "relation": "is_a", "tail": "longitudinal fragment"}, {"head": "tissue", "relation": "is_a", "tail": "multicellular anatomical structure"}, {"head": "trail cell", "relation": "is_a", "tail": "neoblast"}, {"head": "transferase activity", "relation": "is_a", "tail": "catalytic activity"}, {"head": "transferase activity, transferring phosphorus-containing groups", "relation": "is_a", "tail": "transferase activity"}, {"head": "transverse commissure", "relation": "is_a", "tail": "commissure"}, {"head": "transverse commissure", "relation": "is_a", "tail": "independent continuant"}, {"head": "transverse plane", "relation": "is_a", "tail": "anatomical plane"}, {"head": "triangular", "relation": "is_a", "tail": "2-D shape"}, {"head": "trunk fragment", "relation": "is_a", "tail": "fragment"}, {"head": "tuba", "relation": "is_a", "tail": "material entity"}, {"head": "tuba", "relation": "is_a", "tail": "reproductive organ"}, {"head": "tuba lumen", "relation": "is_a", "tail": "lumen"}, {"head": "tuba lumen", "relation": "is_a", "tail": "material entity"}, {"head": "unipolar neuron", "relation": "is_a", "tail": "sensory neuron"}, {"head": "vacuole", "relation": "is_a", "tail": "membrane-bounded organelle"}, {"head": "ventral epidermis", "relation": "is_a", "tail": "material entity"}, {"head": "ventral epidermis progenitor cell", "relation": "is_a", "tail": "anatomical entity"}, {"head": "ventral epidermis progenitor cell", "relation": "is_a", "tail": "progenitor cell"}, {"head": "ventral midline", "relation": "is_a", "tail": "material entity"}, {"head": "ventral nerve cord", "relation": "is_a", "tail": "material entity"}, {"head": "ventral nerve cord", "relation": "is_a", "tail": "organ"}, {"head": "ventral region", "relation": "is_a", "tail": "anatomical region"}, {"head": "ventral region of anterior fragment", "relation": "is_a", "tail": "material entity"}, {"head": "ventral region of head fragment", "relation": "is_a", "tail": "material entity"}, {"head": "ventral region of lateral fragment", "relation": "is_a", "tail": "material entity"}, {"head": "ventral region of longitudinal fragment", "relation": "is_a", "tail": "material entity"}, {"head": "ventral region of plug fragment", "relation": "is_a", "tail": "material entity"}, {"head": "ventral region of posterior fragment", "relation": "is_a", "tail": "material entity"}, {"head": "ventral region of postpharyngeal fragment", "relation": "is_a", "tail": "material entity"}, {"head": "ventral region of prepharyngeal fragment", "relation": "is_a", "tail": "material entity"}, {"head": "ventral region of tail fragment", "relation": "is_a", "tail": "material entity"}, {"head": "ventral region of the whole animal", "relation": "is_a", "tail": "material entity"}, {"head": "ventral region of trunk fragment", "relation": "is_a", "tail": "material entity"}, {"head": "ventral side", "relation": "is_a", "tail": "anatomical side"}, {"head": "ventral surface", "relation": "is_a", "tail": "anatomical surface"}, {"head": "ventro-lateral region", "relation": "is_a", "tail": "lateral region"}, {"head": "ventro-lateral region", "relation": "is_a", "tail": "ventral region"}, {"head": "visceral musculature", "relation": "is_a", "tail": "organ"}, {"head": "viscid gland cell", "relation": "is_a", "tail": "acidophilic gland cell"}, {"head": "viscid gland cell", "relation": "is_a", "tail": "material entity"}, {"head": "visual system", "relation": "is_a", "tail": "anatomical system"}, {"head": "vitelline gland", "relation": "is_a", "tail": "material entity"}, {"head": "vitelline gland", "relation": "is_a", "tail": "tissue"}, {"head": "wedge amputation", "relation": "is_a", "tail": "amputation"}, {"head": "wedge fragment", "relation": "is_a", "tail": "fragment"}, {"head": "wedge wound", "relation": "is_a", "tail": "wound"}, {"head": "whole organism", "relation": "is_a", "tail": "anatomical structure"}, {"head": "wound", "relation": "is_a", "tail": "perturbation"}, {"head": "yolk cell", "relation": "is_a", "tail": "reproductive system product"}, {"head": "yolk cell", "relation": "is_a", "tail": "terminally differentiated cell"}, {"head": "yolk syncytium", "relation": "is_a", "tail": "material entity"}, {"head": "yolk syncytium", "relation": "is_a", "tail": "syncytium"}, {"head": "zeta neoblast", "relation": "is_a", "tail": "epidermal progenitor cell"}, {"head": "zeta neoblast", "relation": "is_a", "tail": "neoblast"}, {"head": "zygote", "relation": "is_a", "tail": "embryo stage"}, {"head": "zygote", "relation": "is_a", "tail": "independent continuant"}, {"head": "zygotene", "relation": "is_a", "tail": "meiosis I cell cycle phase"}, {"head": "zygotene stage spermatocyte", "relation": "is_a", "tail": "spermatocyte"}]