[{"head": "1-cell stage", "relation": "is_a", "tail": "occurrent"}, {"head": "16-cell stage", "relation": "is_a", "tail": "occurrent"}, {"head": "2-cell stage", "relation": "is_a", "tail": "occurrent"}, {"head": "28-cell stage", "relation": "is_a", "tail": "occurrent"}, {"head": "32-cell stage", "relation": "is_a", "tail": "occurrent"}, {"head": "4-arm pluteus larva stage", "relation": "is_a", "tail": "occurrent"}, {"head": "4-cell stage", "relation": "is_a", "tail": "occurrent"}, {"head": "56-cell stage", "relation": "is_a", "tail": "occurrent"}, {"head": "6-arm pluteus larva stage", "relation": "is_a", "tail": "occurrent"}, {"head": "60-cell stage", "relation": "is_a", "tail": "occurrent"}, {"head": "8-arm pluteus larva stage", "relation": "is_a", "tail": "occurrent"}, {"head": "8-cell stage", "relation": "is_a", "tail": "occurrent"}, {"head": "Aristotles lantern", "relation": "is_a", "tail": "anatomical structure"}, {"head": "Aristotles lantern", "relation": "is_a", "tail": "independent continuant"}, {"head": "GABAergic neuron", "relation": "is_a", "tail": "neuron"}, {"head": "aboral epithelium", "relation": "is_a", "tail": "larval tissue"}, {"head": "acellular membrane", "relation": "is_a", "tail": "anatomical structure"}, {"head": "acellular membrane", "relation": "is_a", "tail": "independent continuant"}, {"head": "acrosomal vesicle", "relation": "is_a", "tail": "anatomical entity"}, {"head": "acrosomal vesicle", "relation": "is_a", "tail": "secretory vesicle"}, {"head": "actin cytoskeleton", "relation": "is_a", "tail": "cytoskeleton"}, {"head": "actin filament", "relation": "is_a", "tail": "intracellular part"}, {"head": "adult", "relation": "is_a", "tail": "anatomical entity"}, {"head": "adult", "relation": "is_a", "tail": "multicellular organism"}, {"head": "adult anus", "relation": "is_a", "tail": "anatomical entity"}, {"head": "adult anus", "relation": "is_a", "tail": "anus"}, {"head": "adult digestive system", "relation": "is_a", "tail": "anatomical entity"}, {"head": "adult digestive system", "relation": "is_a", "tail": "digestive system"}, {"head": "adult digestive tract", "relation": "is_a", "tail": "anatomical entity"}, {"head": "adult digestive tract", "relation": "is_a", "tail": "anatomical structure"}, {"head": "adult endoskeleton", "relation": "is_a", "tail": "anatomical entity"}, {"head": "adult endoskeleton", "relation": "is_a", "tail": "endoskeleton"}, {"head": "adult immune system", "relation": "is_a", "tail": "anatomical entity"}, {"head": "adult immune system", "relation": "is_a", "tail": "immune system"}, {"head": "adult mouth", "relation": "is_a", "tail": "anatomical entity"}, {"head": "adult mouth", "relation": "is_a", "tail": "mouth"}, {"head": "adult muscle", "relation": "is_a", "tail": "adult tissue"}, {"head": "adult muscular system", "relation": "is_a", "tail": "anatomical entity"}, {"head": "adult muscular system", "relation": "is_a", "tail": "muscular system"}, {"head": "adult nervous system", "relation": "is_a", "tail": "anatomical entity"}, {"head": "adult nervous system", "relation": "is_a", "tail": "nervous system"}, {"head": "adult neuron", "relation": "is_a", "tail": "neuron"}, {"head": "adult period", "relation": "is_a", "tail": "occurrent"}, {"head": "adult skeletogenic mesenchyme", "relation": "is_a", "tail": "anatomical entity"}, {"head": "adult skeletogenic mesenchyme", "relation": "is_a", "tail": "tissue"}, {"head": "adult stage", "relation": "is_a", "tail": "occurrent"}, {"head": "adult structure", "relation": "is_a", "tail": "anatomical entity"}, {"head": "adult structure", "relation": "is_a", "tail": "anatomical structure"}, {"head": "adult tissue", "relation": "is_a", "tail": "anatomical entity"}, {"head": "adult tissue", "relation": "is_a", "tail": "tissue"}, {"head": "adulthood", "relation": "is_a", "tail": "life cycle stage"}, {"head": "adulthood", "relation": "is_a", "tail": "occurrent"}, {"head": "ambulacra", "relation": "is_a", "tail": "anatomical structure"}, {"head": "ambulacra", "relation": "is_a", "tail": "independent continuant"}, {"head": "ambulacral plate", "relation": "is_a", "tail": "skeletal element"}, {"head": "amoeboid cell", "relation": "is_a", "tail": "blastocoelar cell"}, {"head": "ampulla", "relation": "is_a", "tail": "anatomical entity"}, {"head": "ampulla", "relation": "is_a", "tail": "anatomical structure"}, {"head": "anal sphincter", "relation": "is_a", "tail": "anatomical entity"}, {"head": "anal sphincter", "relation": "is_a", "tail": "sphincter"}, {"head": "anal sphincteric muscle", "relation": "is_a", "tail": "sphincter muscle"}, {"head": "anatomical entity", "relation": "is_a", "tail": "biological entity"}, {"head": "animal cortex", "relation": "is_a", "tail": "cell cortex"}, {"head": "animal ectoderm", "relation": "is_a", "tail": "anatomical entity"}, {"head": "animal ectoderm", "relation": "is_a", "tail": "anatomical region"}, {"head": "animal hemisphere", "relation": "is_a", "tail": "anatomical structure"}, {"head": "animal hemisphere", "relation": "is_a", "tail": "independent continuant"}, {"head": "animal pole", "relation": "is_a", "tail": "anatomical region"}, {"head": "animal pole", "relation": "is_a", "tail": "independent continuant"}, {"head": "animal pole ciliary band", "relation": "is_a", "tail": "embryonic structure"}, {"head": "animal pole domain", "relation": "is_a", "tail": "anatomical region"}, {"head": "animal pole domain", "relation": "is_a", "tail": "independent continuant"}, {"head": "animal pole domain presumptive neuron", "relation": "is_a", "tail": "presumptive neuron"}, {"head": "animal quartet", "relation": "is_a", "tail": "cell tier"}, {"head": "animal tier 1", "relation": "is_a", "tail": "anatomical entity"}, {"head": "animal tier 1", "relation": "is_a", "tail": "cell tier"}, {"head": "animal tier 2", "relation": "is_a", "tail": "anatomical entity"}, {"head": "animal tier 2", "relation": "is_a", "tail": "cell tier"}, {"head": "anonymous rod", "relation": "is_a", "tail": "skeletal rod"}, {"head": "anterior ciliated epaulette", "relation": "is_a", "tail": "larval structure"}, {"head": "anterior foregut", "relation": "is_a", "tail": "anatomical entity"}, {"head": "anterior foregut", "relation": "is_a", "tail": "anatomical region"}, {"head": "anterior hindgut", "relation": "is_a", "tail": "anatomical entity"}, {"head": "anterior hindgut", "relation": "is_a", "tail": "anatomical region"}, {"head": "anterior midgut", "relation": "is_a", "tail": "anatomical entity"}, {"head": "anterior midgut", "relation": "is_a", "tail": "anatomical region"}, {"head": "anus", "relation": "is_a", "tail": "anatomical structure"}, {"head": "anus", "relation": "is_a", "tail": "independent continuant"}, {"head": "apex", "relation": "is_a", "tail": "larval structure"}, {"head": "apical ectoderm", "relation": "is_a", "tail": "anatomical region"}, {"head": "apical ectoderm", "relation": "is_a", "tail": "independent continuant"}, {"head": "apical ganglion", "relation": "is_a", "tail": "anatomical entity"}, {"head": "apical ganglion", "relation": "is_a", "tail": "ganglion"}, {"head": "apical lamina", "relation": "is_a", "tail": "acellular membrane"}, {"head": "apical tuft", "relation": "is_a", "tail": "anatomical entity"}, {"head": "apical tuft", "relation": "is_a", "tail": "embryonic structure"}, {"head": "apical vesicle", "relation": "is_a", "tail": "secretory vesicle"}, {"head": "appendage", "relation": "is_a", "tail": "anatomical structure"}, {"head": "appendage", "relation": "is_a", "tail": "independent continuant"}, {"head": "archenteron", "relation": "is_a", "tail": "anatomical entity"}, {"head": "archenteron", "relation": "is_a", "tail": "embryonic structure"}, {"head": "arm ciliary band", "relation": "is_a", "tail": "larval structure"}, {"head": "arm tip ectoderm", "relation": "is_a", "tail": "anatomical region"}, {"head": "arm tip ectoderm", "relation": "is_a", "tail": "independent continuant"}, {"head": "aster", "relation": "is_a", "tail": "intracellular part"}, {"head": "axial coelom", "relation": "is_a", "tail": "coelom"}, {"head": "axial complex", "relation": "is_a", "tail": "anatomical structure"}, {"head": "axial complex", "relation": "is_a", "tail": "independent continuant"}, {"head": "axial organ", "relation": "is_a", "tail": "anatomical structure"}, {"head": "axial organ", "relation": "is_a", "tail": "independent continuant"}, {"head": "axial sinus", "relation": "is_a", "tail": "anatomical entity"}, {"head": "axial sinus", "relation": "is_a", "tail": "anatomical structure"}, {"head": "axocoel", "relation": "is_a", "tail": "coelom"}, {"head": "axon tract", "relation": "is_a", "tail": "neural structure"}, {"head": "basal lamina", "relation": "is_a", "tail": "acellular membrane"}, {"head": "basal laminar vesicle", "relation": "is_a", "tail": "secretory vesicle"}, {"head": "basiepidermal nerve plexus", "relation": "is_a", "tail": "anatomical entity"}, {"head": "basiepidermal nerve plexus", "relation": "is_a", "tail": "neural structure"}, {"head": "biological entity", "relation": "is_a", "tail": "independent continuant"}, {"head": "biological_process", "relation": "is_a", "tail": "process"}, {"head": "biopolar neuron", "relation": "is_a", "tail": "neuron"}, {"head": "blastocoel", "relation": "is_a", "tail": "anatomical space"}, {"head": "blastocoel", "relation": "is_a", "tail": "independent continuant"}, {"head": "blastocoelar cell", "relation": "is_a", "tail": "anatomical entity"}, {"head": "blastocoelar cell", "relation": "is_a", "tail": "cell"}, {"head": "blastomere", "relation": "is_a", "tail": "embryonic cell"}, {"head": "blastomere of 2-cell embryo", "relation": "is_a", "tail": "blastomere"}, {"head": "blastomere of 4-cell embryo", "relation": "is_a", "tail": "blastomere"}, {"head": "blastopore", "relation": "is_a", "tail": "anatomical region"}, {"head": "blastopore", "relation": "is_a", "tail": "independent continuant"}, {"head": "blastopore formation stage", "relation": "is_a", "tail": "occurrent"}, {"head": "blastopore lip", "relation": "is_a", "tail": "embryonic structure"}, {"head": "blastula period", "relation": "is_a", "tail": "occurrent"}, {"head": "blastula stage", "relation": "is_a", "tail": "life cycle stage"}, {"head": "blastula stage", "relation": "is_a", "tail": "occurrent"}, {"head": "body rod", "relation": "is_a", "tail": "anatomical entity"}, {"head": "body rod", "relation": "is_a", "tail": "skeletal element"}, {"head": "border ectoderm", "relation": "is_a", "tail": "anatomical entity"}, {"head": "border ectoderm", "relation": "is_a", "tail": "anatomical region"}, {"head": "bottle cell", "relation": "is_a", "tail": "embryonic cell"}, {"head": "buccal plate", "relation": "is_a", "tail": "skeletal element"}, {"head": "buccal podia", "relation": "is_a", "tail": "primary podia associated neuron"}, {"head": "cardiac sphincter", "relation": "is_a", "tail": "anatomical entity"}, {"head": "cardiac sphincter", "relation": "is_a", "tail": "sphincter"}, {"head": "cardiac sphincteric muscle", "relation": "is_a", "tail": "sphincter muscle"}, {"head": "catalytic activity", "relation": "is_a", "tail": "molecular_function"}, {"head": "cell", "relation": "is_a", "tail": "anatomical structure"}, {"head": "cell", "relation": "is_a", "tail": "independent continuant"}, {"head": "cell cortex", "relation": "is_a", "tail": "cell part"}, {"head": "cell part", "relation": "is_a", "tail": "anatomical structure"}, {"head": "cell part", "relation": "is_a", "tail": "independent continuant"}, {"head": "cell tier", "relation": "is_a", "tail": "embryonic structure"}, {"head": "central ectoderm", "relation": "is_a", "tail": "anatomical region"}, {"head": "central ectoderm", "relation": "is_a", "tail": "independent continuant"}, {"head": "centrosome", "relation": "is_a", "tail": "intracellular part"}, {"head": "ciliary band", "relation": "is_a", "tail": "anatomical structure"}, {"head": "ciliary band", "relation": "is_a", "tail": "independent continuant"}, {"head": "ciliary band neuron", "relation": "is_a", "tail": "larval neuron"}, {"head": "ciliary band presumptive neuron", "relation": "is_a", "tail": "presumptive neuron"}, {"head": "ciliated epaulette", "relation": "is_a", "tail": "larval structure"}, {"head": "cilium", "relation": "is_a", "tail": "cell part"}, {"head": "circumesophageal muscle", "relation": "is_a", "tail": "larval muscle"}, {"head": "circumesophageal muscle cell", "relation": "is_a", "tail": "anatomical entity"}, {"head": "circumesophageal muscle cell", "relation": "is_a", "tail": "cell"}, {"head": "circumoral nerve ring", "relation": "is_a", "tail": "anatomical entity"}, {"head": "circumoral nerve ring", "relation": "is_a", "tail": "neural structure"}, {"head": "cleavage furrow", "relation": "is_a", "tail": "intracellular part"}, {"head": "cleavage period", "relation": "is_a", "tail": "occurrent"}, {"head": "cleavage stage", "relation": "is_a", "tail": "life cycle stage"}, {"head": "cleavage stage", "relation": "is_a", "tail": "occurrent"}, {"head": "coelom", "relation": "is_a", "tail": "anatomical entity"}, {"head": "coelom", "relation": "is_a", "tail": "anatomical structure"}, {"head": "competent pluteus larva stage", "relation": "is_a", "tail": "occurrent"}, {"head": "continuant", "relation": "is_a", "tail": "entity"}, {"head": "cortical granule", "relation": "is_a", "tail": "secretory vesicle"}, {"head": "cytoplasm", "relation": "is_a", "tail": "intracellular part"}, {"head": "cytoskeleton", "relation": "is_a", "tail": "intracellular part"}, {"head": "death stage", "relation": "is_a", "tail": "life cycle stage"}, {"head": "definitive spine", "relation": "is_a", "tail": "spine"}, {"head": "definitive spine associated neuron", "relation": "is_a", "tail": "adult neuron"}, {"head": "digestive system", "relation": "is_a", "tail": "anatomical system"}, {"head": "digestive system", "relation": "is_a", "tail": "independent continuant"}, {"head": "digestive system element", "relation": "is_a", "tail": "anatomical structure"}, {"head": "digestive system element", "relation": "is_a", "tail": "independent continuant"}, {"head": "disk of primary podia", "relation": "is_a", "tail": "skeletal element"}, {"head": "disk of secondary podia", "relation": "is_a", "tail": "skeletal element"}, {"head": "dopaminergic neuron", "relation": "is_a", "tail": "neuron"}, {"head": "dorsal arch", "relation": "is_a", "tail": "anatomical entity"}, {"head": "dorsal arch", "relation": "is_a", "tail": "skeletal element"}, {"head": "dorsal arm tip ectoderm", "relation": "is_a", "tail": "anatomical entity"}, {"head": "dorsal arm tip ectoderm", "relation": "is_a", "tail": "anatomical region"}, {"head": "dorsal ectoderm", "relation": "is_a", "tail": "anatomical region"}, {"head": "dorsal ectoderm", "relation": "is_a", "tail": "independent continuant"}, {"head": "dorsal foregut", "relation": "is_a", "tail": "anatomical entity"}, {"head": "dorsal foregut", "relation": "is_a", "tail": "anatomical region"}, {"head": "dorsal hindgut", "relation": "is_a", "tail": "anatomical entity"}, {"head": "dorsal hindgut", "relation": "is_a", "tail": "anatomical region"}, {"head": "dorsal midgut", "relation": "is_a", "tail": "anatomical entity"}, {"head": "dorsal midgut", "relation": "is_a", "tail": "anatomical region"}, {"head": "dorsal non-skeletogenic mesoderm", "relation": "is_a", "tail": "anatomical entity"}, {"head": "dorsal non-skeletogenic mesoderm", "relation": "is_a", "tail": "embryonic tissue"}, {"head": "dorsal sac", "relation": "is_a", "tail": "anatomical structure"}, {"head": "dorsal sac", "relation": "is_a", "tail": "independent continuant"}, {"head": "dorsal skeletogenic mesenchyme chain", "relation": "is_a", "tail": "anatomical entity"}, {"head": "dorsal skeletogenic mesenchyme chain", "relation": "is_a", "tail": "embryonic structure"}, {"head": "early blastula stage", "relation": "is_a", "tail": "occurrent"}, {"head": "early feeding larva period", "relation": "is_a", "tail": "life cycle stage"}, {"head": "early feeding larva period", "relation": "is_a", "tail": "occurrent"}, {"head": "early gastrula stage", "relation": "is_a", "tail": "occurrent"}, {"head": "early juvenile stage", "relation": "is_a", "tail": "occurrent"}, {"head": "early mesenchyme blastula stage", "relation": "is_a", "tail": "occurrent"}, {"head": "early pluteus larva stage", "relation": "is_a", "tail": "occurrent"}, {"head": "echinonectin vesicle", "relation": "is_a", "tail": "secretory vesicle"}, {"head": "ectoderm", "relation": "is_a", "tail": "germ layer"}, {"head": "ectoderm presumptive neuron", "relation": "is_a", "tail": "presumptive neuron"}, {"head": "ectoendoderm", "relation": "is_a", "tail": "anatomical entity"}, {"head": "ectoendoderm", "relation": "is_a", "tail": "germ layer"}, {"head": "embryo", "relation": "is_a", "tail": "multicellular organism"}, {"head": "embryo stage", "relation": "is_a", "tail": "life cycle stage"}, {"head": "embryo stage", "relation": "is_a", "tail": "occurrent"}, {"head": "embryogenesis", "relation": "is_a", "tail": "life cycle stage"}, {"head": "embryogenesis", "relation": "is_a", "tail": "occurrent"}, {"head": "embryonic cell", "relation": "is_a", "tail": "cell"}, {"head": "embryonic digestive system", "relation": "is_a", "tail": "digestive system"}, {"head": "embryonic endoskeleton", "relation": "is_a", "tail": "endoskeleton"}, {"head": "embryonic immune system", "relation": "is_a", "tail": "immune system"}, {"head": "embryonic nervous system", "relation": "is_a", "tail": "nervous system"}, {"head": "embryonic non-skeletogenic mesenchyme", "relation": "is_a", "tail": "anatomical entity"}, {"head": "embryonic non-skeletogenic mesenchyme", "relation": "is_a", "tail": "tissue"}, {"head": "embryonic non-skeletogenic mesenchyme cell", "relation": "is_a", "tail": "anatomical entity"}, {"head": "embryonic non-skeletogenic mesenchyme cell", "relation": "is_a", "tail": "cell"}, {"head": "embryonic non-skeletogenic mesoderm", "relation": "is_a", "tail": "anatomical entity"}, {"head": "embryonic non-skeletogenic mesoderm", "relation": "is_a", "tail": "embryonic tissue"}, {"head": "embryonic pigment cell", "relation": "is_a", "tail": "pigment cell"}, {"head": "embryonic skeletogenic mesenchyme", "relation": "is_a", "tail": "anatomical entity"}, {"head": "embryonic skeletogenic mesenchyme", "relation": "is_a", "tail": "tissue"}, {"head": "embryonic skeletogenic mesenchyme cell", "relation": "is_a", "tail": "anatomical entity"}, {"head": "embryonic skeletogenic mesenchyme cell", "relation": "is_a", "tail": "cell"}, {"head": "embryonic skeletogenic mesenchyme syncytium", "relation": "is_a", "tail": "anatomical entity"}, {"head": "embryonic skeletogenic mesenchyme syncytium", "relation": "is_a", "tail": "syncytium"}, {"head": "embryonic skeletogenic mesoderm", "relation": "is_a", "tail": "anatomical entity"}, {"head": "embryonic skeletogenic mesoderm", "relation": "is_a", "tail": "embryonic tissue"}, {"head": "embryonic structure", "relation": "is_a", "tail": "anatomical structure"}, {"head": "embryonic structure", "relation": "is_a", "tail": "independent continuant"}, {"head": "embryonic tissue", "relation": "is_a", "tail": "tissue"}, {"head": "endoderm", "relation": "is_a", "tail": "anatomical entity"}, {"head": "endoderm", "relation": "is_a", "tail": "germ layer"}, {"head": "endoderm associated neuron", "relation": "is_a", "tail": "larval neuron"}, {"head": "endoderm associated presumptive neuron", "relation": "is_a", "tail": "presumptive neuron"}, {"head": "endomesoderm", "relation": "is_a", "tail": "anatomical entity"}, {"head": "endomesoderm", "relation": "is_a", "tail": "germ layer"}, {"head": "endoplasmic reticulum", "relation": "is_a", "tail": "intracellular part"}, {"head": "endoskeleton", "relation": "is_a", "tail": "anatomical system"}, {"head": "endoskeleton", "relation": "is_a", "tail": "independent continuant"}, {"head": "enteric nerve plexus", "relation": "is_a", "tail": "anatomical entity"}, {"head": "enteric nerve plexus", "relation": "is_a", "tail": "neural structure"}, {"head": "equatorial pigment band", "relation": "is_a", "tail": "intracellular part"}, {"head": "fertilization envelope", "relation": "is_a", "tail": "embryonic structure"}, {"head": "filopodial cell", "relation": "is_a", "tail": "blastocoelar cell"}, {"head": "filopodium", "relation": "is_a", "tail": "cell part"}, {"head": "foregut", "relation": "is_a", "tail": "anatomical entity"}, {"head": "foregut", "relation": "is_a", "tail": "digestive system element"}, {"head": "fully formed stage", "relation": "is_a", "tail": "life cycle stage"}, {"head": "fully formed stage", "relation": "is_a", "tail": "occurrent"}, {"head": "fully grown oocyte with centered germinal vesicle stage", "relation": "is_a", "tail": "occurrent"}, {"head": "fully grown oocyte with no nucleus stage", "relation": "is_a", "tail": "occurrent"}, {"head": "fully grown oocyte with off-centered germinal vesicle stage", "relation": "is_a", "tail": "occurrent"}, {"head": "gamete", "relation": "is_a", "tail": "germ cell"}, {"head": "gametogenesis", "relation": "is_a", "tail": "life cycle stage"}, {"head": "ganglion", "relation": "is_a", "tail": "neural structure"}, {"head": "gastrula period", "relation": "is_a", "tail": "occurrent"}, {"head": "gastrula stage", "relation": "is_a", "tail": "life cycle stage"}, {"head": "gastrula stage", "relation": "is_a", "tail": "occurrent"}, {"head": "genital plate", "relation": "is_a", "tail": "skeletal element"}, {"head": "genital plate AB", "relation": "is_a", "tail": "genital plate"}, {"head": "genital plate BC", "relation": "is_a", "tail": "genital plate"}, {"head": "genital plate CD", "relation": "is_a", "tail": "genital plate"}, {"head": "genital plate DE", "relation": "is_a", "tail": "genital plate"}, {"head": "genital plate EA", "relation": "is_a", "tail": "genital plate"}, {"head": "germ cell", "relation": "is_a", "tail": "anatomical entity"}, {"head": "germ cell", "relation": "is_a", "tail": "cell"}, {"head": "germ layer", "relation": "is_a", "tail": "embryonic structure"}, {"head": "germinal vesicle", "relation": "is_a", "tail": "anatomical entity"}, {"head": "germinal vesicle", "relation": "is_a", "tail": "nucleus"}, {"head": "globular cell", "relation": "is_a", "tail": "blastocoelar cell"}, {"head": "gonad", "relation": "is_a", "tail": "adult structure"}, {"head": "gonopore", "relation": "is_a", "tail": "anatomical structure"}, {"head": "gonopore", "relation": "is_a", "tail": "independent continuant"}, {"head": "hatched blastula stage", "relation": "is_a", "tail": "occurrent"}, {"head": "hemal system", "relation": "is_a", "tail": "anatomical system"}, {"head": "hemal system", "relation": "is_a", "tail": "independent continuant"}, {"head": "hexaradiate spicule rudiment", "relation": "is_a", "tail": "anatomical entity"}, {"head": "hexaradiate spicule rudiment", "relation": "is_a", "tail": "spicule rudiment"}, {"head": "hindgut", "relation": "is_a", "tail": "anatomical entity"}, {"head": "hindgut", "relation": "is_a", "tail": "digestive system element"}, {"head": "hyaline layer", "relation": "is_a", "tail": "acellular membrane"}, {"head": "hydrocoel", "relation": "is_a", "tail": "coelom"}, {"head": "hydropore", "relation": "is_a", "tail": "anatomical structure"}, {"head": "hydropore", "relation": "is_a", "tail": "independent continuant"}, {"head": "immaterial anatomical entity", "relation": "is_a", "tail": "immaterial entity"}, {"head": "immaterial entity", "relation": "is_a", "tail": "independent continuant"}, {"head": "immature occyte", "relation": "is_a", "tail": "oocyte"}, {"head": "immune system", "relation": "is_a", "tail": "anatomical system"}, {"head": "immune system", "relation": "is_a", "tail": "independent continuant"}, {"head": "independent continuant", "relation": "is_a", "tail": "continuant"}, {"head": "inner animal pole domain", "relation": "is_a", "tail": "anatomical entity"}, {"head": "inner animal pole domain", "relation": "is_a", "tail": "anatomical region"}, {"head": "interambulacra", "relation": "is_a", "tail": "anatomical structure"}, {"head": "interambulacra", "relation": "is_a", "tail": "independent continuant"}, {"head": "interambulacral plate", "relation": "is_a", "tail": "skeletal element"}, {"head": "intracellular part", "relation": "is_a", "tail": "cell part"}, {"head": "invagination phase", "relation": "is_a", "tail": "occurrent"}, {"head": "juvenile", "relation": "is_a", "tail": "anatomical entity"}, {"head": "juvenile", "relation": "is_a", "tail": "multicellular organism"}, {"head": "juvenile digestive system", "relation": "is_a", "tail": "anatomical entity"}, {"head": "juvenile digestive system", "relation": "is_a", "tail": "digestive system"}, {"head": "juvenile digestive tract", "relation": "is_a", "tail": "anatomical entity"}, {"head": "juvenile digestive tract", "relation": "is_a", "tail": "anatomical structure"}, {"head": "juvenile endoskeleton", "relation": "is_a", "tail": "anatomical entity"}, {"head": "juvenile endoskeleton", "relation": "is_a", "tail": "endoskeleton"}, {"head": "juvenile immune system", "relation": "is_a", "tail": "anatomical entity"}, {"head": "juvenile immune system", "relation": "is_a", "tail": "immune system"}, {"head": "juvenile muscle", "relation": "is_a", "tail": "juvenile tissue"}, {"head": "juvenile muscular system", "relation": "is_a", "tail": "anatomical entity"}, {"head": "juvenile muscular system", "relation": "is_a", "tail": "muscular system"}, {"head": "juvenile nervous system", "relation": "is_a", "tail": "anatomical entity"}, {"head": "juvenile nervous system", "relation": "is_a", "tail": "nervous system"}, {"head": "juvenile period", "relation": "is_a", "tail": "occurrent"}, {"head": "juvenile pigment cell", "relation": "is_a", "tail": "pigment cell"}, {"head": "juvenile spine", "relation": "is_a", "tail": "spine"}, {"head": "juvenile structure", "relation": "is_a", "tail": "anatomical entity"}, {"head": "juvenile structure", "relation": "is_a", "tail": "anatomical structure"}, {"head": "juvenile tissue", "relation": "is_a", "tail": "anatomical entity"}, {"head": "juvenile tissue", "relation": "is_a", "tail": "tissue"}, {"head": "kinase activity", "relation": "is_a", "tail": "transferase activity, transferring phosphorus-containing groups"}, {"head": "large micromere", "relation": "is_a", "tail": "anatomical entity"}, {"head": "large micromere", "relation": "is_a", "tail": "blastomere"}, {"head": "large micromere descendant cell", "relation": "is_a", "tail": "anatomical entity"}, {"head": "large micromere descendant cell", "relation": "is_a", "tail": "blastomere"}, {"head": "larva", "relation": "is_a", "tail": "anatomical entity"}, {"head": "larva", "relation": "is_a", "tail": "multicellular organism"}, {"head": "larval anus", "relation": "is_a", "tail": "anatomical entity"}, {"head": "larval anus", "relation": "is_a", "tail": "anus"}, {"head": "larval arm", "relation": "is_a", "tail": "larval structure"}, {"head": "larval development", "relation": "is_a", "tail": "occurrent"}, {"head": "larval digestive system", "relation": "is_a", "tail": "anatomical entity"}, {"head": "larval digestive system", "relation": "is_a", "tail": "digestive system"}, {"head": "larval endoskeleton", "relation": "is_a", "tail": "anatomical entity"}, {"head": "larval endoskeleton", "relation": "is_a", "tail": "endoskeleton"}, {"head": "larval epithelium", "relation": "is_a", "tail": "larval tissue"}, {"head": "larval esophagus", "relation": "is_a", "tail": "anatomical entity"}, {"head": "larval esophagus", "relation": "is_a", "tail": "digestive system element"}, {"head": "larval immune system", "relation": "is_a", "tail": "anatomical entity"}, {"head": "larval immune system", "relation": "is_a", "tail": "immune system"}, {"head": "larval intestine", "relation": "is_a", "tail": "anatomical entity"}, {"head": "larval intestine", "relation": "is_a", "tail": "digestive system element"}, {"head": "larval mouth", "relation": "is_a", "tail": "anatomical entity"}, {"head": "larval mouth", "relation": "is_a", "tail": "mouth"}, {"head": "larval muscle", "relation": "is_a", "tail": "larval tissue"}, {"head": "larval muscular system", "relation": "is_a", "tail": "anatomical entity"}, {"head": "larval muscular system", "relation": "is_a", "tail": "muscular system"}, {"head": "larval nervous system", "relation": "is_a", "tail": "anatomical entity"}, {"head": "larval nervous system", "relation": "is_a", "tail": "nervous system"}, {"head": "larval neuron", "relation": "is_a", "tail": "neuron"}, {"head": "larval non-skeletogenic mesenchyme", "relation": "is_a", "tail": "anatomical entity"}, {"head": "larval non-skeletogenic mesenchyme", "relation": "is_a", "tail": "tissue"}, {"head": "larval non-skeletogenic mesenchyme cell", "relation": "is_a", "tail": "anatomical entity"}, {"head": "larval non-skeletogenic mesenchyme cell", "relation": "is_a", "tail": "cell"}, {"head": "larval pigment cell", "relation": "is_a", "tail": "pigment cell"}, {"head": "larval skeletogenic mesenchyme", "relation": "is_a", "tail": "anatomical entity"}, {"head": "larval skeletogenic mesenchyme", "relation": "is_a", "tail": "tissue"}, {"head": "larval skeletogenic mesenchyme cell", "relation": "is_a", "tail": "anatomical entity"}, {"head": "larval skeletogenic mesenchyme cell", "relation": "is_a", "tail": "cell"}, {"head": "larval spicule", "relation": "is_a", "tail": "anatomical entity"}, {"head": "larval spicule", "relation": "is_a", "tail": "skeletal element"}, {"head": "larval stomach", "relation": "is_a", "tail": "anatomical entity"}, {"head": "larval stomach", "relation": "is_a", "tail": "digestive system element"}, {"head": "larval structure", "relation": "is_a", "tail": "anatomical entity"}, {"head": "larval structure", "relation": "is_a", "tail": "anatomical structure"}, {"head": "larval tissue", "relation": "is_a", "tail": "anatomical entity"}, {"head": "larval tissue", "relation": "is_a", "tail": "tissue"}, {"head": "late blastula stage", "relation": "is_a", "tail": "occurrent"}, {"head": "late feeding larva period", "relation": "is_a", "tail": "occurrent"}, {"head": "late gastrula stage", "relation": "is_a", "tail": "occurrent"}, {"head": "late juvenile stage", "relation": "is_a", "tail": "occurrent"}, {"head": "late mesenchyme blastula stage", "relation": "is_a", "tail": "occurrent"}, {"head": "late swimming blastula stage", "relation": "is_a", "tail": "occurrent"}, {"head": "lateral chain of skeletogenic mesenchyme", "relation": "is_a", "tail": "anatomical entity"}, {"head": "lateral chain of skeletogenic mesenchyme", "relation": "is_a", "tail": "embryonic structure"}, {"head": "lateral ciliary band", "relation": "is_a", "tail": "embryonic structure"}, {"head": "lateral ectoderm", "relation": "is_a", "tail": "anatomical region"}, {"head": "lateral ectoderm", "relation": "is_a", "tail": "independent continuant"}, {"head": "lateral field", "relation": "is_a", "tail": "anatomical entity"}, {"head": "lateral field", "relation": "is_a", "tail": "anatomical region"}, {"head": "left anonymous rod", "relation": "is_a", "tail": "anonymous rod"}, {"head": "left anterolateral arm", "relation": "is_a", "tail": "larval arm"}, {"head": "left anterolateral rod", "relation": "is_a", "tail": "skeletal rod"}, {"head": "left axocoel", "relation": "is_a", "tail": "axocoel"}, {"head": "left body rod", "relation": "is_a", "tail": "body rod"}, {"head": "left coelomic constriction", "relation": "is_a", "tail": "anatomical entity"}, {"head": "left coelomic constriction", "relation": "is_a", "tail": "anatomical structure"}, {"head": "left coelomic pouch", "relation": "is_a", "tail": "coelom"}, {"head": "left dorsoventral connecting rod", "relation": "is_a", "tail": "skeletal rod"}, {"head": "left hydrocoel", "relation": "is_a", "tail": "hydrocoel"}, {"head": "left lateral chain of skeletogenic mesenchyme", "relation": "is_a", "tail": "anatomical entity"}, {"head": "left lateral chain of skeletogenic mesenchyme", "relation": "is_a", "tail": "embryonic structure"}, {"head": "left lateral ectoderm", "relation": "is_a", "tail": "lateral ectoderm"}, {"head": "left lateral field", "relation": "is_a", "tail": "lateral field"}, {"head": "left posterodorsal arm", "relation": "is_a", "tail": "larval arm"}, {"head": "left posterodorsal rod", "relation": "is_a", "tail": "skeletal rod"}, {"head": "left postoral arm", "relation": "is_a", "tail": "larval arm"}, {"head": "left postoral rod", "relation": "is_a", "tail": "skeletal rod"}, {"head": "left preoral arm", "relation": "is_a", "tail": "larval arm"}, {"head": "left preoral rod", "relation": "is_a", "tail": "skeletal rod"}, {"head": "left recurrent rod", "relation": "is_a", "tail": "skeletal rod"}, {"head": "left somatocoel", "relation": "is_a", "tail": "somatocoel"}, {"head": "left ventral transverse rod", "relation": "is_a", "tail": "skeletal rod"}, {"head": "left ventrolateral skeletogenic mesenchyme cluster", "relation": "is_a", "tail": "anatomical entity"}, {"head": "left ventrolateral skeletogenic mesenchyme cluster", "relation": "is_a", "tail": "embryonic structure"}, {"head": "left ventrolateral triradiate spicule rudiment", "relation": "is_a", "tail": "triradiate spicule rudiment"}, {"head": "life cycle", "relation": "is_a", "tail": "processual entity"}, {"head": "life cycle stage", "relation": "is_a", "tail": "processual entity"}, {"head": "macromere", "relation": "is_a", "tail": "blastomere"}, {"head": "macromere daughter cell tier", "relation": "is_a", "tail": "cell tier"}, {"head": "madreporite", "relation": "is_a", "tail": "anatomical entity"}, {"head": "madreporite", "relation": "is_a", "tail": "genital plate"}, {"head": "material anatomical entity", "relation": "is_a", "tail": "anatomical entity"}, {"head": "material anatomical entity", "relation": "is_a", "tail": "material entity"}, {"head": "material entity", "relation": "is_a", "tail": "independent continuant"}, {"head": "mature oocyte", "relation": "is_a", "tail": "oocyte"}, {"head": "mature oocyte stage", "relation": "is_a", "tail": "occurrent"}, {"head": "mature spermatozoid stage", "relation": "is_a", "tail": "occurrent"}, {"head": "meiotic spindle", "relation": "is_a", "tail": "anatomical entity"}, {"head": "meiotic spindle", "relation": "is_a", "tail": "intracellular part"}, {"head": "mesenchyme blastula phase", "relation": "is_a", "tail": "occurrent"}, {"head": "mesentery", "relation": "is_a", "tail": "anatomical structure"}, {"head": "mesentery", "relation": "is_a", "tail": "independent continuant"}, {"head": "mesoderm", "relation": "is_a", "tail": "anatomical entity"}, {"head": "mesoderm", "relation": "is_a", "tail": "germ layer"}, {"head": "mesomere", "relation": "is_a", "tail": "blastomere"}, {"head": "metamorphic larva stage", "relation": "is_a", "tail": "occurrent"}, {"head": "micromere", "relation": "is_a", "tail": "blastomere"}, {"head": "microtubule", "relation": "is_a", "tail": "intracellular part"}, {"head": "microvillus", "relation": "is_a", "tail": "cell part"}, {"head": "mid-blastula stage", "relation": "is_a", "tail": "occurrent"}, {"head": "mid-gastrula stage", "relation": "is_a", "tail": "occurrent"}, {"head": "mid-mesenchyme blastula stage", "relation": "is_a", "tail": "occurrent"}, {"head": "midgut", "relation": "is_a", "tail": "anatomical entity"}, {"head": "midgut", "relation": "is_a", "tail": "digestive system element"}, {"head": "mitochondrion", "relation": "is_a", "tail": "intracellular part"}, {"head": "mitotic spindle", "relation": "is_a", "tail": "intracellular part"}, {"head": "molecular_function", "relation": "is_a", "tail": "process"}, {"head": "mouth", "relation": "is_a", "tail": "anatomical structure"}, {"head": "mouth", "relation": "is_a", "tail": "independent continuant"}, {"head": "multicellular organism", "relation": "is_a", "tail": "anatomical structure"}, {"head": "multicellular organism", "relation": "is_a", "tail": "independent continuant"}, {"head": "multipolar neuron", "relation": "is_a", "tail": "neuron"}, {"head": "muscle", "relation": "is_a", "tail": "tissue"}, {"head": "muscle precursor cell", "relation": "is_a", "tail": "cell"}, {"head": "muscular system", "relation": "is_a", "tail": "anatomical system"}, {"head": "muscular system", "relation": "is_a", "tail": "independent continuant"}, {"head": "near-apical ectoderm", "relation": "is_a", "tail": "anatomical region"}, {"head": "near-apical ectoderm", "relation": "is_a", "tail": "independent continuant"}, {"head": "nervous system", "relation": "is_a", "tail": "anatomical system"}, {"head": "nervous system", "relation": "is_a", "tail": "independent continuant"}, {"head": "neural structure", "relation": "is_a", "tail": "anatomical structure"}, {"head": "neural structure", "relation": "is_a", "tail": "independent continuant"}, {"head": "neuron", "relation": "is_a", "tail": "anatomical entity"}, {"head": "neuron", "relation": "is_a", "tail": "cell"}, {"head": "neurula stage", "relation": "is_a", "tail": "life cycle stage"}, {"head": "neurula stage", "relation": "is_a", "tail": "occurrent"}, {"head": "non-rudiment adult structure", "relation": "is_a", "tail": "anatomical entity"}, {"head": "non-rudiment adult structure", "relation": "is_a", "tail": "anatomical structure"}, {"head": "not fully grown oocyte stage", "relation": "is_a", "tail": "occurrent"}, {"head": "nuclear envelope", "relation": "is_a", "tail": "nuclear part"}, {"head": "nuclear part", "relation": "is_a", "tail": "intracellular part"}, {"head": "nucleoplasm", "relation": "is_a", "tail": "nuclear part"}, {"head": "nucleus", "relation": "is_a", "tail": "intracellular part"}, {"head": "ocular plate", "relation": "is_a", "tail": "skeletal element"}, {"head": "oocyte", "relation": "is_a", "tail": "gamete"}, {"head": "oral epithelium", "relation": "is_a", "tail": "larval tissue"}, {"head": "oral hood", "relation": "is_a", "tail": "larval structure"}, {"head": "oral hood ciliary band", "relation": "is_a", "tail": "larval structure"}, {"head": "organogenesis period", "relation": "is_a", "tail": "occurrent"}, {"head": "organogenesis stage", "relation": "is_a", "tail": "life cycle stage"}, {"head": "organogenesis stage", "relation": "is_a", "tail": "occurrent"}, {"head": "outer animal pole domain", "relation": "is_a", "tail": "anatomical entity"}, {"head": "outer animal pole domain", "relation": "is_a", "tail": "anatomical region"}, {"head": "ovary", "relation": "is_a", "tail": "gonad"}, {"head": "ovoid cell", "relation": "is_a", "tail": "blastocoelar cell"}, {"head": "pedicellaria", "relation": "is_a", "tail": "appendage"}, {"head": "pedicellaria associated neuron", "relation": "is_a", "tail": "adult neuron"}, {"head": "perivisceral cavity", "relation": "is_a", "tail": "anatomical region"}, {"head": "perivisceral cavity", "relation": "is_a", "tail": "independent continuant"}, {"head": "photosensory cell", "relation": "is_a", "tail": "cell"}, {"head": "pigment cell", "relation": "is_a", "tail": "anatomical entity"}, {"head": "pigment cell", "relation": "is_a", "tail": "cell"}, {"head": "plasma membrane", "relation": "is_a", "tail": "cell part"}, {"head": "podia", "relation": "is_a", "tail": "appendage"}, {"head": "polar body", "relation": "is_a", "tail": "anatomical entity"}, {"head": "polar body", "relation": "is_a", "tail": "cell"}, {"head": "post-embryonic stage", "relation": "is_a", "tail": "life cycle stage"}, {"head": "post-embryonic stage", "relation": "is_a", "tail": "occurrent"}, {"head": "posterior ciliated epaulette", "relation": "is_a", "tail": "larval structure"}, {"head": "posterior foregut", "relation": "is_a", "tail": "anatomical entity"}, {"head": "posterior foregut", "relation": "is_a", "tail": "anatomical region"}, {"head": "posterior hindgut", "relation": "is_a", "tail": "anatomical entity"}, {"head": "posterior hindgut", "relation": "is_a", "tail": "anatomical region"}, {"head": "posterior midgut", "relation": "is_a", "tail": "anatomical entity"}, {"head": "posterior midgut", "relation": "is_a", "tail": "anatomical region"}, {"head": "posterior tip of body rod", "relation": "is_a", "tail": "anatomical entity"}, {"head": "posterior tip of body rod", "relation": "is_a", "tail": "skeletal element"}, {"head": "posterior tip of left body rod", "relation": "is_a", "tail": "posterior tip of body rod"}, {"head": "posterior transverse rod", "relation": "is_a", "tail": "skeletal rod"}, {"head": "posteror tip of right body rod", "relation": "is_a", "tail": "posterior tip of body rod"}, {"head": "presumptive blastocoelar cell", "relation": "is_a", "tail": "anatomical entity"}, {"head": "presumptive blastocoelar cell", "relation": "is_a", "tail": "cell"}, {"head": "presumptive ciliary band cell", "relation": "is_a", "tail": "anatomical entity"}, {"head": "presumptive ciliary band cell", "relation": "is_a", "tail": "cell"}, {"head": "presumptive ectoderm", "relation": "is_a", "tail": "anatomical entity"}, {"head": "presumptive ectoderm", "relation": "is_a", "tail": "embryonic tissue"}, {"head": "presumptive endoderm", "relation": "is_a", "tail": "embryonic tissue"}, {"head": "presumptive mesoderm", "relation": "is_a", "tail": "anatomical entity"}, {"head": "presumptive mesoderm", "relation": "is_a", "tail": "embryonic tissue"}, {"head": "presumptive neuron", "relation": "is_a", "tail": "cell"}, {"head": "presumptive pigment cell", "relation": "is_a", "tail": "anatomical entity"}, {"head": "presumptive pigment cell", "relation": "is_a", "tail": "cell"}, {"head": "presumptive primordial germ cell", "relation": "is_a", "tail": "anatomical entity"}, {"head": "presumptive primordial germ cell", "relation": "is_a", "tail": "cell"}, {"head": "presumptive stomodeum", "relation": "is_a", "tail": "embryonic structure"}, {"head": "primary podia", "relation": "is_a", "tail": "podia"}, {"head": "primary podia associated neuron", "relation": "is_a", "tail": "adult neuron"}, {"head": "primary pore canal", "relation": "is_a", "tail": "larval structure"}, {"head": "primordial germ cell", "relation": "is_a", "tail": "cell"}, {"head": "prism stage", "relation": "is_a", "tail": "occurrent"}, {"head": "process", "relation": "is_a", "tail": "occurrent"}, {"head": "pyloric sphincter", "relation": "is_a", "tail": "anatomical entity"}, {"head": "pyloric sphincter", "relation": "is_a", "tail": "sphincter"}, {"head": "pyloric sphincteric muscle", "relation": "is_a", "tail": "sphincter muscle"}, {"head": "radial canal", "relation": "is_a", "tail": "anatomical entity"}, {"head": "radial canal", "relation": "is_a", "tail": "anatomical structure"}, {"head": "radial nerve cord", "relation": "is_a", "tail": "anatomical entity"}, {"head": "radial nerve cord", "relation": "is_a", "tail": "neural structure"}, {"head": "reproductive system", "relation": "is_a", "tail": "anatomical system"}, {"head": "reproductive system", "relation": "is_a", "tail": "independent continuant"}, {"head": "right anonymous rod", "relation": "is_a", "tail": "anonymous rod"}, {"head": "right anterolateral arm", "relation": "is_a", "tail": "larval arm"}, {"head": "right anterolateral rod", "relation": "is_a", "tail": "skeletal rod"}, {"head": "right axocoel", "relation": "is_a", "tail": "axocoel"}, {"head": "right axohydrocoel", "relation": "is_a", "tail": "coelom"}, {"head": "right body rod", "relation": "is_a", "tail": "body rod"}, {"head": "right coelomic constriction", "relation": "is_a", "tail": "anatomical entity"}, {"head": "right coelomic constriction", "relation": "is_a", "tail": "anatomical structure"}, {"head": "right coelomic pouch", "relation": "is_a", "tail": "coelom"}, {"head": "right dorsoventral connecting rod", "relation": "is_a", "tail": "skeletal rod"}, {"head": "right hydrocoel", "relation": "is_a", "tail": "hydrocoel"}, {"head": "right lateral chain of skeletogenic mesenchyme", "relation": "is_a", "tail": "anatomical entity"}, {"head": "right lateral chain of skeletogenic mesenchyme", "relation": "is_a", "tail": "embryonic structure"}, {"head": "right lateral ectoderm", "relation": "is_a", "tail": "lateral ectoderm"}, {"head": "right lateral field", "relation": "is_a", "tail": "lateral field"}, {"head": "right posterodorsal arm", "relation": "is_a", "tail": "larval arm"}, {"head": "right posterodorsal rod", "relation": "is_a", "tail": "skeletal rod"}, {"head": "right postoral arm", "relation": "is_a", "tail": "larval arm"}, {"head": "right postoral rod", "relation": "is_a", "tail": "skeletal rod"}, {"head": "right preoral arm", "relation": "is_a", "tail": "larval arm"}, {"head": "right preoral rod", "relation": "is_a", "tail": "skeletal rod"}, {"head": "right recurrent rod", "relation": "is_a", "tail": "skeletal rod"}, {"head": "right somatocoel", "relation": "is_a", "tail": "somatocoel"}, {"head": "right ventral transverse rod", "relation": "is_a", "tail": "skeletal rod"}, {"head": "right ventrolateral skeletogenic mesenchyme cluster", "relation": "is_a", "tail": "anatomical entity"}, {"head": "right ventrolateral skeletogenic mesenchyme cluster", "relation": "is_a", "tail": "embryonic structure"}, {"head": "right ventrolateral triradiate spicule rudiment", "relation": "is_a", "tail": "triradiate spicule rudiment"}, {"head": "ring canal", "relation": "is_a", "tail": "anatomical entity"}, {"head": "ring canal", "relation": "is_a", "tail": "anatomical structure"}, {"head": "rudiment", "relation": "is_a", "tail": "anatomical entity"}, {"head": "rudiment", "relation": "is_a", "tail": "anatomical structure"}, {"head": "rudiment endoskeleton", "relation": "is_a", "tail": "anatomical entity"}, {"head": "rudiment endoskeleton", "relation": "is_a", "tail": "endoskeleton"}, {"head": "rudiment muscle", "relation": "is_a", "tail": "rudiment tissue"}, {"head": "rudiment pigment cell", "relation": "is_a", "tail": "pigment cell"}, {"head": "rudiment structure", "relation": "is_a", "tail": "anatomical entity"}, {"head": "rudiment structure", "relation": "is_a", "tail": "anatomical structure"}, {"head": "rudiment tissue", "relation": "is_a", "tail": "anatomical entity"}, {"head": "rudiment tissue", "relation": "is_a", "tail": "tissue"}, {"head": "scheitel", "relation": "is_a", "tail": "anatomical entity"}, {"head": "scheitel", "relation": "is_a", "tail": "skeletal element"}, {"head": "secondary podia", "relation": "is_a", "tail": "podia"}, {"head": "secondary podia associated neuron", "relation": "is_a", "tail": "adult neuron"}, {"head": "secretory vesicle", "relation": "is_a", "tail": "intracellular part"}, {"head": "sensory neuron", "relation": "is_a", "tail": "neuron"}, {"head": "serotonergic neuron", "relation": "is_a", "tail": "neuron"}, {"head": "skeletal element", "relation": "is_a", "tail": "anatomical structure"}, {"head": "skeletal element", "relation": "is_a", "tail": "independent continuant"}, {"head": "skeletal rod", "relation": "is_a", "tail": "anatomical entity"}, {"head": "skeletal rod", "relation": "is_a", "tail": "skeletal element"}, {"head": "small micromere", "relation": "is_a", "tail": "anatomical entity"}, {"head": "small micromere", "relation": "is_a", "tail": "blastomere"}, {"head": "small micromere descendant cell", "relation": "is_a", "tail": "anatomical entity"}, {"head": "small micromere descendant cell", "relation": "is_a", "tail": "blastomere"}, {"head": "somatocoel", "relation": "is_a", "tail": "coelom"}, {"head": "sperm aster", "relation": "is_a", "tail": "anatomical entity"}, {"head": "sperm aster", "relation": "is_a", "tail": "aster"}, {"head": "spermatozoid", "relation": "is_a", "tail": "gamete"}, {"head": "spermatozoid entry point", "relation": "is_a", "tail": "cell part"}, {"head": "spermatozoid flagellum", "relation": "is_a", "tail": "spermatozoid part"}, {"head": "spermatozoid head", "relation": "is_a", "tail": "spermatozoid part"}, {"head": "spermatozoid part", "relation": "is_a", "tail": "anatomical entity"}, {"head": "spermatozoid part", "relation": "is_a", "tail": "cell part"}, {"head": "sphaeridium", "relation": "is_a", "tail": "appendage"}, {"head": "sphincter", "relation": "is_a", "tail": "digestive system element"}, {"head": "sphincter muscle", "relation": "is_a", "tail": "anatomical entity"}, {"head": "sphincter muscle", "relation": "is_a", "tail": "muscle"}, {"head": "sphincter muscle cell", "relation": "is_a", "tail": "anatomical entity"}, {"head": "sphincter muscle cell", "relation": "is_a", "tail": "cell"}, {"head": "spicule granule", "relation": "is_a", "tail": "spicule rudiment"}, {"head": "spicule rudiment", "relation": "is_a", "tail": "skeletal element"}, {"head": "spine", "relation": "is_a", "tail": "appendage"}, {"head": "stomodeum", "relation": "is_a", "tail": "anatomical entity"}, {"head": "stomodeum", "relation": "is_a", "tail": "embryonic structure"}, {"head": "stone canal", "relation": "is_a", "tail": "anatomical entity"}, {"head": "stone canal", "relation": "is_a", "tail": "anatomical structure"}, {"head": "subequatorial skeletogenic mesenchyme ring", "relation": "is_a", "tail": "anatomical entity"}, {"head": "subequatorial skeletogenic mesenchyme ring", "relation": "is_a", "tail": "embryonic structure"}, {"head": "swimming blastula stage", "relation": "is_a", "tail": "occurrent"}, {"head": "synaptotagmin-B neuron", "relation": "is_a", "tail": "neuron"}, {"head": "syncytium", "relation": "is_a", "tail": "cell"}, {"head": "testis", "relation": "is_a", "tail": "gonad"}, {"head": "tip of archenteron", "relation": "is_a", "tail": "anatomical entity"}, {"head": "tip of archenteron", "relation": "is_a", "tail": "anatomical region"}, {"head": "tissue", "relation": "is_a", "tail": "anatomical structure"}, {"head": "tissue", "relation": "is_a", "tail": "independent continuant"}, {"head": "tooth", "relation": "is_a", "tail": "anatomical structure"}, {"head": "tooth", "relation": "is_a", "tail": "independent continuant"}, {"head": "transferase activity", "relation": "is_a", "tail": "catalytic activity"}, {"head": "transferase activity, transferring phosphorus-containing groups", "relation": "is_a", "tail": "transferase activity"}, {"head": "triradiate spicule rudiment", "relation": "is_a", "tail": "anatomical entity"}, {"head": "triradiate spicule rudiment", "relation": "is_a", "tail": "spicule rudiment"}, {"head": "unpaired coelomic pouch", "relation": "is_a", "tail": "coelom"}, {"head": "veg-1 oral ectoderm", "relation": "is_a", "tail": "anatomical region"}, {"head": "veg-1 oral ectoderm", "relation": "is_a", "tail": "independent continuant"}, {"head": "veg1-lateral ectoderm", "relation": "is_a", "tail": "anatomical region"}, {"head": "veg1-lateral ectoderm", "relation": "is_a", "tail": "independent continuant"}, {"head": "vegetal ciliary band", "relation": "is_a", "tail": "embryonic structure"}, {"head": "vegetal cortex", "relation": "is_a", "tail": "cell cortex"}, {"head": "vegetal ectoderm", "relation": "is_a", "tail": "anatomical entity"}, {"head": "vegetal ectoderm", "relation": "is_a", "tail": "anatomical region"}, {"head": "vegetal hemisphere", "relation": "is_a", "tail": "anatomical structure"}, {"head": "vegetal hemisphere", "relation": "is_a", "tail": "independent continuant"}, {"head": "vegetal plate", "relation": "is_a", "tail": "anatomical region"}, {"head": "vegetal plate", "relation": "is_a", "tail": "independent continuant"}, {"head": "vegetal plate stage", "relation": "is_a", "tail": "occurrent"}, {"head": "vegetal pole", "relation": "is_a", "tail": "anatomical region"}, {"head": "vegetal pole", "relation": "is_a", "tail": "independent continuant"}, {"head": "vegetal quartet", "relation": "is_a", "tail": "cell tier"}, {"head": "vegetal tier 1", "relation": "is_a", "tail": "anatomical entity"}, {"head": "vegetal tier 1", "relation": "is_a", "tail": "cell tier"}, {"head": "vegetal tier 1 lower", "relation": "is_a", "tail": "anatomical entity"}, {"head": "vegetal tier 1 lower", "relation": "is_a", "tail": "cell tier"}, {"head": "vegetal tier 1 upper", "relation": "is_a", "tail": "anatomical entity"}, {"head": "vegetal tier 1 upper", "relation": "is_a", "tail": "cell tier"}, {"head": "vegetal tier 2", "relation": "is_a", "tail": "anatomical entity"}, {"head": "vegetal tier 2", "relation": "is_a", "tail": "cell tier"}, {"head": "vegetal tier 2 lower", "relation": "is_a", "tail": "anatomical entity"}, {"head": "vegetal tier 2 lower", "relation": "is_a", "tail": "cell tier"}, {"head": "vegetal tier 2 upper", "relation": "is_a", "tail": "anatomical entity"}, {"head": "vegetal tier 2 upper", "relation": "is_a", "tail": "cell tier"}, {"head": "ventral arm tip ectoderm", "relation": "is_a", "tail": "anatomical entity"}, {"head": "ventral arm tip ectoderm", "relation": "is_a", "tail": "anatomical region"}, {"head": "ventral ectoderm", "relation": "is_a", "tail": "anatomical region"}, {"head": "ventral ectoderm", "relation": "is_a", "tail": "independent continuant"}, {"head": "ventral foregut", "relation": "is_a", "tail": "anatomical entity"}, {"head": "ventral foregut", "relation": "is_a", "tail": "anatomical region"}, {"head": "ventral hindgut", "relation": "is_a", "tail": "anatomical entity"}, {"head": "ventral hindgut", "relation": "is_a", "tail": "anatomical region"}, {"head": "ventral midgut", "relation": "is_a", "tail": "anatomical entity"}, {"head": "ventral midgut", "relation": "is_a", "tail": "anatomical region"}, {"head": "ventral non-skeletogenic mesoderm", "relation": "is_a", "tail": "anatomical entity"}, {"head": "ventral non-skeletogenic mesoderm", "relation": "is_a", "tail": "embryonic tissue"}, {"head": "ventral skeletogenic mesenchyme chain", "relation": "is_a", "tail": "anatomical entity"}, {"head": "ventral skeletogenic mesenchyme chain", "relation": "is_a", "tail": "embryonic structure"}, {"head": "very early blastula stage", "relation": "is_a", "tail": "occurrent"}, {"head": "very late blastula stage", "relation": "is_a", "tail": "occurrent"}, {"head": "vestibular pore", "relation": "is_a", "tail": "anatomical entity"}, {"head": "vestibular pore", "relation": "is_a", "tail": "anatomical structure"}, {"head": "vestibule", "relation": "is_a", "tail": "larval structure"}, {"head": "vitelline membrane", "relation": "is_a", "tail": "acellular membrane"}, {"head": "vitelline membrane", "relation": "is_a", "tail": "anatomical entity"}, {"head": "water vascular system", "relation": "is_a", "tail": "anatomical system"}, {"head": "water vascular system", "relation": "is_a", "tail": "independent continuant"}, {"head": "whole organism", "relation": "is_a", "tail": "anatomical structure"}, {"head": "whole organism", "relation": "is_a", "tail": "independent continuant"}, {"head": "zygote stage", "relation": "is_a", "tail": "life cycle stage"}, {"head": "zygote stage", "relation": "is_a", "tail": "occurrent"}]